{
	"Meta(Acqusition)": {
		"doc_id": "REPORT-literature-07440",
		"doc_category": "REPORT",
		"doc_type": "literature",
		"doc_name": "화분",
		"author": "이효석",
		"publisher": null,
		"publisher_year": null,
		"doc_origin": "저작권위원회"
	},
	"Meta(Refine)": {
		"passage_id": "REPORT-literature-07440-07440",
		"passage": " “지금은 안돼요. 취하신 얼굴엔 싫어요.” “세상의 술 취한 아저씨는 인사를 못 받아 보겠네.” “그럼은요. 술내 나는 얼굴에다 추접스럽잖아요.” “요 말버릇 봐라.” 현마는 정색하면서 미란의 팔을 잡아 낚은다. “승낙한 이상 내 임의거든.” 미란은 겁을 먹으면서 손을 빼려고 애쓴다. “안돼요. 내일 아침 맑은 정신 때 해드릴께요.” “이러긴가.” “인사하는 사람의 맘이지 받는 사람의 맘인가요.” “어디 보자. 제 청만 제 청이라구 남의 생각은 조금도 안 하구.” 손을 놓는 현마는 저윽이 불만스런 모양이다. 겸연쩍은지 남은 차를 마셔 버리고는 자리를 일어서는 것을 보면 미란은 미안한 생각도 나서 목소리를 누그려 본다. “아저씨 대접을 깎듯이 해 드리려니까 그렇죠.” “그만둬.” 투덜투덜 나가는 등뒤에다 한마디 더 던져 본다. “내일 아침 잊지 않을께요. 어서 편히 주무세요.” 그러나 자기 방에 들어가 자러 드느냐 하면 그렇지도 않고 방에서 모자를 쓰고 나오더니 복도를 쿵쿵쿵 돌아 다시 밖으로 나가는 모양이었다. 또 술 을 먹으러 나가는 것일까내가 잘못한 것일까 이모저모 생각하면서 차 차 잠을 이루어 갈 때 현마는 여관을 나와 밤거리를 헤매면서 미란이 모르 는 세상 현마 같은 어른들만이 아는 밤 세상을 찾아 가는 것이었다. 집을 떠난 지 여러 날 만이었다. 미란과 같이 거동하게 되는 까닭에 하는 수 없 는 노릇이었으나 그로서는 오랫동안 깨끗한 청교도의 생활을 하게 된 것을 오늘은 도리어 마음속으로 비웃어도 보며 터무니없는 투정질이나 하듯 화를 내면서 비틀비틀 처음 보는 골목을 뒤지는 것이었다…….\n",
		"passage_Cnt": 794
	},
	"Annotation": {
		"summary1": "술내 나는 얼굴에는 싫다는 미란을 현마는 정색하며 팔을 잡아낚는다.",
		"summary2": null,
		"summary3": "“지금은 안돼요. 취하신 얼굴엔 싫어요.” “세상의 술 취한 아저씨는 인사를 못 받아 보겠네.” “그럼은요. 술내 나는 얼굴에다 추접스럽잖아요.” “요 말버릇 봐라.” 현마는 정색하면서 미란의 팔을 잡아 낚은다. “승낙한 이상 내 임의거든.” 미란은 겁을 먹으면서 손을 빼려고 애쓴다.",
		"summary_3_cnt": 160
	}
}