{
	"Meta(Acqusition)": {
		"doc_id": "REPORT-literature-07300",
		"doc_category": "REPORT",
		"doc_type": "literature",
		"doc_name": "프렐류드",
		"author": "이효석",
		"publisher": null,
		"publisher_year": null,
		"doc_origin": "저작권위원회"
	},
	"Meta(Refine)": {
		"passage_id": "REPORT-literature-07300-07300",
		"passage": " “ ─ 나는 단연코 죽을 것이다.” 어떻든 이 결론을 마지막으로 중얼거렸을 때에 주화의 창백한 얼굴에는 한 단락을 지은 뒤의 비장하고 침착한 표정이 떠올랐다. ─ 마지막 작정을 하고 등의자에서 일어선 주화는 문득 책시렁 위에 놓인 거 울 속에 비친 그의 이지러진 용모에 새삼스럽게 놀라지 않을 수 없었다. 깎 아 내린 듯이 여윈 두 볼, 윤택 없는 두 눈, 그 자신이 정이 떨어졌다. 이렇 게 여위고서야 사실 죽는 것이 마땅할 것이다. ─ 고 그는 생각하였다. 벽 위에 붙인 마르크스의 초상이 가련히 여겨서인지 그를 듬짓이 내려다보았 다. 주화는 그의 체면으로는 차마 정면으로는 마르크스를 딱 치어다보지 못하였다. “마르크스도 지금의 나와 같이 마음과 물질에 있어서 이렇게까지 궁해 본 적이 있었을까” 하고 생각하였을 때에 그러나 주화는 별안간 불끈 솟아오르는 반감을 느꼈 다. 그의 조상이요, 스승이요, 동지인 마르크스에 대하여 그는 전에 없던 반감을 이제 불현듯이 느꼈던 것이다. 신경질로 떨리는 그의 손은 어느 결엔지 벽 위의 초상을 뜯어 물었다. 다음 순간 마르크스의 수염이 한 사람의 제자의 손에서 가엾게도 쭉쭉 찢겼다. “죽어가는 마지막 날에 이 호인인 아저씨에게 작별의 절을 못할망정 이렇 게까지 참혹하게 그를 모 욕할 필요가 있었을까.” 찢어진 초상화의 조각조각이 어지러운 방바닥에 휘날려 떨어질 때 주화에 게는 한 줌의 후회가 없을 수 없었다. 별안 간의 그의 신경의 격동과 경솔한 거동을 책망하지 않을 수 없었다. 이렇게까지 히스테릭한 것도 결국 이 며 칠 동안 굶었던 탓이 아닐까 하고 생각하니 그 자신의 가련한 신세에 눈물 이 푹 솟았다.\n",
		"passage_Cnt": 819
	},
	"Annotation": {
		"summary1": "그는 신경질적으로 떨리는 손으로 벽 위의 초상을 뜯어 물었다가 그의 신경의 격동과 경솔한 거동을 책망하며 자신의 가련한 신세에 눈물을 흘렸다.",
		"summary2": null,
		"summary3": "별안 간의 그의 신경의 격동과 경솔한 거동을 책망하지 않을 수 없었다. 이렇게까지 히스테릭한 것도 결국 이 며 칠 동안 굶었던 탓이 아닐까 하고 생각하니 그 자신의 가련한 신세에 눈물 이 푹 솟았다. 신경질로 떨리는 그의 손은 어느 결엔지 벽 위의 초상을 뜯어 물었다.",
		"summary_3_cnt": 152
	}
}