{
	"Meta(Acqusition)": {
		"doc_id": "REPORT-literature-07496",
		"doc_category": "REPORT",
		"doc_type": "literature",
		"doc_name": "선화공주",
		"author": "현진건",
		"publisher": null,
		"publisher_year": null,
		"doc_origin": "저작권위원회"
	},
	"Meta(Refine)": {
		"passage_id": "REPORT-literature-07496-07496",
		"passage": " 대번에 목을 찌르거나 배를 갈라 버리면 쉽사리 요정이 날 것이지만, 그것 은 너무 보잘것없고 열쩍은 짓 같았다. 대장부의 죽음으론 너무도 무성무취 하지 않으냐. 이왕 목숨을 떼어떼어 다음에야, 필마단도로 적진에 짓쳐 들어가 힘껏 마 음껏 능란한 검술 솜씨를 부릴 대로 부리어 추풍낙엽같이 적장과 적군의 목 을 무수히 버히다가, 세궁역진, 칼이 부러지거든 비장한 죽음의 길로 나아 가는 것이 가장 통쾌할 것 같았다. ─ 가자, 백제의 변경으로 가자. 지금 백제 군사가 쳐들어와서 분요를 일 으켰다는 속함(速含), 앵잠(櫻岑),기잠(蚑岑) 등 육성(六城)으로 가자. 거 기야말로 죽을 땅이 나를 기다리리라. 내일 아버지께 여쭈고 출전을 자 원할까도 싶었으나, 좀체 아버지께서 허락해 주실 것 같지도 않고, 설령 아버지께서는 이 비장한 청을 들어 주신다 해 도, 이미 부마로 작정된 몸이라, 나라에서 허락해 주실 리 만무할 듯하였 다. 가자면, 차라리 아무도 몰래 이 밤으로라도 길을 재촉하는 수밖에 없다.\n─ 칠부는 벽에 걸린 단도를 떼어 허리에 차 보았다. 정말 밤길을 떠나려고 단단히 결심한 사람 모양으로 칼을 차고 전포(戰袍)를 갈아 입으니, 차비는 이만하면 그만이었다. 문을 박차고 나서려다가 말고, 그는 잠깐 망설이었다. ─ 그런 데……꽃 애기 씨를. 전지에 나가서 모든 것을 잊어버리고 죽는 것은 좋지마는, 죽기 한 거름 전에 꽃 애기씨의 얼굴이 보고 싶다. 의엿한 작별 인사는 못할지언정 먼 빛 으로라도 바라보고, 제 마음으로나마 작별을 하기 전에는 차마 발길이 떨어 지지 않을 듯하였다.\n",
		"passage_Cnt": 784
	},
	"Annotation": {
		"summary1": "부마로 작정된 몸이라 나라에서도 출전을 허락해 줄리 만무하고 죽기 전에 꽃 애기씨 얼굴이 보고 싶지만 가려면 차라리 이 밤에 길을 서두르는 수밖에 없다.",
		"summary2": null,
		"summary3": "전지에 나가서 모든 것을 잊어버리고 죽는 것은 좋지마는, 죽기 한 거름 전에 꽃 애기씨의 얼굴이 보고 싶다. 가자면, 차라리 아무도 몰래 이 밤으로라도 길을 재촉하는 수밖에 없다. 내일 아버지께 여쭈고 출전을 자 원할까도 싶었으나, 좀체 아버지께서 허락해 주실 것 같지도 않고, 설령 아버지께서는 이 비장한 청을 들어 주신다 해 도, 이미 부마로 작정된 몸이라, 나라에서 허락해 주실 리 만무할 듯하였 다.",
		"summary_3_cnt": 229
	}
}