{
	"Meta(Acqusition)": {
		"doc_id": "REPORT-literature-07687",
		"doc_category": "REPORT",
		"doc_type": "literature",
		"doc_name": "노총각의 만복(晩福)",
		"author": "차상찬",
		"publisher": null,
		"publisher_year": null,
		"doc_origin": "저작권위원회"
	},
	"Meta(Refine)": {
		"passage_id": "REPORT-literature-07687-07687",
		"passage": "그런데 박좌수는 평소 고도령을 매우 귀여워하는 까닭에 비 오는 날이나 혹 밤 같은 때에 틈만 있으면 고도령이 박좌 수를 찾아 가고 박좌수도 또 고도 령을 찾어 가서 혹은 유익한 옛 이야기도 하고 혹은 우스운 이야기도 하고 또 흔히 서로 장기도 두었다.\n하루는 비가 부슬부슬 와서 밖의 일은 할 수 없으므로 고도령도 집에서 짚 신 한 켜레를 삼아 놓고는 심심한 여가를 풀을 겸 박좌수 집을 찾아가서 의 례히 하던 모양으로 박좌수와 같이 장기를 두게 되었다.\n한판 두판 세판…혹은 이기고 혹은 지고 하여 몇 판을 두다가 고도령은 박 좌 수를 치어다 보며 \"좌수님, 장기를 그대로만 늘 두게 되니까 너무 심심합니다. 이제부터는 무슨 내기를 하면 어떠할가요.\" 하니 박좌수도 웃으며 \"아 ─ 그것도 좋지, 그러나 무슨 내기를 하나?\" 하고 물었다.\n고도령은 또 웃으며 말하되 \"황송한 말씀이나 이런 내기를 하시면 어떠하실가요, 저는 아무것도 가진 것도 없고 다만 노동일 하는 것 밖에 없으니까 제가 만일 진다면 새경(賃 金)도 받지 않고 댁에서 일년 동안 머슴 살이 해 드리고, 또 댁에도 별 재 산이 없고 딸만 가지고 계시니까 좌수님이 지시게 되면 저를 사위를 삼으 시면 어떠하실는지요.\" 하였다. 아까까지도 얼굴에 웃음만 띄고 있던 박좌수는 별안간 성을 버럭 내며 \"예끼 ── 미친놈 같으니 농담도 분수가 있지 그런 말이 어디 있단 말이 냐. 늙은이가 심심해서 아무리 너같은 애들을 데리고 장기를 두기로서니 그런 버르장머리 없는 말을 함부로 한단 말이냐. 너같이 함부로 버릇없이 구는 놈과는 다시 대면도 하기 싫으니 냉큼 네 집으로 가거라.\" 하였다. 고도령도 처음에 그러한 말을 농담 삼아 하였지만 그가 정색으로 그 렇게 핀잔을 주니 그만 부끄럽고 무안하여 얼굴 빛이 벌겋게 되어 머리를 잘 들지도 못하고 그냥 집으로 돌아갔다.\n",
		"passage_Cnt": 911
	},
	"Annotation": {
		"summary1": "박좌수와 몇 판째 장기를 두던 고도령이 내기를 하자고 하니 박좌수도 웃으며 좋다고 했다.",
		"summary2": null,
		"summary3": "한판 두판 세판…혹은 이기고 혹은 지고 하여 몇 판을 두다가 고도령은 박 좌 수를 치어다 보며 \"좌수님, 장기를 그대로만 늘 두게 되니까 너무 심심합니다. 이제부터는 무슨 내기를 하면 어떠할가요.\" 하니 박좌수도 웃으며 \"아 ─ 그것도 좋지, 그러나 무슨 내기를 하나?\" 하고 물었다.",
		"summary_3_cnt": 159
	}
}