{
	"Meta(Acqusition)": {
		"doc_id": "REPORT-literature-07426",
		"doc_category": "REPORT",
		"doc_type": "literature",
		"doc_name": "별",
		"author": "현경준",
		"publisher": null,
		"publisher_year": null,
		"doc_origin": "저작권위원회"
	},
	"Meta(Refine)": {
		"passage_id": "REPORT-literature-07426-07426",
		"passage": " 그리고 어떤 집 여편네는 생전 처음 보는 선생의 앞에서 훌쩍거리며 목메 인 소리로 “벌써 두 달이나 풀만 뜯어 먹구 지났수다. 저는 밤낮 월사금을 내라구 야단치며 울지만 글쎄 어떻게 변통할 수가 있어야지요. 아유 기가 막혀서 웬만하면 저 하나만은 그래 보통학교나 보내서 하다 못하면 사무소 심부름 을 해먹더라도 일본말깨나 배우게 하려구 했는데요. 아이구 기가 막혀서.” 하면서 방정맞게 눈물을 쪽쪽 흘리는 것을 보고 그는 더 돌아볼 생각도 없 이 그대로 돌아서고 말았다. 아이들은 집집마다 죄다 어디로 가고 없는지 하나도 만나볼 수가 없고 간 혹 만나게 된다면 무슨 잘못을 저지르고 들키기나 한 것처럼 슬슬 꽁무니를 빼는 것을 볼 때 명우는 어쩐 일인지 눈자위가 뜨거워짐을 느꼈다. 해가 서산으로 누엿누엿 넘어갈 때 그는 고개 밑 마을에 이르러서 마을에 들까 말까 잠시 동안 생각하다가 누군지 마을에서 이쪽으로 뛰어나오는 여남 은 살 되어 뵈는 아이를 보고 길역 언덕 위에 선뜻 올라섰다. 아이는 무에라고 악을 쓰며 내닫고 그 뒤에는 부지깽이 같은 것을 손에 쥔 여편네가 그도 무에라고 떠들며 뒤쫓아 나온다. “요 때려죽일 새끼야. 가문 너 지금 어디로 갈 테냐?” “내 나뭇가지구 내가 팔려는데 왜 때려.” “뭣이 어째? 요 새끼 그럼 너 나무만 걸머지구 냉큼 나가라.” “나가라문 나갔지 못 나갈 줄 아니?” “머 어째? 어서 나가 뒈저라.” 쫓으며 쫓기며 명우의 앞에까지 이르렀을 때 아이는 깜짝 놀라 멎어선 다 음 어쩔 줄을 모른다.\n",
		"passage_Cnt": 752
	},
	"Annotation": {
		"summary1": "명우는 간혹 만나게 되는 아이들이 슬슬 꽁무니를 빼는 것을 보고 눈자위가 뜨거워짐을 느꼈다.",
		"summary2": null,
		"summary3": "아이들은 집집마다 죄다 어디로 가고 없는지 하나도 만나볼 수가 없고 간 혹 만나게 된다면 무슨 잘못을 저지르고 들키기나 한 것처럼 슬슬 꽁무니를 빼는 것을 볼 때 명우는 어쩐 일인지 눈자위가 뜨거워짐을 느꼈다.",
		"summary_3_cnt": 117
	}
}