{
	"Meta(Acqusition)": {
		"doc_id": "REPORT-literature-07293",
		"doc_category": "REPORT",
		"doc_type": "literature",
		"doc_name": "학병수첩",
		"author": "김동인",
		"publisher": null,
		"publisher_year": null,
		"doc_origin": "저작권위원회"
	},
	"Meta(Refine)": {
		"passage_id": "REPORT-literature-07293-07293",
		"passage": "학병 수첩 이 손이 사람를 죽였다. 이 주판이나 놓고 편지나 쓰고 하던 맵시나고 아름다운 손이 사람를 죽였 다! 전쟁 마당에서 한 병정이 적병 몇 백쯤를 죽였다니기로서니 무엇이 신기하 고 무엇이 이상하랴만 이 맵시 나는 손으로 잡은 총검이 적인 호주 출신의 영국군의 가슴에 쿡 틀어박혀서 그를 즉사하게 한 것이다. 무슨 은원이 있를 까닭도 없고 무슨 이해관계가 있를 까닭도 없는 생면부 지의 사람…… 단지 나는 일본군의 한 사람이고, 저는 영국군의 한 사람이 라는 인연으로 오늘 내 칼 아래 가련한 죽음를 한 것이었다. 그리고 내 칼 이 만약 10분의 1초만 늦었더라면 그의 칼이 내 가슴에 박혀서 내가 도리어 가련한 죽음를 할 것이 아니었던가. 전쟁이란 이런 것인가. 나는 그를 왜 죽였나. 그는 왜 나를 죽이려했는가.\n이런 소리는 너무도 평범하다. 다만 검티티하고 태산 같은 호주인이 납함 (妠喊)를 하며 우리를 향해 습격해오고, 우리 역시 돌격 호령 아래 적진를 향하여 쇄도할 때에…… 무아무중으로 달려간 뿐이지 이 전쟁 이겨야 하겠 다든가 져서는 안된다든가 그런 생각은 할 여지가 없었다. 적과 우리와의 간격이 열 간으로 다섯 간으로 한 간으로 줄어들어가는 순 간순간 다만 들리는 것은 폭포 소리 같은 납함뿐이요, 보이는 것은 태산이 내게 부서져 내리는 듯한 적병의 쇄도뿐이었다. 최후의 순간…… 적과 백병전이 벌어지려는 그 순간 내 옆구리에 힘 있게 낀 총검은 적의 가슴를 향하여…….\n",
		"passage_Cnt": 725
	},
	"Annotation": {
		"summary1": "적과 우리와의 간격이 줄어들어가는 순간순간 납함이 들리고 적병의 쇄도가 보였다.",
		"summary2": null,
		"summary3": "적과 우리와의 간격이 열 간으로 다섯 간으로 한 간으로 줄어들어가는 순 간순간 다만 들리는 것은 폭포 소리 같은 납함뿐이요, 보이는 것은 태산이 내게 부서져 내리는 듯한 적병의 쇄도뿐이었다.",
		"summary_3_cnt": 106
	}
}