{
	"Meta(Acqusition)": {
		"doc_id": "REPORT-literature-07506",
		"doc_category": "REPORT",
		"doc_type": "literature",
		"doc_name": "얼어죽은 모나리자",
		"author": "채만식",
		"publisher": null,
		"publisher_year": null,
		"doc_origin": "저작권위원회"
	},
	"Meta(Refine)": {
		"passage_id": "REPORT-literature-07506-07506",
		"passage": " “정말?” “그럼…… 내가 거짓말할 줄 아냐…… 자 그럼 나 돌아오는 장날 올께 응. “ “꼬옥 ?” “응 꼭……” 오목이는 문지방을 짚고 서서 돌아가는 금출이의 발자국 소리에 귀를 기울 이고 있다. 아까 조금 조금 부르던 그런 창가나 부르지 아니하나 하고 기다 렸으나 그대로 발자국 소리만 감감히 사라져버리고 만다. 오목이는 영영 금 출이를 놓쳐버리고 만 것만 같아 다시금 눈물이 쏟아져 내렸다. 오목이네는 마침 점심때라 떡을 팔기에 한창 분주하다. 날이 흐려서 비가 올까 염려는 되었지만 그 대신 춥지 아니한 것이 다행이다. 또 호박을 무우말랭이 썰듯 썰어 많이 두고 켜를 두텁게 해서 팥고명을 얹 은 호박떡은 아무나 먹기는 별미다. 더구나 그놈을 식지 않게 하느라고 솜 둔 누더기로 시루를 둘러싸고 꼭 맞는 나무 뚜껑으로 덮었기 때문에 떡 한 시루가 동이 나도록 김이 무럭무럭 올라 뜨끈뜨끈해 보이는 것이 지나가는 사람의 구미를 당기게 한다. 오목이네는 벌써 일 년이나 두고 이 황화전(드팀전) 옆에서 떡장사를 하기 때문에 철을 따라 보피떡, 인절미, 송편, 무우시루떡 그리고 겨울 한철은 호박떡─ 아주 이 장에서는 낯익은 단골이 되고 토박이 장꾼들은 떡 생각이 나면 이리로 찾아오기까지 하게 되었다. 오늘도 오목이네의 그 육중(!) 한 노점 앞에는 네 사람이 제가끔 호박떡 한 사발씩을 받아 들고 혹은 선 채로 혹은 한편으로 비켜 앉아 먹고 있고 두어 사람이나는 그릇이 나기를 기다리고 있다. 오 전이면 한 사발이니 요 기는 든든히 된다. 그래서 한참 이렇게 분주한 판에 남편 두성이가 한 어깨 에 짚신 한 죽을 그대로 둘러맨 채 가만히 석 장을 한 팔로 질질 끌면서 뿌 루퉁해가지고 이리로 온다.\n",
		"passage_Cnt": 844
	},
	"Annotation": {
		"summary1": "별미인 호박떡은 식지 않게 솜 둔 누더기로 시루를 둘러싸고 나무 뚜껑으로 덮었기에 김이 무럭무럭 올라 지나가는 사람의 구미를 당긴다.",
		"summary2": null,
		"summary3": "또 호박을 무우말랭이 썰듯 썰어 많이 두고 켜를 두텁게 해서 팥고명을 얹 은 호박떡은 아무나 먹기는 별미다. 더구나 그놈을 식지 않게 하느라고 솜 둔 누더기로 시루를 둘러싸고 꼭 맞는 나무 뚜껑으로 덮었기 때문에 떡 한 시루가 동이 나도록 김이 무럭무럭 올라 뜨끈뜨끈해 보이는 것이 지나가는 사람의 구미를 당기게 한다.",
		"summary_3_cnt": 179
	}
}