{
	"Meta(Acqusition)": {
		"doc_id": "REPORT-literature-07274",
		"doc_category": "REPORT",
		"doc_type": "literature",
		"doc_name": "경희의 빈 도시락-1",
		"author": "최병화",
		"publisher": null,
		"publisher_year": null,
		"doc_origin": "저작권위원회"
	},
	"Meta(Refine)": {
		"passage_id": "REPORT-literature-07274-07274",
		"passage": " 오래간만에 신문 한 장을 팔려던 숙희는 자동차에 부닥쳐 단단한 아스팔트 위에다가 신문을 동댕이치고 나둥그러져 버렸습니다. “자동차에 애가 치었다.” 교통이 복잡한 곳이라 잠깐 동안에 사람들이 겹겹이 모여 들었습니다. 전차 가 서로 꼬리를 물고 서 있고 자동차, 자전거도 사람 때문에 정거를 하였습 니다. 순사가 뛰어와서 사람들을 쫓기 시작하였습니다. 숙희는 곧 그 근처 병원으 로 데려가서 응급 치료를 하게 되었습니다. 바로 그때 병원으로 한 소녀가 가만히 들어왔습니다. 그 소녀는 XX여자 보통학교 5학년 학생으로 이름은 김경희라고 부르며, 자 동차에 치인 신문팔이 소녀 숙희와 한 반 동무였습니다. 오늘 학교에서 파하여 백화점으로 학용품을 사러 가다가 자동차에 치인 소 녀가 자기와 한 반인 숙희인 것을 알고 병원을 찾아온 것이었습니다. 숙희네 집은 경희네 집에서 그리 멀지 않은 곳입니다. 아버지는 일찍이 돌 아 가시고, 어머님께서 남의 바느질품을 파셔서 근근이 살아가시며 숙희의 학 비를 대주셨습니다. 그런데 어머니께서 힘든 일을 많이 하신 탓으로 몸이 무 척 고되어서 나중에는 병환이 나시어 자리에 눕게까지 되셨습니다. 어머니가 자리에 누워 계시니, 숙희네 집은 그날 먹을 밥도 걱정되리만큼 더한층 어려워졌습니다. 올해 13살밖에 되지 아니한 숙희는 집안 사정이 이 러므로 학교를 결석하고라도 얼마 안되는 돈이나마 벌어서 어머니께 죽이 라도 쑤어드릴까 하고 부끄러움을 무릅쓰고 신문팔이가 된 것이었습니다.\n",
		"passage_Cnt": 737
	},
	"Annotation": {
		"summary1": "숙희는 신문을 팔려다가 자동차에 부닥쳐 병원으로 데려가 치료를 하게 되었다.",
		"summary2": null,
		"summary3": "오래간만에 신문 한 장을 팔려던 숙희는 자동차에 부닥쳐 단단한 아스팔트 위에다가 신문을 동댕이치고 나둥그러져 버렸습니다. 숙희는 곧 그 근처 병원으 로 데려가서 응급 치료를 하게 되었습니다.",
		"summary_3_cnt": 107
	}
}