{
	"Meta(Acqusition)": {
		"doc_id": "REPORT-literature-07298",
		"doc_category": "REPORT",
		"doc_type": "literature",
		"doc_name": "독와사",
		"author": "김정진",
		"publisher": null,
		"publisher_year": null,
		"doc_origin": "저작권위원회"
	},
	"Meta(Refine)": {
		"passage_id": "REPORT-literature-07298-07298",
		"passage": "그는 기생 소문을 잘 듣기 까닭이다. 그 밖에 학자, 노동자 등의 별명이 있 거니와 가장 알기 어려운 별명을 가진 것이 안의관이다. 그의 별명은 ‘연 통’이라고 부르나 그 의미는 대수의 방정식처럼 여러 번 풀지 아니하면 알 수가 없다. 쉽게 말하자면 ‘뚜쟁이’이라는 의미나 그중에 ‘뚜’하는 음을 떼어다가 공장 연통을 연상한 것이다.\n5회 강화대사 한 치각이 안으로 들어간 뒤에 아무 재미도 없는 헛내기 바둑 마작에 차차 싫증이 나게 된 그들은 허연 붕대로 얼굴을 동이고 들어온 심참봉이 얼마쯤 새 흥미를 끌게 되었다.\n이런 뭔 일으로 얼굴을 상하였던지 그것은 둘째 문제로 하더라도 여하간 날마다 이마를 한데 대이고 모여서 노는 친구의 한 사람이 별안간에 얼굴에 상처가 뵈인다 하면 다소간 마음에 놀라운 생각도 날 것이요, 그러한 정의 가 없다 하면 다만 반말로 동정이라도 하는 것이 이 세상의 보통 인사이다.\n그러나 모든 성의와 인정감이 미비된 그들 사이에는 그러한 표정도 없으려 니와 동정의 말 한 마디가 없다. 만일 지위를 바꾸어 이 집 주인 한 치각이가 그러한 힁액을 당하였다 하면 그들은 덤비며 만지며 모든 표정을 다해서라도 가엾다는 동정을 나타내었을 터나 일 년 열두 달에 쓴 술 한잔 담배 한 개의 은택이 없는 심참봉에게는 구태여 자기의 신경을 긴장시켜가며 그런 인사를 할 필요가 없다고 생각한다. 다만 그들 사이에는 눈앞에서 어른거리 는 돈푼나 술잔나 요리접시 외에는 아무 감촉이 없다. 만일 그들이 가 지고 있는 이러한 단순하고 저렴한 욕구를 없애버린다면 어떤 의미에서 그 들은 감정을 초월한 인간이라고 할 만치 모든 신경이 마비되어 있다.\n",
		"passage_Cnt": 816
	},
	"Annotation": {
		"summary1": "안의관이 가진 연통이란 별명의 의미는 공장 연통과 뚜쟁이를 합한 것이다.",
		"summary2": null,
		"summary3": "그 밖에 학자, 노동자 등의 별명이 있 거니와 가장 알기 어려운 별명을 가진 것이 안의관이다. 그의 별명은 ‘연 통’이라고 부르나 그 의미는 대수의 방정식처럼 여러 번 풀지 아니하면 알 수가 없다. 쉽게 말하자면 ‘뚜쟁이’이라는 의미나 그중에 ‘뚜’하는 음을 떼어다가 공장 연통을 연상한 것이다.",
		"summary_3_cnt": 167
	}
}