{
	"Meta(Acqusition)": {
		"doc_id": "REPORT-literature-07285",
		"doc_category": "REPORT",
		"doc_type": "literature",
		"doc_name": "폭군",
		"author": "최서해",
		"publisher": null,
		"publisher_year": null,
		"doc_origin": "저작권위원회"
	},
	"Meta(Refine)": {
		"passage_id": "REPORT-literature-07285-07285",
		"passage": " 춘삼이는 아버지가 돌아가신 날부터 전방 문을 닫아채워 버렸다. 그 뒤 로 그의 입은 술, 계집, 골패, 투전, 싸움이었다. 나중은 술게걸이라는 별명까지 받았다. 밭고랑이나 있던 것은 어느 틈에 다 날아가 버리고 집 문권까지 남의 손에 가 버렸다. 그리고는 학범 어미가 닭도 치고, 도야지 도 기르고, 삯바느질도 하여 푼푼이 모은 것까지 술값, 투전 채로 쪽쪽 훑 었다. 그것도 부족하여 생트집을 툭툭 부리고 여편네를 때린다, 세간을 모은다, 야단을 쳤다. 나중은 처갓집까지 팔아 없애서 친정 어머니는 딸 을 따라와서 같이 있으면서 사위의 갖은 학대와 괄시를 받다가 작년 겨울 에 돌아가셨다. 그는 죽을 때에 학범이와 딸의 손목을 잡고 섧게 섧게 울 다가 눈 못 감고 죽었다. “학범 엄마! 사람의 한뉘〔一生〕라는 게 쓰리니라. 학범 아버지가 후회할 날이 있겄으니 너는 일절 골을 내지 말고 공대를 하고 순종해라. 마음을 잘 쓰면 다 그 값은 받너니라. 학범이 잘 자라도 그게 복받는 게 아니냐? 휴유! 어쨌든 네 아비가 못된 것이너니라. 에구 참 불쌍도 하지 우리 학 범 어미는! 하고 점점 틀려 가는 눈에서 소리 없는 눈물이 방울방울 흘렀다. 때는 학 범의 나이 여덟이었다. 어머니 돌아가신 뒤로 학범 어미는 더욱 고적하였다. 그는 사내의 횡포 가 심하면 심할수록 순종하였다. 의복은 이틀 건너 사흘 건너 빨았고, 밥 상에는 반찬이 떨어지지 않도록 애썼다. 그는 한 줄의 희망을 학범에서 붙였다. 어떤 때는 슬그머니 죽어 버리고도 싶었느나 이때까지 참아 오면 서 모시던 사내에게 더러운 허물이나 가지 않을까, 나날이 커가는 학범이 가 의지가지 없이 길거리에 헤매일 것을 생각하는 때면 삶의 줄이 죽음의 줄보다 더 굳세게 그를 끌었다. 그는 어떤 고생이든지 참아 가면서라도 학범이를 공부시키고 장가들인 뒤에 죽기를 은근히 빌었다.\n",
		"passage_Cnt": 914
	},
	"Annotation": {
		"summary1": "춘삼이는 아버지가 돌아가신 날부터 그의 입은 술, 싸움, 계집이었으며 술게걸이라는 별명이 붙었다. ",
		"summary2": null,
		"summary3": "춘삼이는 아버지가 돌아가신 날부터 전방 문을 닫아채워 버렸다. 그 뒤 로 그의 입은 술, 계집, 골패, 투전, 싸움이었다. 나중은 술게걸이라는 별명까지 받았다. 밭고랑이나 있던 것은 어느 틈에 다 날아가 버리고 집 문권까지 남의 손에 가 버렸다. 그것도 부족하여 생트집을 툭툭 부리고 여편네를 때린다, 세간을 모은다, 야단을 쳤다.",
		"summary_3_cnt": 189
	}
}