{
	"Meta(Acqusition)": {
		"doc_id": "REPORT-literature-07379",
		"doc_category": "REPORT",
		"doc_type": "literature",
		"doc_name": "용동댁의 경우",
		"author": "채만식",
		"publisher": null,
		"publisher_year": null,
		"doc_origin": "저작권위원회"
	},
	"Meta(Refine)": {
		"passage_id": "REPORT-literature-07379-07379",
		"passage": " 또 시집은 친정집보다도 좀 더 유족하니까 비빌 언덕이 넉넉하다. 그러니까 친정이면 친정, 시집이면 시집 어디든지 가서 마음과 몸을 가라앉혀가지고 치산을 해아만 할 것이다. 한 푼도 없는 과부도 손수 적지 않은 가산을 장만한 예가 하고 많다. 하니 그만큼 기댈 거리가 있으면아 그다지 어려울 것은 없을 테다. 가령 큰돈을 모으지는 못한다고 하더라도, 거기에 마음 잠착을 할 수 있으니 그게 어디며, 또 수절을 할 바이면 오직 하나 믿을 것은 아들 태진이니, 그를 충실히 교육시킬 준비를 하는 게 무엇보다도 긴한 일이다. 이렇게 해서 무엇에서고 생활을 발견하게 되면 그새까지 떴던 마음은 절로 안정이 될 수가 있을 것이었었다. 그러한 것을 좀처럼 강단을 내지 못하는 소치는, 거기 어디 많이 볼 수 있는 구태의 젊은 여인들과 일반으로 용동댁도 독립할 줄을 모르는 영원한 아기─ 어려서는 부모에게, 장성해서는 남편에게, 늙어서는 자식에게 그때마다 매여서만 살도록 마련된 때문이지 별다른 게 아닐 것이다. 과부가 된 암탉은 과부만 되었을 뿐이지 식구들의 전과 다름 없는 가축과 또 용동댁의 한결 더 은근해진 동정이며 사랑을 받으면서 그날 그날을 보냈다. 알도 여전히 낳았고, 또 식구들이 걱정하던 바와는 달리 이웃집의 장닭이 미처 몰라서 그랬던지 아직은 후려가지를 않았었다. 한데 불행은 언제고 대기를 하고 있는 것인지, 첫 번의 비극이 있은 지 한 달이 채 못되어서 두 번째의 불행이 생겼다.\n",
		"passage_Cnt": 722
	},
	"Annotation": {
		"summary1": "시집이 친정보다 더 유족하니 친정이나 시집 어디든지 가서 몸과 마음을 가라앉히고 치산을 해야만 할 것이다.",
		"summary2": null,
		"summary3": "또 시집은 친정집보다도 좀 더 유족하니까 비빌 언덕이 넉넉하다. 그러니까 친정이면 친정, 시집이면 시집 어디든지 가서 마음과 몸을 가라앉혀가지고 치산을 해아만 할 것이다. 가령 큰돈을 모으지는 못한다고 하더라도, 거기에 마음 잠착을 할 수 있으니 그게 어디며, 또 수절을 할 바이면 오직 하나 믿을 것은 아들 태진이니, 그를 충실히 교육시킬 준비를 하는 게 무엇보다도 긴한 일이다.",
		"summary_3_cnt": 215
	}
}