{
	"Meta(Acqusition)": {
		"doc_id": "REPORT-literature-07557",
		"doc_category": "REPORT",
		"doc_type": "literature",
		"doc_name": "수평선 너머로",
		"author": "김동인",
		"publisher": null,
		"publisher_year": null,
		"doc_origin": "저작권위원회"
	},
	"Meta(Refine)": {
		"passage_id": "REPORT-literature-07557-07557",
		"passage": "약속한 곳까지 뛰어가 보니 미스 영과 안 군이 택시 안에서 인준 이를 기다 리고 있다가 빨리 문을 열어 준다.\n그러나 인준이는 택시에 오르지 않았다.\n“미스 영, 얼른 잠깐 내리십쇼.” 심상치 않은 음성이었다. 재쳐 그 까닭을 물어 보지 못하고 미스 영은 택 시에서 내렸다.\n“이리로.” 인준이는 당황히 미스 영을 이끌고 좁은 골목짜기로 들어갔다.\n“미스 영, 일이 급하게 되었소이다. 이필호가 전부 기수 챈 모양이외다. 지 금 각 파출소며 주재소에 양장한 여인과 남자가 경성을 탈출치 못하도록 수 배를 명했읍니다.\n“네?” 미스 영의 얼굴이 창백해졌다.\n“그러면?” “나는 방금 이필호 형사를 기절시켜 놓고 여기까지 달려왔읍니다. 사태는 급하외다. 이야기를 길게 할 틈도 없습니다. 그러니까 미스 영은 두말 말고 내 명령을 절대로 복종하십쇼.” “선생님의 명령을 복종치 않은 일이 있읍니까?” 인준이는 주머니에서 무슨 뭉치를 하나 꺼냈다.\n“조선은행권 오천 원이외다. 이것을 자동차 운전수에게 주십쇼. 저 안 공 네 집에 팽 양(孃)이라는 우리 여동지의 낡은 옷이 있을 겝니다. 그 옷을 곧 바꾸어 입으시고 운전수는 자동차에서 내려 쫓은 뒤에 미스 영이 운전수 로 되시고 안 공은 조수로 되어서 비행기 은닉소까지로 곧 가십쇼!” “선생님은?” “미스 영은 단지 양장한 이십 사오 세 되는 미인이라고만 수배되었지만 서 인준이는 생김생김까지 똑똑히 알아서 소위 지명수배가 될 것입니다. 함께 가다가는 둘이 다 잡히는 날이외다.” “그럼?” 이 질문을 받고 인준이는 머리를 숙였다. 숙이고 한참을 있다가 대답하였 다.\n",
		"passage_Cnt": 792
	},
	"Annotation": {
		"summary1": "택시 안에서 미스 영과 안 군이 인준이를 기다렸으나 인준이는 택시에 타지 않고 도리어 택시에서 미스 영을 내리게 한 후 좁은 골목짜기로 데리고 들어갔다.",
		"summary2": null,
		"summary3": "약속한 곳까지 뛰어가 보니 미스 영과 안 군이 택시 안에서 인준 이를 기다 리고 있다가 빨리 문을 열어 준다. 그러나 인준이는 택시에 오르지 않았다. “미스 영, 얼른 잠깐 내리십쇼.” 심상치 않은 음성이었다. 재쳐 그 까닭을 물어 보지 못하고 미스 영은 택 시에서 내렸다. “이리로.” 인준이는 당황히 미스 영을 이끌고 좁은 골목짜기로 들어갔다.",
		"summary_3_cnt": 198
	}
}