{
	"Meta(Acqusition)": {
		"doc_id": "REPORT-literature-07321",
		"doc_category": "REPORT",
		"doc_type": "literature",
		"doc_name": "얼어죽은 모나리자",
		"author": "채만식",
		"publisher": null,
		"publisher_year": null,
		"doc_origin": "저작권위원회"
	},
	"Meta(Refine)": {
		"passage_id": "REPORT-literature-07321-07321",
		"passage": " 콩 콩 콩 콩 오르내리는 절굿대는 바쁘다. 그래도 아직도 두 번은 더 쳐야 지 무거리가 아깝다. 절구통 옆으로는 그새 찧어서 쳐떼어 떡가루가 하얗게 큰 함지로 가득 담겨 있다. 떡가루를 뒤집어쓴 체가 절구에 울려 함지전에 서 위태하게 달랑거린다. 절구통 가로 땅바닥에는 잔 놈, 굵은 놈 떡가루가 아끼듯 살살 뿌려져 있다. 쌀 한 알갱이 떡가루 한 낱도 새로와하는 규모지 만 절굿대 끝에서 튀기도 하고 체로 칠 때 날리기도 해서 하는 수 없이 그 만큼씩은 번번이 허실을 하게 된다. 해는 더럭 더럭 저물어만 간다. 들판 건너 앞마을에서 저녁 연기가 하나씩 둘씩 가느다랗게 솟아오르고, 바로 언덕 밑 대밭집의 대숲에는 잘 새가 날 아 들어 요란스럽게 지저귄다. 이제는 저녁은 갈데없이 저물었다. 오목이네는 남편이 들에 나갔다가 잔뜩 시장해서 돌아올 텐데 냉큼 밥상을 갖다주지 못할 것이 민망도 하거니와 성 미가 사나운 남편이 시장한 화풀이로 한바탕 푸념을 할 터, 더군다나 날이 이래서 내일은 장이 깨어지기 쉬우니 떡은 그만두라고 하는 것을 우겨서 기 어코 떡방아를 시작했으니, 그랬다고 오금을 박을 터, 그래 옥신각신하다가 저녁도 먹지 하니하고 동리 쇠죽방으로 휙 나가버릴 테니 이 일을 어쩌나 싶어 정신이 없고 떡방아는 그냥 건성으로 찧어진다. 이렇듯 일이 사뭇 몰 려 각다분한 때면 그는 딸 오목이 일이 절로 안타까와 속이 상하곤 했다. 눈만 그렇게 멀지 아니했으면 왜 이다지 혼자서 쪼들리랴. 작년 초가을까 지도 조석이며 바느질을 다 저 혼자 말아서 해치우고 그리고도 낮으로는 들 일이며 밤으로 가만히치기, 신삼기, 또 장 안날이면 떡방아까지 거들어주곤 했었는데. 그 원수의 눈이 멀고 난 뒤로는 이렇게 혼자만 혀가 나오게 몰려 지내니, 그래 안타깝고 그래 속이 상하는 것이요, 그런 때면 생트집이라도 잡아 입으로나마 애꿎이 화풀이를 후련히 하고 싶어지기도 한다.\n",
		"passage_Cnt": 936
	},
	"Annotation": {
		"summary1": "절굿대가 오르내리며 찧어진 떡가루로 가득한 사이 해는 저물고 앞마을에서 저녁연기가 솟아오르고 있었다.",
		"summary2": null,
		"summary3": "해는 더럭 더럭 저물어만 간다. 들판 건너 앞마을에서 저녁 연기가 하나씩 둘씩 가느다랗게 솟아오르고, 바로 언덕 밑 대밭집의 대숲에는 잘 새가 날 아 들어 요란스럽게 지저귄다. 이제는 저녁은 갈데없이 저물었다. 콩 콩 콩 콩 오르내리는 절굿대는 바쁘다. 절구통 옆으로는 그새 찧어서 쳐떼어 떡가루가 하얗게 큰 함지로 가득 담겨 있다.",
		"summary_3_cnt": 190
	}
}