{
	"Meta(Acqusition)": {
		"doc_id": "REPORT-literature-07323",
		"doc_category": "REPORT",
		"doc_type": "literature",
		"doc_name": "저승길",
		"author": "홍사용",
		"publisher": null,
		"publisher_year": null,
		"doc_origin": "저작권위원회"
	},
	"Meta(Refine)": {
		"passage_id": "REPORT-literature-07323-07323",
		"passage": " 옳다. 저기 저 곳에 붉은 칠을 한 커다란 성문이 보인다. 나의 사랑은 여 전히 “저 곳은 갈 곳이 아니다.” 울며 나를 만류한다. 그러나 나는 사랑 의 말을 들을 수가 없가. 나는 분명히 성문을 본다. 또한 고달피었다. 사랑 의 말을 너무 듣기에 고달피었다. 사랑이 나를 속일 리는 만무하지마는…… 그래도 나는, 그의 말을 믿어 들어오다가, 너무도 휘돌아온 듯싶다. 나는 나의 가고 싶은 대로만 가는 수밖에 없다. 사랑이 가리켜 주는 길은, 너무 도 희미하다. 갈래도 많다. 천 갈래 만 갈래 세일 수가 없어 가지 못하겠 다. 나는 가고 싶은 대로 간다. 사랑의 말을 돌보지 않고 호올로 간다. 모든 일을 무릎쓰고 호올로 간다. 그런데, 사랑은 울고 섰다. 안타까운 사랑, 내 사랑은, 울고 서 있다. 어찌하노! 어찌하노! 나는 어지러웁다. 어찔어찔 해 쓰러질 지경이다. 설움의 실마리는 풀리어져서, 넓은 벌판에 서리서리 한다. 성문이 열린다. 나는 정신없이 엎드려졌다. 땅은 돈다. 이 몸을 실은 이 땅은, 구을러 움직인다. 어디로 어디로 흘러 움직인다. 성문은 덜컥 닫 힌다. 나는 다시 기운을 다하여 일어섰다. 굳게 닫힌 무쇠 성문을 두들겨 보았 다. 그러나 문짝은 조금도 움직이지 아니한다. 소리를 질러 보았다. 그러나 문 밖에서는, 아무 대답도 들리지 아니한다. 다만 이 몸을 성 안에 싣고, 성째 아울러 흘러가는, 땅의 흐르는 소리만 들리울 뿐이다. 실 같은 문 틈 으로, 바깥을 내어다보니, 천지는 암암, 달빛은 검은데, 멀리서 멀리서 점 점 멀리서, “가지 말아.” 하는 듯이 서서 우는, 사랑의 얼굴이 잠깐 보인 다. 죽은 듯한 이 성 안에 든 나의 설움을 누가 알랴. 맥 풀린 나의 눈, 곰 팡 슬은 내 목소리, 힘들여 힘들여 크게 질러서 “그래도 가요…….” (\"白潮[백조]\" 3호, 1923년 09월) .\n",
		"passage_Cnt": 913
	},
	"Annotation": {
		"summary1": "안타까운 내 사랑은 울며 가지 말라고 하지만 나는 가고 싶은 대로만 갈 수밖에 없다. ",
		"summary2": null,
		"summary3": "나는 나의 가고 싶은 대로만 가는 수밖에 없다. 사랑이 가리켜 주는 길은, 너무 도 희미하다. 실 같은 문 틈 으로, 바깥을 내어다보니, 천지는 암암, 달빛은 검은데, 멀리서 멀리서 점 점 멀리서, “가지 말아.” 하는 듯이 서서 우는, 사랑의 얼굴이 잠깐 보인 다. 그런데, 사랑은 울고 섰다. 안타까운 사랑, 내 사랑은, 울고 서 있다.",
		"summary_3_cnt": 194
	}
}