{
	"Meta(Acqusition)": {
		"doc_id": "REPORT-literature-07552",
		"doc_category": "REPORT",
		"doc_type": "literature",
		"doc_name": "거룩한 이의 죽음",
		"author": "이광수",
		"publisher": null,
		"publisher_year": null,
		"doc_origin": "저작권위원회"
	},
	"Meta(Refine)": {
		"passage_id": "REPORT-literature-07552-07552",
		"passage": " 안방 한가운데는 소반을 놓고 백지를 깔고, 그 위에 새로 닦은 주발에 청 수 한 그릇을 떠 놓았다. 내외는 분주히 새 옷을 내어 갈아입고, 의관을 정 제하고, 청수상 앞에 북향으로 가지런히 앉아, 공손히 고개를 숙이고 이윽 히 앉았더니, 남편이 고개를 들어 하늘을 우러러보며 떨리는 목소리로, \"하느님! 우리 선생님을 도와 주시옵소서. 우리 무극 대도대덕이 천하에 퍼져서 포덕천하, 광제창생, 보국안민의 대원을 이루게 하시옵소서. 처음으 로 우리 동방조선을 밝히사, 이 후천 오만년 무극대도가 천하에 빛나게 하 시옵소서. 지금 무지한 사람들이 이 무극대도를 훼방하고, 선생님을 지목하 여 해하려 하오니, 하느님께서 우리 선생님을 도와 주시옵소서.\" 할 때에, 김씨도 정성스럽게 여러 번 고개를 숙인다. 대여는 더욱 소리를 높이고 떨려, \"하느님, 지금 선생님이 세상을 떠나시면 어리고 어린 동서불변 우리 무 리들이 어찌하오리까. 될 수 있사옵거든 저와 같이 값 없는 목숨을 선생님 대신으로 바치게 하여 주시옵소서. 저 같은 것은 죽더라도 그만이어니와, 우리 선생님을 보호하여 주시옵소서.\" 하고 말이 맟기 전에 목이 메고 눈물이 흐른다. 김씨도 마음 속으로, \"우리 선생님을 보호하여 줍소서. 제 목숨으로 선생님 목숨을 대신하게 합소서.\" 하며 남편을 따라 운다. 한참 동안 말이 없고, 오직 두 내외의 가슴이 들먹 거릴 때마다 새로 풀해 다린 옷이 바삭바삭 소리를 낼 뿐이다. 등잔불이 창 틈 바람에 꺼질 듯 꺼질 듯하다가 바로 선다. 두 사람은 눈을 떴다. 눈물에 젖은 눈에 네 별 모양으로 맑은 빛을 발한다. 네 눈은 거울같이 차고 맑은 청수를 들여다본다. 청수는 몇 천길인지 모르게 깊은 것 같다. 헤아릴 수 없는 천지의 신비를 간직한 것이다.\n",
		"passage_Cnt": 870
	},
	"Annotation": {
		"summary1": "대여는 하느님께 선생님을 보호해 달라며 울었다. ",
		"summary2": null,
		"summary3": "대여는 더욱 소리를 높이고 떨려, \"하느님, 지금 선생님이 세상을 떠나시면 어리고 어린 동서불변 우리 무 리들이 어찌하오리까. 될 수 있사옵거든 저와 같이 값 없는 목숨을 선생님 대신으로 바치게 하여 주시옵소서. 저 같은 것은 죽더라도 그만이어니와, 우리 선생님을 보호하여 주시옵소서.\" 하고 말이 맟기 전에 목이 메고 눈물이 흐른다.",
		"summary_3_cnt": 187
	}
}