{
	"Meta(Acqusition)": {
		"doc_id": "REPORT-literature-07562",
		"doc_category": "REPORT",
		"doc_type": "literature",
		"doc_name": "사의행렬",
		"author": "이무영",
		"publisher": null,
		"publisher_year": null,
		"doc_origin": "저작권위원회"
	},
	"Meta(Refine)": {
		"passage_id": "REPORT-literature-07562-07562",
		"passage": " “이눔? 어따 대구 이눔 저눔야. 나두 손주가 있어요 ─” 권세를 가졌던 사람이 권세를 잃었을 때의 실로 가련한 장면이었다. 권세 란 이렇게도 좋은 것이었던가 했었다. 돈이란 이렇게나 큰 힘을 가진 것이 었던가 했었다. 그 권세도 돈도 인제는 다 잃었거니 생각할 때 귀공자 혁이 는 아주 기운이 푹 죽어버렸었다. 권세를 빼앗겼을 때는 그 앞에 가서 굴복 을 해야만 한다는 것을 혁이는 배웠던 것이다. 그렇기에 아버지가 돌아간 후로의 혁은 끽소리 못 하고 살아온 셈이었다.\n혁은 우미관 앞에서 쌈패를 만난 일이 있었다. 쳐다보지도 않는 혁한테, “이자식 길을 가면 그냥 갔지 왜 사람을 힐끗 쳐다보구 가는 거야.” 이렇게 시비를 걸었다. 그자는 멱살을 바짝 추키어잡고 흔들고 섰다.혁은 피뜩 그 쌈패는 자기 아버지요 자기가 상것이라는 착각을 일으켰다. 일체의 권력과 돈을 가진 사람 앞에서 일체를 잃어버린 자기는 모름지기 어렸을 적 하인들이 자기 아버지 앞에서 한 그대로 비굴하지 않으면 안된다 싶었었 다. “미안합니다.” 그는 이렇게 대답할 수밖에는 없었다. 억울은 했지마는 그렇게라도 해서 무사히 빠져나오는 것이 수라 했던 것이다. “이 자식, 사람을 목욕(그는 모욕을 목욕이라 했었다.)해놓구서 미안 하다 면 그만이야?” 하기가 무섭게 철컥 올려붙이는 것이다. 그러려니 사람들이 좍 몰려들었다.\n죽이라느니 한 번 치라느니 주고받고 하는데, 웬 한 친구가 나와서 사화를 붙인다. 흥정은 붙이고 싸움은 말리랬다니 그럴 것 없이 술이나 한잔 사고 서 사화를 하라는 것이다. 동패인 것이 분명했다. 그래서 혁은 일원짜리 두 세 장을 잡히는 대로 쥐어주고는 뺑소니를 쳤던 것이다. 혁이가 스물네댓 살 때 일이었다. 말하자면 혁이가 권세와 돈을 싹 빼앗긴 후로 처음 맛을 본 권세와 돈의 위력이었다.\n",
		"passage_Cnt": 893
	},
	"Annotation": {
		"summary1": "귀공자 혁이는 아버지가 돌아가신 후 돈과 권세를 잃어 굴복하거나 끽소리도 못 하고 살고 있다.",
		"summary2": null,
		"summary3": "그 권세도 돈도 인제는 다 잃었거니 생각할 때 귀공자 혁이 는 아주 기운이 푹 죽어버렸었다. 권세를 빼앗겼을 때는 그 앞에 가서 굴복 을 해야만 한다는 것을 혁이는 배웠던 것이다. 그렇기에 아버지가 돌아간 후로의 혁은 끽소리 못 하고 살아온 셈이었다.",
		"summary_3_cnt": 142
	}
}