{
	"Meta(Acqusition)": {
		"doc_id": "REPORT-literature-07505",
		"doc_category": "REPORT",
		"doc_type": "literature",
		"doc_name": "수난",
		"author": "이효석",
		"publisher": null,
		"publisher_year": null,
		"doc_origin": "저작권위원회"
	},
	"Meta(Refine)": {
		"passage_id": "REPORT-literature-07505-07505",
		"passage": " 허황한 소문을 극도로 싫어한 탓이었다면 하필 C와의 소문만을 특히 경계 할필요가 있었던가. 유라와 나와의 동행을 거리에서 자주 목격한 신문사 여기자가 그것을 글거리로 유라를 조롱하였다는 사실을 유라는 나에게 거북 하였다는 기색도 없이 도리어 그를 톡톡하게 반박하여 주었다고 하면서 웃 음을 머금고 뒤슬뒤슬 이야기하였던 것이다. 어느 날 유라가 내게 와서 저 녁 고기를 도마 위에 난도질할 때 나의 동무가 찾아왔다. 소문이 나려면 그 때와 같이 공교로운 기회는 없었으나 유라 자신은 그것을 그다지 걱정하는 눈치도 보이지 않았으나 무슨 까닭인지를 알 수 없다. 유라는 본말을 거꾸 로 하고 줄기와 가지를 분간하지 못하였다고 밖에는 볼 수 없다. C와의 탄로를 걱정하면 할수록 일은 더 틀어지고 생각지 않은 곳으로 야단 스럽게 빗나가 버렸다. B의 과장된 새암과 행동으로 말미암아 드디어 이 관 계를 중심으로 하고 한 폭의 의외의 사건이 일어났다. 유라를 심중에 두고 있는 또 한 사람이 있으니 D였다. 운동의 전선에서 완전히 탈락한 후 하는 일 없이 거리로 돌아다니며 기적적으로 살아가는 사나이였다. 거리의 소문 을 전하고 가십을 만드는 것이 일이라면 일일까. 과거의 동무들은 그를 이 용하려고 하는 외에는 대게 위험시하고 멀리하였다. 표면으로는 그 역시 ‘지도’를 핑계 삼아 유라의 신변을 그림자와도 같이 항상 굼실굼실 싸고돌 았다. B와도 물론 과거의 동무는 동무였으나 혼자 마음속으로는 유라를 둘 러싼 사랑의 적수인 까닭에 유라에게 대한 B의 책동을 은근히 질시하며 그 것을 기회로 B를 함정에 빠칠 날을 기다리고 있었다. 때마침 한 사람의 동 지가 나타났으니 E였다. 당시 합법운동의 최고간부의 한 사람인 E를 D는 얼 마간 존경한다면 존경하는 터였고 B도 일단 탈락한 몸이라 그에게 대하여 떳떳이 고개를 쳐들지 못하는 형편이었다. E가 돌연히 얼기설기 얼크러진 사건의 그물 속으로 불쑥 뛰어들어 오게 된 것은 아직 C의 자태가 표면에 선명히 드러나기 전 B와 유라의 관계만이 뚜렷할 때였다. 잘 지도하면 쓸 만하다고 생각한 것이, 즉 다시 말하면 유라를‘지도’하겠다는 것이 E의 용 감한 간섭의 첫째 이유였고, 둘째 목적은‘타락된’B의 행동을 따갑게 책망하여 그의 길을 바로잡자는 것이었다. 유라와 나에게서 B와의 관계의 일절 을 들은 후 대책을 강구하고 전술을 세우려고 E와 D는 나의 방에서도 자주 만났다.\n",
		"passage_Cnt": 1186
	},
	"Annotation": {
		"summary1": "유라는 자신을 조롱한 여기자의 글에 반박했다고 나에게 이야기했으며 동무들이 멀리하며 운동의 전선에서 탈락한 D 역시 유라를 심중에 두고 있었다.",
		"summary2": null,
		"summary3": "유라와 나와의 동행을 거리에서 자주 목격한 신문사 여기자가 그것을 글거리로 유라를 조롱하였다는 사실을 유라는 나에게 거북 하였다는 기색도 없이 도리어 그를 톡톡하게 반박하여 주었다고 하면서 웃 음을 머금고 뒤슬뒤슬 이야기하였던 것이다. 유라를 심중에 두고 있는 또 한 사람이 있으니 D였다. 운동의 전선에서 완전히 탈락한 후 하는 일 없이 거리로 돌아다니며 기적적으로 살아가는 사나이였다. 과거의 동무들은 그를 이 용하려고 하는 외에는 대게 위험시하고 멀리하였다.",
		"summary_3_cnt": 262
	}
}