{
	"Meta(Acqusition)": {
		"doc_id": "REPORT-literature-07468",
		"doc_category": "REPORT",
		"doc_type": "literature",
		"doc_name": "독와사",
		"author": "김정진",
		"publisher": null,
		"publisher_year": null,
		"doc_origin": "저작권위원회"
	},
	"Meta(Refine)": {
		"passage_id": "REPORT-literature-07468-07468",
		"passage": "오늘도 벌써 전등이 들어왔으나 한 치각은 그들을 위하여 저녁을 준비하는 기색도 없고 또 그들을 데리고 어디로 나아갈 생각도 없다. 그러나 이러한 주인의 냉정한 태도가 한두 번이 아니요. 또 그들은 이 집 사랑을 떠났댔자 변변한 저녁 한 때가 없는 사람들이라 그대로 허기턱만 쳐들고 늘어앉았다.\n한 치각은 그들이 얼른 헤어지기만 마음으로 기다리고 있으나 용이히 헤어 질 기색이 없는 것을 보고 마지 못하여 상노를 불러서 겨우 저녁을 내오라 하였다. 그리고 그는 사랑손을 다 보내는 상용수단으로 “오늘 저녁은 조선 호텔에서 사람을 만날 시간이 있다” 고 예방선을 쳐놓고는 심참봉에게는 눈짓을 하여 밖으로 데리고 나가서 오 원짜리 지전 한 장을 건네주고 먼저 삼월오복점으로 가서 기다리고 있으라고 일렀다.\n7회 순영국식 한 치각이는 심참봉을 마루로 데리고 나가서 돈 오원을 지갑에서 꺼내서 주 며 삼월오복점으로 가서 기다리라고 이른 뒤에 다시 방안으로 들어왔다. 심 참봉도 그 뒤를 따라서 방으로 들어오며 ‘오늘밤 하루는 하여간 또 유 쾌히 지내게 되었다’고 생각하니만큼 그의 얼굴에는 기쁜 빛이 나타났다.\n심참봉은 별안간 급한 일이나 생긴 것처럼 모자를 빼어들며 황황히 다시 밖으로 나아간다.\n영창 밖에서 한 치각과 심참봉이 무슨 이야기를 하나 하고 귀를 기울이고 있던 방안 사람들은 별안간 심참봉이 모자를 가지고 나아가는 뒷모양을 쏘 아 보며 좌중에는 모두 가벼운 질투의 빛이 나타났다.\n그중에 가장 노골적으로 약밥 정주사는 “내일은 또 다리에 붕대를 동이고 출석할 모양이로군” 하며 좌중을 한번 의미 있게 둘러본다. 여러 사람들은 그 말에 동감을 나타내는 듯이 모두 비웃는 웃음이 입 끝에 떨어진다. 안석 에 비스듬히 앉았던 한 치각도 여러 사람들의 웃음에 따라서 의미 없이 픽 웃는다. 그중에 얼른 정주사는 “대장이 요사이는 밀가루에게 아마 물린 게 야. 이 병정에게도 이따금 당번을 좀 명령하시구려. 너무 오래 굶었는 데…….” 한 치각은 웃으며 “망할 자식! 밀가루가 뭐냐. 낫살이나 먹은 자식이 지각 이 나야지.” 채플린 박주사도 새까만 윗수염을 쫑긋거리며 “앗게. 이 사람 그보다 더 지각이 나면 ‘신마찌’ 전문가가 또 되게” 하며 웃는다.\n",
		"passage_Cnt": 1092
	},
	"Annotation": {
		"summary1": "한 치각은 심 참봉에게 돈 오원을 주며 삼월오복점으로 가서 기다리라고 이르고 방으로 돌아오자 사람들은 모자를 가지고 나아가는 심 참봉의 뒷모양을 쏘아보며 가볍게 질투했다.",
		"summary2": null,
		"summary3": "한 치각이는 심참봉을 마루로 데리고 나가서 돈 오원을 지갑에서 꺼내서 주 며 삼월오복점으로 가서 기다리라고 이른 뒤에 다시 방안으로 들어왔다. 영창 밖에서 한 치각과 심참봉이 무슨 이야기를 하나 하고 귀를 기울이고 있던 방안 사람들은 별안간 심참봉이 모자를 가지고 나아가는 뒷모양을 쏘 아 보며 좌중에는 모두 가벼운 질투의 빛이 나타났다.",
		"summary_3_cnt": 190
	}
}