{
	"Meta(Acqusition)": {
		"doc_id": "REPORT-literature-07280",
		"doc_category": "REPORT",
		"doc_type": "literature",
		"doc_name": "약령기(弱齡記)",
		"author": "이효석",
		"publisher": null,
		"publisher_year": null,
		"doc_origin": "저작권위원회"
	},
	"Meta(Refine)": {
		"passage_id": "REPORT-literature-07280-07280",
		"passage": " 정주에서 어머니가 뛰어나왔다. “학수야.” 끄스른 얼굴과 심상치 않은 목소리에 학수는 황당한 어머니를 보았다. “학수야. 금옥이가…….” 어머니는 달려와서 그의 옷자락을 붙들었다. “금옥이가…….” 어머니의 눈에 그렁그렁하는 눈물을 보고 학수는 놀래서, “금옥이가 어떻게 했단 말예요?” “─ 떠났단다.” “예?” “바다에 빠져서.” “금옥이가 죽었단 말예요? 금옥이가…….” “대체 어떻게 된 노릇이냐. 혼인날 종일 네 이름만 부르더니 밤중에 신방을 도망해 나갔단다.” “그래 지금 어디 있어요? 지금 어디.” “금옥이네 집안 식구들은 지금 모두 바다에 몰려가 있다─. 아까 포구 사람이 달려와 시체를 건졌다고 전했단다. 지금 모두 해변에 몰려가 있다.” “바다 ─ 금옥이.” 학수는 엉겁결에 허둥지둥 뛰어나갔다. 바다로 향하여 오리나 되는 길을 줄달음쳤다. 며칠 전에 학수가 사랑을 잊으려고 하이네를 읽으며 하루를 보낸 바로 그 자리를 금옥이는 마지막의 장소로 골랐던 것이다. 가지가지의 추억을 가진 그곳을 특별히 고른 그 애처로운 마음을 학수는 더한층 슬피 여겼다. 물녘에는 통곡소리가 흘렀다. 집안 사람들은 시체를 둘러싸고 가슴을 뜯으며 어지럽게 울었다. 얼굴을 가린 시체 ─ 보기에도 참혹한 것이었다. 사람의 몸이 아니고 물통이었다. 입에서는 샘솟듯 물이 흘러나왔다. 혼인날 입은 새 복색 그 대로였다. 바다에서 올린 지 얼마 안되는지 전신에서 물이 지어서 흘렀다.\n",
		"passage_Cnt": 715
	},
	"Annotation": {
		"summary1": "금옥이는 여러가지 추억을 가진 그 곳을 마지막의 장소로 골랐다.",
		"summary2": null,
		"summary3": "며칠 전에 학수가 사랑을 잊으려고 하이네를 읽으며 하루를 보낸 바로 그 자리를 금옥이는 마지막의 장소로 골랐던 것이다. 가지가지의 추억을 가진 그곳을 특별히 고른 그 애처로운 마음을 학수는 더한층 슬피 여겼다.",
		"summary_3_cnt": 118
	}
}