{
	"Meta(Acqusition)": {
		"doc_id": "REPORT-literature-07611",
		"doc_category": "REPORT",
		"doc_type": "literature",
		"doc_name": "사장(射場)",
		"author": "허민",
		"publisher": null,
		"publisher_year": null,
		"doc_origin": "저작권위원회"
	},
	"Meta(Refine)": {
		"passage_id": "REPORT-literature-07611-07611",
		"passage": " 출이는 그 애를 대해 말도 못하 고 그 애 역시 출이를 거지인 줄 몰랐다. “아나…… 이놈아 얼른 안 줍나.” 출이는 화살을 주으면서 모래 속에 든 재갈을 집어 강물에 던지고 또는 대숲에서 우는 까마귀를 향해 우렁찬 고함을 지르는 것이다. 화살을 안고 의암 우에 설 무렵에 해는 깜박 지고 잠자리를 쫓는 제비의 날개가 아슥한 하늘에 향수를 자아내게 했다. 다리를 건너는 자동차의 사이 렌이 어둠을 재촉하고 전등불은 밤의 신의 눈동자 같다. “오늘은 이십 전만 받아라.” 곰보가 지갑을 털며 나섰다. 출이는 아무 말 없이 그를 보다가 서슴지 안 고 술점에 걸어가서 술 한 잔을 들이켜고 되레 그 앞으로 나섰다. “왜 삼십 전 안 주고 그런다요?” “오늘은 몇 번 쏘지 안했고 또 네놈이 말을 잘 안 들으니…….” “어라 이 사람 그만 다 주라구.” 친구들이 냈든다. “안야 이런 놈의 버르장머리는 톡톡히 들여야 해제. 돈 칠 푼만 알고 남 의 돈 열네 닢은 모른다는 격으로 아무 것도 없는 놈이 공연히 덤벙거려.” 눈을 관자 곤양으로 휩뜨는 곰보의 앞을 한 걸음 닦아서 느닷없이 돈지갑과 화살을 빼어서 옆 모래밭에다 내던지며 “뭐요? 내가 비록 당신들에게 심부름해 주고 얻어먹소만 사람은 매양가 지지. 그래 내가 당연히 받을 돈을 달란다고 누가 욕하겠소. 당신이 저 배 에 타고 이 일을 해 보슈. 저 과녁 옆에 서 보슈. 정말 죽을 성 안하는가.\n그래 당신들이 내가 저 물에 떨어져 죽으면 불쌍하다는 말만이지 나를 건져 병원에 다려갈 것이며 또 죽은 시체를 옥터에 묻어 주겠다오. 흥 ─ 그만두 슈. 그까진 돈 내 안받아도 목숨은 안 굶어지나이다.” 하고 휙 그 자리를 떠나갔다. 일동은 넋을 잃고 그의 활발하게 걸어가는 뒷모양을 바라본다.\n",
		"passage_Cnt": 864
	},
	"Annotation": {
		"summary1": "친구들이 냈다는데도 곰보는 이십 전만 받으라고 지갑을 털자 출이는 술점에 걸어가서 서슴지 않고 그 앞으로 나섰다.",
		"summary2": null,
		"summary3": "출이는 아무 말 없이 그를 보다가 서슴지 안 고 술점에 걸어가서 술 한 잔을 들이켜고 되레 그 앞으로 나섰다. “오늘은 이십 전만 받아라.” 곰보가 지갑을 털며 나섰다. “왜 삼십 전 안 주고 그런다요?” “오늘은 몇 번 쏘지 안했고 또 네놈이 말을 잘 안 들으니…….” “어라 이 사람 그만 다 주라구.” 친구들이 냈든다.",
		"summary_3_cnt": 183
	}
}