{
	"Meta(Acqusition)": {
		"doc_id": "REPORT-literature-07537",
		"doc_category": "REPORT",
		"doc_type": "literature",
		"doc_name": "송첨지",
		"author": "김동인",
		"publisher": null,
		"publisher_year": null,
		"doc_origin": "저작권위원회"
	},
	"Meta(Refine)": {
		"passage_id": "REPORT-literature-07537-07537",
		"passage": " 시대가 시대니만치 조선 유학생은 대개 정치나 법률에 적(籍)을 두었다.\n송 군도 정치를 전공하였다. 내년이면 학업도 끝난다는 그 전해에 송 군은 묵어 있던 사숙(私宿) 주인 의 딸과 눈이 어울리어 딸자식 하나를 낳는 바람에 부득이 안해로 맞아 이 듬해에 조선으로 데리고 돌아왔다. 금의환향이라 하지만 송 군의 환향은 결코 금의가 아니었다. 그의 학비를 대어주던 은인도 그가 일본 계집애와 어울린 것을 알자 거래를 끊고 말았 다. 금의환향하는 송 군을 위하여 조선서는 어떤 시골 면서기의 자리가 마련되 어 있었다. 송 군은 송 주사가 된 것이었다. 유학 당시의 그의 막연한 희망 내지 목표는 대신(大臣)에 있었다. 그러나 ‘나라도 없는 인종’이라는 자기의 현실적 입장과 이상(대신)과를 연결하여 생각할 때에 뚝 떨어지면서 도장관, 도장관도 과하니 내무부장, 아니 군수(또 다시) 면장이라도, 이렇듯 숙어들어가는, 면장 한자리도 얻지 못하고 겨우 면서기로 낙착이 된 것이었다. 면서기 재근 이 년, 이 년 간이나 재근했으면 그래도 약간 지위가 오를 듯싶 은데 면서기라는 구실은 오를 데도 없는 양하여 그냥 그 자리에 눌러붙어 있었다. 이 사실이 적지 않게 우울하던 차에 그의 안해가 일본인인 서무주임과 새 가 수상하다는 소문이 쫙 퍼졌다. 본시부터 애정이 있어서 결혼한 바가 아니요, 딸자식이 하나 생기기 때문 에 결혼했던 바라 핑계 좋게 안해와 헤어졌다. 동시에 그 서무주임 아래서 일하기가 싫어서 면서기도 사임하였다.\n",
		"passage_Cnt": 739
	},
	"Annotation": {
		"summary1": "시골 면서기 송 군은 안해와 서무주임의 수상한 소문이 퍼지자 헤어짐과 동시에 면서기를 그만두었다.",
		"summary2": null,
		"summary3": "금의환향하는 송 군을 위하여 조선서는 어떤 시골 면서기의 자리가 마련되 어 있었다. 이 사실이 적지 않게 우울하던 차에 그의 안해가 일본인인 서무주임과 새 가 수상하다는 소문이 쫙 퍼졌다. 본시부터 애정이 있어서 결혼한 바가 아니요, 딸자식이 하나 생기기 때문 에 결혼했던 바라 핑계 좋게 안해와 헤어졌다. 동시에 그 서무주임 아래서 일하기가 싫어서 면서기도 사임하였다.",
		"summary_3_cnt": 210
	}
}