{
	"Meta(Acqusition)": {
		"doc_id": "REPORT-literature-07609",
		"doc_category": "REPORT",
		"doc_type": "literature",
		"doc_name": "나랏님 전 상사리",
		"author": "이무영",
		"publisher": null,
		"publisher_year": null,
		"doc_origin": "저작권위원회"
	},
	"Meta(Refine)": {
		"passage_id": "REPORT-literature-07609-07609",
		"passage": " 아까도 말씀했지만두 일본놈들만 가면 우리는 굶잖는 세상이 되는 줄만 알 었어유. 그랬더니 지주들이 엉뚱한 소리를 하잖어유? 그날두 나랏님 덕분에 삼분의 일제가 됐으니까 기를 쓰구 농살 지면 우선 죽이라두 끼니를 건너진 않겠거든유. 그래,새벽부터 거름을 내느라고 거름 더미를 파제키는데 지주 댁 윤 승지네 집에서 전인이 와서 곧 오라구 그래 유. 그래, 조반두 안 먹구 뛰어 갔지유. 그랬더니, “춘성이, 자네가 부치는 땅을 자네가 사게.” 그러더군유. 이 사람이 사는 형편을 나랏님께두 말했지만두 땅 살 돈이 어 디 있겠시유. 그래, “샀으면야 여북 좋겠십니까만서두 돈이 어디 있습니까 요.”그러니까, “이거 왜 이러나. 공산이 된다니까 거저 뺏을 때를 기두르는 게지! 그럴 테지. 가만히만 있으면 공산당 정부가 모두 뺏어다 바칠 테니까…” “원, 무슨 말씀을 그렇게 하시유.” 그랬더니, “흥, 작년에 남의 땅을 거저 해 먹다시피 했으니 고만 돈야 있겠지. 잔말 말구 살 테면 사게. 안 사겠으면 그만두게. 자네들이야 어찌하든 난 지금까 지의 의리도 있고 해서 기왕 팔 것이면 동가홍상으로 자넬 줄라는 건데 뺏 어야만 직성이 풀린다면 할 수 없는 노릇이지!” 민 주니 공산이니 하는 소리는 이 사람두 여러 번 들었시유. 민주라는 것이 없는 놈더러 갑자기 땅을 사라고, 못 사면 떼고 하는 것인 줄 누가 알었시 유. 이 사람은 그때까지두 공산이니 민 주니 하기에 공산은 없던 사람이 잘살게 된다니까 좋긴 좋지만서두 있던 사람은 땅두 뺏고 돈두 뺏고 집까지 뺏고 동리서 내몰아낸다니 다 같이 잘사는 건 좋지만 남한테 못 할 일이야 해서 쓰 겄는가 하고 민주에 찬성을 하잖었시유? 그랬더니 사람의 명맥을 똑 자르려 듭니다유.\n",
		"passage_Cnt": 853
	},
	"Annotation": {
		"summary1": "나에게 윤 승지네 집에서 오라는 전인이 와서 조반도 안 먹고 갔더니 내가 부치는 땅을 나보고 사라고 해서 땅 살 돈이 없다고 했다.",
		"summary2": null,
		"summary3": "그래,새벽부터 거름을 내느라고 거름 더미를 파제키는데 지주 댁 윤 승지네 집에서 전인이 와서 곧 오라구 그래 유. 그래, 조반두 안 먹구 뛰어 갔지유. 그랬더니, “춘성이, 자네가 부치는 땅을 자네가 사게.” 그러더군유. 이 사람이 사는 형편을 나랏님께두 말했지만두 땅 살 돈이 어 디 있겠시유.",
		"summary_3_cnt": 168
	}
}