{
	"Meta(Acqusition)": {
		"doc_id": "REPORT-literature-07605",
		"doc_category": "REPORT",
		"doc_type": "literature",
		"doc_name": "토끼의 간",
		"author": "김동인",
		"publisher": null,
		"publisher_year": null,
		"doc_origin": "저작권위원회"
	},
	"Meta(Refine)": {
		"passage_id": "REPORT-literature-07605-07605",
		"passage": "지금 이 국가의 불안한 상태에 있어서, 임금(善德女王)은 오직 김춘추 한 사람을 믿고 김춘추에게 어떻게든지 지금의 국면을 타개하기를 은근히 촉망하는 것이었다. 내 나라이 워낙 약하니 임금도 김춘추에게 어떻게 하라고 재촉을 하든가, 왜 이러이러하게 하느냐고 힐책을 하든가 하지는 못하나, 김춘추가 담당하면 어떻게든 이 국면이 타개가 되지 않을까 하는 요행심으 로, 은근히 춘추에게 촉망을 하는 것이었다.\n임금도 그러하거니와 온 백성도 또한 김춘추 한 사람을 믿고, 김춘추가 어 떻게 활동을 하면 이 불안한 상태에서 조금이라도 벗어날 수가 있지 않을까 하는 생각으로, 김춘추의 동정을 엿보고 있다.\n이렇듯 임금과 온 국민에게 무언의 책무를 지고 있는 김춘추는, 이 촉망에 대해서라도 어떻게든 무슨 보답이라도 있어야 할 터인데, 두고두고 생각하 여 보아야 아무 방책도 생각나지 않아서 혼자 애타 하고 번민하고 있을 따 름이었다.\n김춘추 자기의 처남이요 막역지우요 겸하여 지모가 겸비한 대장군 유신과 늘 마주 앉아서는, 무슨 대책이 있지 않을까고 머리를 모으고 협의하고 하 였다. 그러나 여전히 무슨 묘방이 생각나지를 않았다.\n그러는 동안에 그 해의 구월도 어느덧 지나가고 시월도 지나갔다.\n사람의 근심이나 분한 생각이 나는, 세월이 흐르면 거기 따라서 씻기운다 한다. 그러나 김춘추의 마음에 맺힌 근심과 억분함은 세월의 힘으로도 씻기 우지를 않았다. 그것이 춘추 혼자의 근심이거나 억분함이면, 혹은 세월의 힘으로 씻기웠을는지도 모르지만 지금의 춘추의 마음에 맺힌 자는 그와는 달라서, 온 신라 백성의 편달이 춘추의 뒤에서 춘추를 재촉하였다. 서쪽으 로 무시무시한 원수 백제를 가지고 있는 온 신라 백성은, 하루도 마음을 놓 고 내일의 살림을 준비할 수가 없는지라, 따라서 여기 대한 보호책과 방비 책을 김춘추에게 채근하는 것이었다. 온 국민의 채근을 몸으로 받고 있는 춘추는, 그 책임감 때문에 잠시 한 때도 마음 놓이는 때가 없었다.\n",
		"passage_Cnt": 969
	},
	"Annotation": {
		"summary1": "임금뿐만 아니라 모든 백성들은 김춘추가 지금의 국면을 해결하기를 바라고 있다.",
		"summary2": null,
		"summary3": "지금 이 국가의 불안한 상태에 있어서, 임금(善德女王)은 오직 김춘추 한 사람을 믿고 김춘추에게 어떻게든지 지금의 국면을 타개하기를 은근히 촉망하는 것이었다. 임금도 그러하거니와 온 백성도 또한 김춘추 한 사람을 믿고, 김춘추가 어 떻게 활동을 하면 이 불안한 상태에서 조금이라도 벗어날 수가 있지 않을까 하는 생각으로, 김춘추의 동정을 엿보고 있다.",
		"summary_3_cnt": 197
	}
}