{
	"Meta(Acqusition)": {
		"doc_id": "REPORT-literature-07538",
		"doc_category": "REPORT",
		"doc_type": "literature",
		"doc_name": "생의 반려 (生의 伴侶 )",
		"author": "김유정",
		"publisher": null,
		"publisher_year": null,
		"doc_origin": "저작권위원회"
	},
	"Meta(Refine)": {
		"passage_id": "REPORT-literature-07538-07538",
		"passage": " 먼촌 일가가 이것을 와 보고 딱하게 여기었다. 이렇게 해선 공부커녕 죽도 글렀다, 생각하고 “명렬이에게 분재를 해주게, 그래서 다른데 가서 따로 공부를 하든지 해 야지이거 온 되겠나?” 하고 충고하였다. 형은 이 말을 듣드니 “염녀마슈, 내가 여련히 알아채래서 할라구.” 하고 툭 차버렸다. 그리고 가치 술을 잔뜩 먹고는 나종에는 분재운운하든 그 일가를 목침으로 후려갈겨서 이를 둘이나 분질렀다. 명렬군은 그 형님에게 마땅히 분재를 해 받을 권리가 있었다. 그러므로 욕 심이 과한 그형은 분재이야기만 나오면 눈이 뒤집혀서 펄썩 뛰었다. “일 즉 분재하면 사람 버려. 나처럼 되면 어떠커니? 너는 공부 다 하고 늦윽 해서 살님을 내주마.” 이것이 분재 못하는 그의 이유이었다. 그러나 그 많든 재산도 십년이 채못되어 기울게되었다. 서울서 살든 형이 명렬군을 그의 누님에게 떠맡기고 시골로 나려갈 때에는 불과 몇백석의 땅 이 있었을뿐이었다. 명렬군이 차차 장성할스록 그 형에게는 성가스러운 존재였다. 좋은 소리로 그를 서울로 떼내던지고 즈이 식구끼리만 대대의 고향인 그 시골로 나려가 고 만것이었다. 이것이 명렬군이 고보를 졸업하고 동경엘 갈랴 했으나 집의 승낙의 없어서 그도 못 하고, 이럴가 저럴가 망서리며 놀고 있었든 때의 일 이었다. 이렇게 형의 손에서 기를 못 피고 자란 그는 누님으로 넘어오게 되었다.\n따라 비로소 살 길을 찾은 듯이 그는 기쁘지 않을 수 없었다. 그러나 그 누님도 그의 기대와는 다른 인물이었다.\n",
		"passage_Cnt": 741
	},
	"Annotation": {
		"summary1": "욕심이 과한 그 형은 명렬 군에게 분재를 해주어야 하지만 일찍 분재하면 사람을 버린다며 분재 이야기만 나오면 펄썩 뛰었다.",
		"summary2": null,
		"summary3": "명렬군은 그 형님에게 마땅히 분재를 해 받을 권리가 있었다. 그러므로 욕 심이 과한 그형은 분재이야기만 나오면 눈이 뒤집혀서 펄썩 뛰었다. “일 즉 분재하면 사람 버려. 나처럼 되면 어떠커니? 너는 공부 다 하고 늦윽 해서 살님을 내주마.” 이것이 분재 못하는 그의 이유이었다.",
		"summary_3_cnt": 157
	}
}