{
	"Meta(Acqusition)": {
		"doc_id": "REPORT-literature-07583",
		"doc_category": "REPORT",
		"doc_type": "literature",
		"doc_name": "인간산문",
		"author": "이효석",
		"publisher": null,
		"publisher_year": null,
		"doc_origin": "저작권위원회"
	},
	"Meta(Refine)": {
		"passage_id": "REPORT-literature-07583-07583",
		"passage": "예를 들어 가령, “미례와 나와의 연애는 대체 어떻게 될 것인가.” 미례와 문오와의 연애는 결코 정당한─정리된 것이 아니었다. 미례는 문오를 사랑하여서는 안되고 문오는 미례를 사랑하여서는 안된다. 미례는 문오 아닌 남편을 사랑하여야 할 처지에 있고 문오는 그 남편을 배반하지 못할 사정에 있음에도 불구하고 미례와 문오는 남편의 그림자 속에 숨어 금단의 과실을 즐기고 있는 것이다. 거리의 생활이 해결된다 하더라도 반드시 결정적인 한 사람과 한 사람 사이만의 정당하고 떳떳한 연애만이 있고 이런 어지럽고 까다로운 관계는 자취도 없이 사라지리라고는 추측하기 어렵다. 꼬이고 혼란된 마음의 실마리라는 것은 언제든지 있어서 칼로 혹을 도려내듯이 생활의 테두리에서 곱게 도려낼 수는 없을 것이다. 영원한 부정리. 끝없는 카오스! 위대한 정리의 방법으로 무엇이 있는가. 프리자의 왕 골듀스가 맨 복잡한 노마디를 사람의 손으로는 도저히 풀어낼 재주가 없는 것이다. 늠름한 왕검으로 그것을 보기 좋게 두 동강으로 낸 알렉산더의 용기는 세상에 없을까 백두산에서 가장 . 큰 전나무를 베어내고 장백산의 짐승의 털을 죄다 뽑아 위대한 한 자루의 붓을 만들어가지고 동해의 푸른 물을 찍어 한 획에 거리와 생활을 말살하여 버렸으면 오죽이나 통쾌할까. 그것이 어렵다면 머리 속에서 뇌수를 쏟아내서 물에 절레절레 헤워 모든 지식의 기록을 떨어버리고 백지의 상태로 하여 다시 머리 속에 수습한다면 천치가 되어 마음속이 얼마나 편안하고 시원할까. 그렇게 할 수 있다면 미례와의 사이도 편안하게 안정될 것이나 그렇지 않은 이상 언제까지나 불안한 마음으로 골듀스의 노마디를 얼싸안고 괴롬의 술래잡기를 계속하는 수밖에는 도리가 없을 듯하다.\n",
		"passage_Cnt": 843
	},
	"Annotation": {
		"summary1": "남편의 그림자 속에 숨어 금단의 과실을 즐기고 있는 미례와 문오의 연애는 결코 정당한 것이 아니었다.",
		"summary2": null,
		"summary3": "미례는 문오 아닌 남편을 사랑하여야 할 처지에 있고 문오는 그 남편을 배반하지 못할 사정에 있음에도 불구하고 미례와 문오는 남편의 그림자 속에 숨어 금단의 과실을 즐기고 있는 것이다. 예를 들어 가령, “미례와 나와의 연애는 대체 어떻게 될 것인가.” 미례와 문오와의 연애는 결코 정당한─정리된 것이 아니었다.",
		"summary_3_cnt": 174
	}
}