{
	"Meta(Acqusition)": {
		"doc_id": "REPORT-literature-07339",
		"doc_category": "REPORT",
		"doc_type": "literature",
		"doc_name": "행복(아르치바세프)",
		"author": "현진건",
		"publisher": null,
		"publisher_year": null,
		"doc_origin": "저작권위원회"
	},
	"Meta(Refine)": {
		"passage_id": "REPORT-literature-07339-07339",
		"passage": "그 계집은 빨가숭이로 사나이 앞에 섰다. 그 작고 여윈 몸뚱이는 월광과　 한기에 잠겨 있는 깨끗한 눈 밤에 서 있는 것이 과연 일종 특별한 광경이었 다.\n“자 ―.” 사나이는 헐떡거리면서, “이 애…네가 참기만 하면……이것이다. 오류(五留)이다……. 참지 못하든 지 또 고함 지를 터이면 바삐 가거라…….” “아모렇거나 때려만 주셔요……참을 터이니…….” 한기에 떨어져 나갈 듯한 계집의 입술이 중얼거린다. 그 전신이 바르르　 떨리운다.\n사나이는 옆으로 비켜서며 별안간에 제 가는 지팽이를 번쩍 들어 전신의　 힘을 다하여 계집의 수척한 잔등이를 훔쳐 갈긴다. 비는 듯한 힘줄은 언 계 집의 몸을 거쳐 뇌까지 사 모친다. 계집의 주위의 모든 것이 다만 무서운 고 통의 느낌이 되어 한데 합하는 것 같았다.\n“아.” 짧은 놀랜 소리가 사슈가의 입술로 돌출하였다.\n사슈가는 두어 걸음 달아나다 벌벌 떠는 두 손으로 맞는 데를 꼭 눌렀다.\n“손을 치워…… 손을 치워…….” 사나이는 따라오면 헐떡이면 소리친다.\n사슈가는 두 팔뚝을 한데 합했다. 제이의 타격이 곧 그 계집에게 견딜　수 없는 아픔을 주었다. 계집은 소리치고 넘어져 땅에 손을 짚었다. 두더지떼 에도 비는 듯한 모진 타격이 그 계집의 나체에 떨어지고 또 떨어진다.\n“아홉.” 하고 헤아리는 검은 소리가 사나이 입에서 떨어졌다. 그리고 또 다시 번개 같은 새로운 소리를 내며 그 계집의 육체에 지나간다. 무엇이 터진 것 같았 다. 언 고무마가 터지는 것 같다. 붉은 피는 흰 눈 위에 팍팍 쏟아진다. 쌓 인 눈은 핏발 떨어지는 대로 붉은 구녕이 생긴다. 착 붙은 배는 달빛에 비 치인다. 이 때에 왼편 가슴이 철썩한다. 가슴은 처량한 단성(短聲)을 내며 치오른다.\n",
		"passage_Cnt": 850
	},
	"Annotation": {
		"summary1": "아홉이라 헤아리는 제이의 타격이 나체의 사슈가에게 큰 아픔을 주었고 그녀는 땅에 넘어져 붉은 피를 흘렸다.",
		"summary2": null,
		"summary3": "사슈가는 두 팔뚝을 한데 합했다. 제이의 타격이 곧 그 계집에게 견딜　수 없는 아픔을 주었다. 계집은 소리치고 넘어져 땅에 손을 짚었다. 두더지떼 에도 비는 듯한 모진 타격이 그 계집의 나체에 떨어지고 또 떨어진다. “아홉.” 하고 헤아리는 검은 소리가 사나이 입에서 떨어졌다. 붉은 피는 흰 눈 위에 팍팍 쏟아진다.",
		"summary_3_cnt": 182
	}
}