{
	"Meta(Acqusition)": {
		"doc_id": "REPORT-literature-07241",
		"doc_category": "REPORT",
		"doc_type": "literature",
		"doc_name": "딸의 업을 이으려",
		"author": "김동인",
		"publisher": null,
		"publisher_year": null,
		"doc_origin": "저작권위원회"
	},
	"Meta(Refine)": {
		"passage_id": "REPORT-literature-07241-07241",
		"passage": " “제삼자인 내가 보아도 분한 것을 잘 참았어. 그래도 그때 왜 변명을 안 했소?” “변명? 그런 일을 꾸며낸 사람에게 변명을 하면 무얼 합니까?” “그것도 그렇긴 하지만……. 여하튼 대체 그때 일이 어떻게 되었소? 나도 신문에서만 보고 그렇진 않으리라고는 짐작했지만 한 번 자세히 화순의 입으 로 이야기해주어요. 나는 지금 어떤 잡지사에서 일을 보고 있는데, 다시 한 번 문제를 일으켜서 그런 고약한 사람…….” “그만두어요. 세상이 다 잊으려 할 때 다시 그런 일을 떠들쳐 내면 무얼 합니까. 한 달만 지나면 세상이 다 잊어버릴 일을…….” “그래도 분하지 않아요?” 잠깐 그치려던 그의 울음은 다시 폭발되었습니다. “자, 그러지 말고 그 이야길 한 번 자세히 해봐요.” 잠깐 침묵이 계속되었습니다. “아직 아버님께두 말씀 안 드렸지만 죽기 전에 언제든 할 말을…… 자, 경애, 들어봐요.” 그의 남편 P생(生) , 화순과의 결혼이 재혼이었습니다. 전 마누라를 무식하다는 핑계로 쫓아버리고 그 뒤에 얻은 화순인지라, 처음에는 의가 썩 좋 았습니다. 신문지가 몇 번을 연거푸 부른‘세 겹 대문’안에도 향기가 있고 사랑이 있었습니다. 그러나 유전적으로 방탕함을 타고난 P는 한 1년 뒤에는 마침내 방탕한 놀 이를 시작하였습니다. 그리하여 방탕에 재미를 본 P는 방탕을 시작한 지 반 년 쯤 뒤에는 안방에는 얼씬을 안하게까지 심하게 되었습니다. 잠깐 안사랑 에서 점심을 먹고는 다시 뛰쳐나가서는 이튿날에야 또 들어와서 점심을 먹 고…… 이리하여 화순과는 대면 할 기회조차 없었습니다.\n",
		"passage_Cnt": 774
	},
	"Annotation": {
		"summary1": "무식하다는 핑계로 전 마누라를 쫓아버린 P 생은 화순과 재혼하고 처음에는 의가 썩 좋았다.",
		"summary2": null,
		"summary3": "“아직 아버님께두 말씀 안 드렸지만 죽기 전에 언제든 할 말을…… 자, 경애, 들어봐요.” 그의 남편 P생(生) , 화순과의 결혼이 재혼이었습니다. 전 마누라를 무식하다는 핑계로 쫓아버리고 그 뒤에 얻은 화순인지라, 처음에는 의가 썩 좋 았습니다.",
		"summary_3_cnt": 139
	}
}