{
	"Meta(Acqusition)": {
		"doc_id": "REPORT-literature-07676",
		"doc_category": "REPORT",
		"doc_type": "literature",
		"doc_name": "쫓기어 가는 이들",
		"author": "이익상",
		"publisher": null,
		"publisher_year": null,
		"doc_origin": "저작권위원회"
	},
	"Meta(Refine)": {
		"passage_id": "REPORT-literature-07676-07676",
		"passage": " “밤이 깊어서 안 판다는데 무슨 잔소리여!” 득춘의 전신에 피가 뛰놀았다. “이 놈 봐라! 막한(幕漢)으로 꽤 번잡한 놈이다!” 하며, 술 취한 이는 비틀걸음으로 달려들어 득춘의 멱살을 붙들고 따귀를 한 대 보기 좋게 부친다. 득춘은 정신이 아찔하였다. 두 말할 것 없이 발길로 부잣집 서방님의 가슴 을 한 번 질렀다. 그자는 뒤로 나동그라진다. 이것을 보고 섰던 따라온 자 가 또 덤비었다. 그리하여 득춘의 집 마당에는 일대 격투가 일어났다. 득춘 은 몸을 빼서 부엌으로 들어가서 참나무 장작개비를 손에 들고 나왔다. 눈 에 보이고 손에 닥치는 대로 힘껏 두들기었다. 두 자는 쓰러져 누웠다. 득 춘은 가슴을 헤치고 헐떡이는 숨을 전정하여가며 부르짖는다. “이 놈들! 먹고살 수 없어 주막질을 해먹으니까 남의 여편네조차 뺏어도 관계없는 줄 아냐? 그래도 나는 내 고장에서는 내로라하는 임득춘이다. 돈 만 있으면 그만이냐! 좀 본때기를 해줄 터이나, 나도내일부터 이 짓만 않 으면 그만이다!” 꺼꾸러진 자들은 또 덤빈다. 그는 또 장작개비로 후려갈긴다. 또 그들은 꺼꾸러진다. 이러한 동안 동리 사람들은 하나씩 둘씩 모여들기 시작한다.\n술 취한 자들은 다른 동리 사람에게 붙들리어 바깥으로 나갔다. 득춘은 숨을 한 번 내쉬었다 . 아내는 벌벌 떨고, 그 곁에서 남편의 소매를 끌고 방으로 들어가기를 권한다. 득춘은 지금까지의 자기의 살아가려고 애 쓰고 다른 사람에게 굴종한 것이 무엇보다도 부끄러웠다.\n",
		"passage_Cnt": 730
	},
	"Annotation": {
		"summary1": "술을 안 판다는 득춘에게 술 취한 이가 달려들어 따귀를 부치자 득춘은 정신이 아찔했다.",
		"summary2": null,
		"summary3": "“밤이 깊어서 안 판다는데 무슨 잔소리여!” 득춘의 전신에 피가 뛰놀았다. “이 놈 봐라! 막한(幕漢)으로 꽤 번잡한 놈이다!” 하며, 술 취한 이는 비틀걸음으로 달려들어 득춘의 멱살을 붙들고 따귀를 한 대 보기 좋게 부친다. 득춘은 정신이 아찔하였다.",
		"summary_3_cnt": 143
	}
}