{
	"Meta(Acqusition)": {
		"doc_id": "REPORT-literature-07561",
		"doc_category": "REPORT",
		"doc_type": "literature",
		"doc_name": "여인",
		"author": "김동인",
		"publisher": null,
		"publisher_year": null,
		"doc_origin": "저작권위원회"
	},
	"Meta(Refine)": {
		"passage_id": "REPORT-literature-07561-07561",
		"passage": " “손님 왔다.” “×××로군.” “너의 새서방이지?” “듣기 싫여.” “가 보렴.” “싫구나. 엉야, 그런 소린 이젠 하디 말라우요.” 요리집을 피하고 산홍의 집을 피하여, 이리저리 밀려 다니면서 만나는 것이, 내게는 더 자미스럽고 신비스러웠다. 더구나, 어떤 때는 갈 곳이 없어서 어두운 골목골목을 해여 이 집이나 행여 이 집이나 하고 산홍의 안내로써 헤매는 재미도 여간이 아니었었다. 산홍에게는 나보다 먼저 관계된 H라는 사내가 있었다. H는첫 번부터도 보기가 싫었으며, 나와 접근된뒤부터는 한 번도 본 일이 없노라는 것이 산홍의 변명이었었다. 그리고, 한 번은 나를 방 안에 앉히어 둔 채 대문에서 찾는 H에게 항하여, ‘왜 기신기신 찾아다니느냐’고 발악까지 하였다. 그러나 H는 그냥 끊임없이 산홍의 뒤를 따라다녔다. 산홍과 같이 건너편 집에 있노라면, 어떤 때는 등이 달아서 네다섯 번씩 찾아다니는 일도 있었다. “산홍이, 산홍이.” 어디 있는지 모르는 산홍이를, 등이 달아서 찾아다니면서 행여나 하는 마음으로, 산홍의 대문에서 부르고 하는 H의 소리는 고요한 밤 공기를 흔들어서, 비통하다고 형용하고 싶게까지 들렸다. “산홍이, 산홍이.” 그것은, 마치 고기에 주린 이리의 부르짖음이었었다. 등이 달아서 부르는 그의 목소리를 들을 때마다, 나역 가정을 내어버리고 처자를 내어 버리고 이곳에 산홍이와 마주 앉아 있는 처지였지만, 인생의 추악한 한 면과 직면한 느낌을 받고, 뜻하지 않고 눈살을 찌푸리고 하였다.\n",
		"passage_Cnt": 740
	},
	"Annotation": {
		"summary1": "산홍에게는 나보다 먼저 알던 H라는 남자가 있는데 한 번은 대문까지 찾아온 그를 보고 왜 찾아다니느냐고 발악까지 하였는데도 그는 산홍을 끊임없이 따라다녔다.",
		"summary2": null,
		"summary3": "산홍에게는 나보다 먼저 관계된 H라는 사내가 있었다. 그리고, 한 번은 나를 방 안에 앉히어 둔 채 대문에서 찾는 H에게 항하여, ‘왜 기신기신 찾아다니느냐’고 발악까지 하였다. 그러나 H는 그냥 끊임없이 산홍의 뒤를 따라다녔다.",
		"summary_3_cnt": 130
	}
}