{
	"Meta(Acqusition)": {
		"doc_id": "REPORT-literature-07573",
		"doc_category": "REPORT",
		"doc_type": "literature",
		"doc_name": "장미 병들다",
		"author": "이효석",
		"publisher": null,
		"publisher_year": null,
		"doc_origin": "저작권위원회"
	},
	"Meta(Refine)": {
		"passage_id": "REPORT-literature-07573-07573",
		"passage": "장미 병들다 싸움이라는 것을 허다하게 보아 왔으 나 그렇게도 짧고 어처구니 없고―그러면서도 싸움의 진리를 여실하게 드러낸 것은 드물었다. 받고 차고 찢고 고함치고 욕하고 발악하다가 나중에는 피차에 지 쳐서 쓰러져 버리는―그런 싸움이 아니라 맞고 넘어지고 항복하고―그뿐이 었다. 처음도 뒤도 없이 깨끗하고 선명하여서 마치 긴 이야기의 앞뒤를 잘라 버린 필름의 몇 토막과도 같이 신선한 인상을 주는 것이었다. 그 신선한 인상이 마치 영화관을 나와 그 길을 지나던 현보와 남죽 두 사람의 발을 문득 머무르게 하였 는지도 모른다. 그러나 두 사람이 사람들 속에 한몫 끼여 섰을 때에는 싸움은 벌써 끝물이었다.\n영화관, 음식점, 카페, 매약점 등이 어수선하게 즐비하여 있는 뒷거리 저녁때, 바로 주렴을 드리운 식당 문앞이었다. 그 식당의 쿡으로 보이는 흰 옷에 흰 주발 모자를 얹은 두 사람의 싸움이었으나 한 사람은 육중한 장골이요, 한 사람은 까무 잡잡한 약질이어서, 하기는 그 체질에 벌써 승패가 달렸던지도 모른다. 대체 무엇 이 싸움의 원인이며 원한의 근거였는지는 모르나 하루아침에 문득 생긴 분김이 아 니요, 오래 두고두고 엉겼던 불만의 화풀이임은 두 사람의 태도로써 족히 추측할 수 있었다. 말로 겨루다 못해 마지막 수단으로 주먹다짐에 맡기게 된 것임은 부락 스런 두 사람의 주먹살에 나타났었으니 약질의 살기를 띤 암팡진 공격에 한 번 주 춤하였던 장골은 곱절의 힘을 주먹에 다져 쥐고 그의 면상을 오돌 지게 윽박았다.\n",
		"passage_Cnt": 739
	},
	"Annotation": {
		"summary1": "한 사람은 약질이고 한 사람은 장골인 두 사람의 싸움은 무엇이 원인인지는 모르나 오래 두고두고 엉겼던 불만의 화풀이임을 추측할 수 있었다.",
		"summary2": null,
		"summary3": "대체 무엇 이 싸움의 원인이며 원한의 근거였는지는 모르나 하루아침에 문득 생긴 분김이 아 니요, 오래 두고두고 엉겼던 불만의 화풀이임은 두 사람의 태도로써 족히 추측할 수 있었다. 그 식당의 쿡으로 보이는 흰 옷에 흰 주발 모자를 얹은 두 사람의 싸움이었으나 한 사람은 육중한 장골이요, 한 사람은 까무 잡잡한 약질이어서, 하기는 그 체질에 벌써 승패가 달렸던지도 모른다.",
		"summary_3_cnt": 209
	}
}