{
	"Meta(Acqusition)": {
		"doc_id": "REPORT-literature-07464",
		"doc_category": "REPORT",
		"doc_type": "literature",
		"doc_name": "산협",
		"author": "이효석",
		"publisher": null,
		"publisher_year": null,
		"doc_origin": "저작권위원회"
	},
	"Meta(Refine)": {
		"passage_id": "REPORT-literature-07464-07464",
		"passage": " 혼례가 지나 며칠이 되니 새 각시는 집일이 익어서 서름서름해 하는 법도 없이 부지런히 일을 거들었다. 부엌에서 큰댁과 나란히 서서 심상하게 지껄거리며 거짓말같이 화목해 하는 모양을 남편 재도는 만족스럽게 바라보았다. 시모와 남편을 섬김에 조금도 소홀이 없도록 하려고 하는 조심성스러운 마음씨도 그를 기쁘게 하기에 넉넉했다. 누가 부르기 시작했는지 원줏집이라고 불리우게 되어서 이 칭호는 마을 사람들에서 일종 그리운 느낌을 주었다. 원주는 근방에서는 제일 개화한 읍이었다. 문명의 찌꺼기가 원줏집을 통해서 이 궁벽한 두메에까지 튀어온 것이다. 원줏집은 세수를 할 때 팥가루 대신에 비누라는 것을 썼고, 동그란 갑에 든 향내 나는 분가루는 창말 장에서 파는 매화분 따위는 아니었다. 무명지에는 가느다란 쇠반지를 꼈고 시모의 눈 닿지 않는 곳에 숨어서는 뒤안 같은 데서 흰 권연을 태웠다. 엽초밖에는 모르는 마을 사람들에게 그 향기는 견딜 수 없이 좋아서 사랑에 머슴을 살고 있는 박동이는 중근을 추켜서는 그 하아얀 권연 한 개를 제발 제발 빌곤 했다. 재도의 누이의 아들 안중근은 삼십쯤 되는 산 너머 마을에 출가했던 누이가 죽은 후 남편마저 그 뒤를 좇아 떠나게 되니 의기가지없는 신세에 하는 수 없이 삼촌의 집에 몸을 붙이게 되었다. 가까운 혈육이기는 하나 성이 다른 조카를 내 자식으로 들일 의사는 없었으나 송씨가 물을 찌워 기른 보람이 있어 어느 결엔지 늠름한 장정으로 자라서 머슴과 함께 밭일을 할 때에는 어른 한몫을 넉넉히 보았다. 안씨 문중의 몇 대조이든지 조상에 산속에서 범을 만나 등어리에 발톱자국을 받았을 뿐 맹수의 허리를 안아서 넘어트린 장골이 있었다는 이야기를 어릴때부터 들어온 중근은 자기도 그 장골의 피를 받았거니 하고 팔을 걷어 힘을 꼲아 보곤 했다. 어릴때부터 익어온 송씨를 백모라고 부르기는 당연하고 자연스러웠으나 생판 초면인 젊은 원줏집을 향해서는 쑥스러운 생각이 먼저 들면서 아무리 해도 같은 말이 입으로 나오지 않을 뿐더러 자기가 황소와 바꾸어 왔다는 생각을 하면 화가 나는 때조차 있었다. 날이 지날수록 송씨는 기운을 못 차리면서 진종일 안방에 박혀 있거나 그렇지 않으면 베틀에 올라서 북을 덜거덕거리면서 길삼내이로 날을 보내곤 했다. 그 쓸쓸한 자태가 중근의 가슴을 에우는 듯도 해서 원줏집 잔소리나 삼촌의 책망을 받을 때마다 백모를 막아 주고 싶은 생각뿐이었다.\n",
		"passage_Cnt": 1177
	},
	"Annotation": {
		"summary1": "부지런히 집일을 거들고 큰댁과도 화목해 하는 각시의 마음씨가 재도를 기쁘게 하였다.",
		"summary2": null,
		"summary3": "혼례가 지나 며칠이 되니 새 각시는 집일이 익어서 서름서름해 하는 법도 없이 부지런히 일을 거들었다. 부엌에서 큰댁과 나란히 서서 심상하게 지껄거리며 거짓말같이 화목해 하는 모양을 남편 재도는 만족스럽게 바라보았다. 시모와 남편을 섬김에 조금도 소홀이 없도록 하려고 하는 조심성스러운 마음씨도 그를 기쁘게 하기에 넉넉했다. 누가 부르기 시작했는지 원줏집이라고 불리우게 되어서 이 칭호는 마을 사람들에서 일종 그리운 느낌을 주었다.",
		"summary_3_cnt": 243
	}
}