{
	"Meta(Acqusition)": {
		"doc_id": "REPORT-literature-07524",
		"doc_category": "REPORT",
		"doc_type": "literature",
		"doc_name": "소금",
		"author": "강경애",
		"publisher": null,
		"publisher_year": null,
		"doc_origin": "저작권위원회"
	},
	"Meta(Refine)": {
		"passage_id": "REPORT-literature-07524-07524",
		"passage": "저렇게 많은 집이 있건만 지금 그들은 몸담아 있을 곳도 없어 이리 쫓기어 나오는 생각을 하니 기가 꽉 찼다. 그리고 저자들은 모두가 팡둥 같은 그런 무서운 인간들이 사는 것 같아 보였다. 이렇게 원망스러우면서도 이리로 나오는 사람만 보이면 행여 팡둥이가 나를 찾아 나오는가 하여 가슴이 뜨끔해지곤 하였다.\n어스름 황혼이 그들을 둘러쌀 때에 그들은 더욱 난처하였다. 봉염이는 훌쩍훌쩍 울면서, “오늘 밤은 어데서 자누? 어머이.” 하였다. 그는 순간에 팡둥 집으로 달려들어가서 모조리 칼로 찔러 죽이고 자기들도 죽고 싶은 충동이 강하게 일어났다. 그래서 그는 벌떡 일어났다. 그러나 그의 앞으로 끝없이 길 어 나간 대철로를 바라보았을 때 소식 모르는 봉식이가 어미를 찾아 이 길로 터벅터벅 걸 어올 때가 있지 않으려나…… 그리고 또다시 팡둥의 말과 같이 아주 죽어서 다시는 만나지 못하려나 하는 의문에 그는 소리쳐 울고 싶었다. 속 시원히 국자가를 가서 봉식의 소식을 알아볼까. 그러자. 그 후에 참말이라면 모조리 죽이고 나도 죽자! 이렇게 결심하고 어정어 정 걸었다.\n그날 밤 그들은 해란강변에 있는 중국인 집 헛간에서 자게 되었다. 그것도 모녀가 사정을 하고 내일 시장에 내다 팔 시금치나물과 파 등을 다듬어 주고서 승낙을 받았다. 봉염의 어 머니는 밤이 깊어 갈수록 배가 자꾸 아팠다. 그는 애가 나오려나 하고 직각하면서 봉염이 가 잠들기를 고대하였다. 그러나 잠이 많던 봉염이도 오늘은 잠들지 않고 팡둥 부처를 원 망하였다. 그리고 이때까지 몸 아끼지 않고 일해 준 것이 분하다고 종알종알하였다.\n",
		"passage_Cnt": 785
	},
	"Annotation": {
		"summary1": "봉염의 어머니는 애가 나오려고 배가 아파오자 봉염이 잠들기를 고대했지만 봉염은 팡둥 부처를 원망하며 분하다고 종알종알했다.",
		"summary2": null,
		"summary3": "봉염의 어 머니는 밤이 깊어 갈수록 배가 자꾸 아팠다. 그는 애가 나오려나 하고 직각하면서 봉염이 가 잠들기를 고대하였다. 그러나 잠이 많던 봉염이도 오늘은 잠들지 않고 팡둥 부처를 원 망하였다. 그리고 이때까지 몸 아끼지 않고 일해 준 것이 분하다고 종알종알하였다.",
		"summary_3_cnt": 152
	}
}