{
	"Meta(Acqusition)": {
		"doc_id": "REPORT-literature-07650",
		"doc_category": "REPORT",
		"doc_type": "literature",
		"doc_name": "정거장근처",
		"author": "채만식",
		"publisher": null,
		"publisher_year": null,
		"doc_origin": "저작권위원회"
	},
	"Meta(Refine)": {
		"passage_id": "REPORT-literature-07650-07650",
		"passage": " 이쁜이는 다른 손님 방에 있다가 불리어갔다. “산옥이 노래 배운다지? 어데 한 번 불러보아.” 김덕대는 서너 순배째 들어온 술상을 윗목으로 밀어놓고 이쁜이 무릎을 베 고 누워 이야기를 하던 끝에 노래를 청한다. “노래헐 줄 몰라유.” 이쁜이는 터진 손등으로 입을 가리며 부끄러워한다. 김덕대는 그 손을 잡아다가 거슬거슬 어루만진다. “모르기는 왜 몰라! 그새 배운 놈 하나 해보라구.” “그리두 몰라라우…… 나 인제 잘 배갖구 헐께라우.” “허! 그럴라다가는 내 아들놈이 산옥이 노래 들으러 와야 허게! 허허허 허.” 이쁜이도 따라 웃었다. 될 수 있으면 손님한테 술을 많이 팔리도록 해야 한다고 아자 씨 춘삼이한 테 말을 들었기 때문에 이쁜이는 밀어떼어 술상을 잡아당겼다. 김덕대는 그것을 못하게 하고 이쁜이의 허리를 끌어안는다. “응, 이거 봐 산옥이.” “얘?” “나 산옥헌테 반했어.” “반헌 게 무어래유?” 이쁜이는 부끄러워서 말로만 그런다. 김덕대는 히죽이 웃으며 어린 애기 어르듯 한다. “반헌 거 몰라? 내 가르켜 주까?” “얘.” ……………… 이쁜이는 까막까막 혼자 생각해 보았다. 아무리 해도 못 쓸 것 같다. 남의 사내를 똑바로 치어다보기만 해도 시어머니가 마구 야단을 하고 남편 더러 일러서 매를 맞게 한 것이 한두 번이 아니다. 이곳으로 오던 그날 아침에 두부장수 사건만 하더라도 그게 다 그런 속이 다. 그런 걸 괜히 함부로 그랬다가는 시어머니나 남편이 알면 무슨 거조가 날지 모른다.\n",
		"passage_Cnt": 735
	},
	"Annotation": {
		"summary1": "김덕대는 이쁜이에게 노래를 청했고 이쁜이는 부끄러워한다.",
		"summary2": null,
		"summary3": "“산옥이 노래 배운다지? 어데 한 번 불러보아.” 김덕대는 서너 순배째 들어온 술상을 윗목으로 밀어놓고 이쁜이 무릎을 베 고 누워 이야기를 하던 끝에 노래를 청한다. “노래헐 줄 몰라유.” 이쁜이는 터진 손등으로 입을 가리며 부끄러워한다.",
		"summary_3_cnt": 134
	}
}