{
	"Meta(Acqusition)": {
		"doc_id": "REPORT-literature-07363",
		"doc_category": "REPORT",
		"doc_type": "literature",
		"doc_name": "낙조(落潮)",
		"author": "채만식",
		"publisher": null,
		"publisher_year": null,
		"doc_origin": "저작권위원회"
	},
	"Meta(Refine)": {
		"passage_id": "REPORT-literature-07363-07363",
		"passage": " 나는 그러나 아버지의 그런 뜻을 받들 생각이 없었다. 관리 그것이 나쁠 며리는 없었다. 그렇지만 관리를 다니면서, 사를 써주고서 뒷길로 딴 수입을 보고 하는 것은 마땅히 군자의 할 도리가 아니었다. 더우기 지체를 이용하여 아닌 권세를 부린다든가, 황차 권세를 부리어 불의한 재물을 긁어들인다는 것은, 남이야 어떠했든 나로서는 감히 범하고 싶지 아니한 불의였다. 의 아닌 부와 귀는 나에게 뜬구름과 같으니라…… 이 공자님의 말씀은 정히 나의 변할 수 없는 심경이요 태도였다. 관리가 됨으로써 그러한 불의를 범하고 하기가 뜻에 없을 뿐만 아니라, 반면 나는 현재의 교원이라는 직업을 천직으로 여기고 있는 자이었다. 천진난만한 어린이들을 데리고 그들을 가르치며 잘 지도한다는 것, 이것은 내가 사람으로서 할 바의 다시 없는 사명이었다. 지금은 나라를 새로이 세우는 아침이었다. 앞으로 우리 나라를 두 어깨에 메고 나갈 사람은, 시방 내가 가르치고 지도하는 어린 사람들인 것이었다.\n그런 새로운 우리 나라의 일꾼을 가르치고 지도하고 한다는 것은 한결이나 기쁘고 자랑스러운 노릇이었다. 나는 장차에 우리 집안이 더욱 더 몰락이 되어, 가사 조석이 어려운 지경에 이르른다고 하더라도, 나는 끼니를 줄이고 누더기를 걸치면서라도 이 천직을 지키되 버리지 아니할 터이었다. 우리 집은 빚을 지기 시작하였다. 1946년봄부터 1948년(금년) 봄까지 만 2년 동안에 진 빚이 30만원이 넘었다.\n",
		"passage_Cnt": 716
	},
	"Annotation": {
		"summary1": "나는 천진난만한 어린아이들을 지도하는 가르치는 것이 다시없는 사명이고 교원이라는 직업을 천직이라 여기고 있는 자였다.",
		"summary2": null,
		"summary3": "관리가 됨으로써 그러한 불의를 범하고 하기가 뜻에 없을 뿐만 아니라, 반면 나는 현재의 교원이라는 직업을 천직으로 여기고 있는 자이었다. 천진난만한 어린이들을 데리고 그들을 가르치며 잘 지도한다는 것, 이것은 내가 사람으로서 할 바의 다시 없는 사명이었다.",
		"summary_3_cnt": 144
	}
}