{
	"Meta(Acqusition)": {
		"doc_id": "REPORT-literature-07495",
		"doc_category": "REPORT",
		"doc_type": "literature",
		"doc_name": "백조의곡(하)",
		"author": "김내성",
		"publisher": null,
		"publisher_year": null,
		"doc_origin": "저작권위원회"
	},
	"Meta(Refine)": {
		"passage_id": "REPORT-literature-07495-07495",
		"passage": " 인해병 원 원장 박인해라고 적혀 있었다. 사장실을 나설 때, 영훈은 연숙의 시선을 한 번 더 붙잡아 보았다. 연숙의 눈동자에는 이미 작렬된 바늘 끝 같은 감정은 허무러져 있었다. 김석호가 옆에 앉아 있지 않았던들 발판을 잃은 인형처럼 그 자리에 쓰러졌을는지 몰 랐다. 인사는 없으나 얼굴은 아는 박인해였다. 그 박인해가 영훈의 책상 앞에 조 용히 앉아 있었다. \"이 사나이가 나를 왜 찾아 왔을가?……\" 명함을 들여다 보는순간부터 느낀 정말로 예상 불측의 사나이었기 때문이 다. 한은주와 과거에 있어서 혼담이 있던 사나이었으며 최근에는 한은주를 이 리 저리 끌고 다니는 사나이 박인해 ─ 그 박인해가 말하자면 일종의라이 발(戀敵[연적])의 위치에 있는 자기를 방문했다는 것은 결코 상식적으로 보아서 타당한 일이 아니었다. \"나와 은주의 사이를 알아 보러 온 것이다. 그 결과 여하에 따라서 은주 와 자기와의 혼담을 추진시키려는 것이 분명하다.\" 그렇게 생각한 영훈은 한 줄기 적개심을 가지고 박인해 앞으로 성큼 성큼 걸어 갔다. \"제가 고영훈입니다.\" 영훈은 정중하게 인사를 하였더니 박인해는 그보다도 한층 더 정중히 허리 를 구부리며 \"박인해라고 부릅니다. 너무 돌연한 방문이 되어서 죄송합니다. 실은 어 제 아침에도 찾아 왔었지만 마침 일요일인 줄을 모르고…….\" \"앉으시지요.\" \"저 잠간 조용히 말씀 드릴 것이 있어서……혹시 바쁘시지 않으면 어디 근방 다방으로라도…….\" \"아, 그렇습니까. 그럼 나가시지요.\" 이 박인해라는 사나이와의 이야기에서 은주의 최근의 동향을 엿 볼 수가 있을 것만 같아서 영훈은 대단한 호기심을 가지고신여인사를 나섰다.\n",
		"passage_Cnt": 815
	},
	"Annotation": {
		"summary1": "영훈은 일종의 라이발의 위치에 있는 박인해가 왜 자신을 찾아온 것이 상식적이지 않다고 생각한다. ",
		"summary2": null,
		"summary3": "한은주와 과거에 있어서 혼담이 있던 사나이었으며 최근에는 한은주를 이 리 저리 끌고 다니는 사나이 박인해 ─ 그 박인해가 말하자면 일종의라이 발(戀敵[연적])의 위치에 있는 자기를 방문했다는 것은 결코 상식적으로 보아서 타당한 일이 아니었다. 그 박인해가 영훈의 책상 앞에 조 용히 앉아 있었다. \"이 사나이가 나를 왜 찾아 왔을가?……\" 명함을 들여다 보는순간부터 느낀 정말로 예상 불측의 사나이었기 때문이 다.",
		"summary_3_cnt": 233
	}
}