{
	"Meta(Acqusition)": {
		"doc_id": "REPORT-literature-07565",
		"doc_category": "REPORT",
		"doc_type": "literature",
		"doc_name": "해돋이",
		"author": "최서해",
		"publisher": null,
		"publisher_year": null,
		"doc_origin": "저작권위원회"
	},
	"Meta(Refine)": {
		"passage_id": "REPORT-literature-07565-07565",
		"passage": " 엄동설한에 자식을 잃고 집까지 잃은 김 소사는 며느리와 손녀를 데리고 어느 집 사랑방을 얻어 설을 지냈다. 이렇게 된 후로 그립던 고향은 더욱 그리웠다. 고향으로 정 가고 싶은 날은 가슴이 짤짤하여 미칠 것 같다. 그 러다가도 아들을 수천 리 밖 옥중에 집어 넣고 거러지꼴로 고향 밟을 일을 생각하면 불길같이 치밀던 망향심은 패배(敗北)의 한탄에 눌렸다. 더구나 나날이 “아버지”를 부르는 몽주 모녀를 볼 때면 가긍스런 감정이 오장을 슬슬 녹였다. 그는 마음을 어디다가 의지할 줄을 몰랐다. 의복도 없거니와 양식이 떨어져서 며느리와 시어미는 남의 집 방아를 찧어 주며 불도 때어 주고 기한을 면하였다. 원래 그리 순순치 않던 며느리는 공연히 생트집 잡 는 것과 종알종알하는 것이 나날이 심하였다. 김 소사에게는 이것이 설상가 상이었다. 하루는 만수 아내가 부엌에서 불을 때다가 무엇이 골이 났는지, “이 망한 갓난년아! 네 아비 따위가 남의 애를 말리더니 너도 또 못 견디 게 구누나.” 하는 독살스런 소리와 같이 몽주의 울음 소리가 들린다. 어린것은 송곳에 뿍 찔린 듯이 목청이 찢어지게 소리를 지른다. 마당에서 눈 속에 묻힌 짚부 스러기를 들추어 모으던 김 소사는 넋 없이 부엌으로 뛰어갔다. 치마도 못 얻어 입고 아랫도리가 뻘건 몽주는 부엌 앞에 주저앉은 대로 얼굴이 까맣게 질려서 주먹을 부르르 떨면서 입을 딱 벌렸다. “에구 몽주야 어째 우니?…….” 김 소사는 벌벌 떨면서 몽주를 안았다.\n",
		"passage_Cnt": 729
	},
	"Annotation": {
		"summary1": "원래 그리 순순치 않던 며느리는 생트집 잡는게 나날이 심해졌고 만수 아내의 독살스런 소리와 몽주의 울음소리는 김 소사에게는 설상가상이었다. ",
		"summary2": null,
		"summary3": "원래 그리 순순치 않던 며느리는 공연히 생트집 잡 는 것과 종알종알하는 것이 나날이 심하였다. 하루는 만수 아내가 부엌에서 불을 때다가 무엇이 골이 났는지, “이 망한 갓난년아! 네 아비 따위가 남의 애를 말리더니 너도 또 못 견디 게 구누나.” 하는 독살스런 소리와 같이 몽주의 울음 소리가 들린다. 김 소사에게는 이것이 설상가 상이었다.",
		"summary_3_cnt": 192
	}
}