{
	"Meta(Acqusition)": {
		"doc_id": "REPORT-literature-07541",
		"doc_category": "REPORT",
		"doc_type": "literature",
		"doc_name": "수평선 너머로",
		"author": "김동인",
		"publisher": null,
		"publisher_year": null,
		"doc_origin": "저작권위원회"
	},
	"Meta(Refine)": {
		"passage_id": "REPORT-literature-07541-07541",
		"passage": "“나는 하지 못할 일은 장담을 못하겠고 소춘 씨가 LC당에 배반을 했다가는 잔혹한 벌이 있는 것도 짐작하는 바니까 도덕상 되지 않은 일이지만 절도쯤 은 방해하지 않으리다.” “내 신체상의 구속은 언제 해제할 테요?” “소춘 씨가 노백작께 대한 사적 복수를 단연 중지하시겠다면 당장에라 도….” “서인준 씨, 맹세하리다. 노백작에게는 결코 손을 대지 않을 것을….” “사내로서?” “사내로서 ─ 연로하신 어머님을 위해서… 그 이외의 일 그 이상의 일은 서인준 씨도 간섭을 안하시겠다고 내게 맹서를 하시오.” “맹서합니다.” 이리하여 소춘이가 사사로써 노백작에게 원수를 갚으려던 행동은 중지하기 를 인준이에게 맹서 하였다. 그 대신 인준이는 또 공채를 훔쳐 내는 데는 간 섭을 하지 않기로 맹서를 하였다.\n서인준과 김소춘이가 맹세를 하고 소춘이를 피아노 강습소에서 무사히 돌 려 보낸 것은 새벽 두 시가 벌써 넘어서였다.\n소춘이가 돌아간 뒤를 따라서 또 한 사람이 피아노 강습소를 나섰다. 소춘 이가 어디까지 가는지 그 뒤를 밟고자 함이었다.\n그 미행자가 나간 다음에 인준이도 강습소를 나섰다. 어젯밤 한잠도 못 잔 인준이는 매우 피곤 하였다. 아파트로 돌아가서 평안히 쉬기 위해서였다.\n노백작의 위에 가하여지려는 위험은 막았다. 김소춘이도 사내 ─ 더구나 제 이급까지 올라간 고급 악한 ─ 자기의 맹서를 위반치는 않을 것이다.\n그와 동시에 인준이 자기의 임무도 차차 가능성이 많아졌다.\n윤 백작 댁 어느 곳에 감추여 있는지 알지 못하는 그 공채를 인제 장차 LC 당에서 훔쳐 낼 것이다. 윤 백작 댁과 밀접한 관계를 가지고 있는 김소춘이 라는 인물이 LC당에 있는 한에는 그 공채는 불원간 LC당에게로 넘어갈 것이 다.\n",
		"passage_Cnt": 850
	},
	"Annotation": {
		"summary1": "소춘이가 인준이에게 공채를 훔쳐 내는 데 간섭을 하지 않기로 맹세를 받고 새벽 두 시가 넘어 강습소를 나서는데 한 사람이 그 뒤를 밟았다.",
		"summary2": null,
		"summary3": "그 대신 인준이는 또 공채를 훔쳐 내는 데는 간 섭을 하지 않기로 맹서를 하였다. 서인준과 김소춘이가 맹세를 하고 소춘이를 피아노 강습소에서 무사히 돌 려 보낸 것은 새벽 두 시가 벌써 넘어서였다. 소춘이가 돌아간 뒤를 따라서 또 한 사람이 피아노 강습소를 나섰다. 소춘 이가 어디까지 가는지 그 뒤를 밟고자 함이었다.",
		"summary_3_cnt": 181
	}
}