{
	"Meta(Acqusition)": {
		"doc_id": "REPORT-literature-07344",
		"doc_category": "REPORT",
		"doc_type": "literature",
		"doc_name": "식곤",
		"author": "백신애",
		"publisher": null,
		"publisher_year": null,
		"doc_origin": "저작권위원회"
	},
	"Meta(Refine)": {
		"passage_id": "REPORT-literature-07344-07344",
		"passage": "식곤 네 “ 까짓 것이야 단 주먹에 박살이 난다. 속히 내 놓아라.” “…….” “이 년, 못 내 놓을까?” “…….” “이 년아, 네 이 년아, 이 년이 이런.” “…….” “이. 저 년이 귓구멍이 맥혀 빠졌나? 이 년아, 글쎄 돈 오십 전만 내란 말이다.” “…….” “오십 전이 없거든 이십 전만 내 놓아.” “…….” “당장에 뱃대지를 푹 찔러 죽여 버년, 돈 십전만 내 놓아라 응.” “…….” “이 년이 그래도 벼락을 맞지 않았어. 근질근질 하구나. 돈 오전 이라도 내 놓아라.” “…….” “이런 빌어먹을 년이 단 돈 오 전도 안 내어 놓는다? 헛 이 년이야…… 에라기…… 이 년…….” “…….” “이런 빌어먹을 년이 단돈 오 전도 안 내어 놓는다? 헛 이 년이야…… 에 락기이 년…….” 후다닥…… 하며 마누라의 몸은 뜰 한가운데 가 큰 대자로 때려 뉘어졌다. “이 년이 돈 오 전도 없다고 사람의 속을 이렇게 썩힌 단 말이지. 에이 에 이 년.” 연달아 박차고 밟고 두들기고 하다가 나중에는 기운이 빠졌는지 방 안으로 뛰어들어가 다 떨어져가는 노랑 장롱문을 뚝 잡아떼고 그 안에 든 의복을 되는 대로 방안에 펼쳐 놓으며 그 중에 한 가지를 골라잡고 밖으로 뛰어나와 아직껏 뜰 가운데에 자빠진 마누라를 보자, 손에 쥔 의복으로 두서너 번 갈 기고는 그대로 휭 ─ 사라져 버렸다. 마누라는 죽은 사람같이 쭉 뻗고 누었다가 이윽고 간신히 일어나 앉았다. “도적놈.” 그는 단 한마디로 입 안에서만 중얼거리며 일어서려고 몇 번이나 애를 쓰 다가 그대로 슬슬 기어 방으로 들어가 “어 ─ 아이.” 하며 길게 한바탕 한숨을 하고 방 앞에 흩어져 있는 옷가지들을 주섬주섬 한 데 뭉쳐 농 안에 밀어놓고 떨어진 농문짝을 집어 농문을 막으려다가 그 대로 방 한 옆에 밀쳐놓았다.\n",
		"passage_Cnt": 885
	},
	"Annotation": {
		"summary1": "돈 오전도 없어 속을 썩히냐며 연신 마누라를 두들기다가 의복 하나 골라잡고 나와 뜰에 아직껏 자빠진 마누라를 두어 번 갈기고는 그대로 사라져 버렸다.",
		"summary2": null,
		"summary3": "“이 년이 돈 오 전도 없다고 사람의 속을 이렇게 썩힌 단 말이지. 에이 에 이 년.” 연달아 박차고 밟고 두들기고 하다가 나중에는 기운이 빠졌는지 방 안으로 뛰어들어가 다 떨어져가는 노랑 장롱문을 뚝 잡아떼고 그 안에 든 의복을 되는 대로 방안에 펼쳐 놓으며 그 중에 한 가지를 골라잡고 밖으로 뛰어나와 아직껏 뜰 가운데에 자빠진 마누라를 보자, 손에 쥔 의복으로 두서너 번 갈 기고는 그대로 휭 ─ 사라져 버렸다.",
		"summary_3_cnt": 233
	}
}