{
	"Meta(Acqusition)": {
		"doc_id": "REPORT-literature-07660",
		"doc_category": "REPORT",
		"doc_type": "literature",
		"doc_name": "성화",
		"author": "이효석",
		"publisher": null,
		"publisher_year": null,
		"doc_origin": "저작권위원회"
	},
	"Meta(Refine)": {
		"passage_id": "REPORT-literature-07660-07660",
		"passage": "불같은 분을 품은 욕지거리일 터임에도 불구하고 두 사람의 건네는 말은 은근한 회화같이 부드럽고 입은 저고리 같이도 하아얀 얼굴에는 이렇듯한 노기를 찾아볼 수는 없었다. 그 싸움 가운데에서 이상한 것은 그것을 방관하고 섰는 다름 한 사람의 보이였다. 그는 한편에 가담하는 법도 만류하는 법도 없이 냉정하게 그러나 부드러운 낯으로 동료의 싸움을 바라만 보고 있었다. 모든 것이 부드럽게 보이면서도 기실 눅진한 공기가 흘렀다. 이상스런 한 폭의 그림이었다. 그 평화스럽고도 격렬한 싸움은 나에게는 우연히도 진한 암시였다. 여행의 목적지에 도착한 날새벽부터 목격하게 된 그 괴이한 인연을 나는 결코 유 쾌히 여기지 않으면 식당을 닫혔다. 목적지에 도착되자 우리는 바다도 멀지 않고 산도 가까운 온천거리에 행장을 내렸다. 개울로 향한 여관 이층에 각각 방을 잡고 산속의 생활이시작되면서부터 나의 마음속에는 식당에서 목격한 것과 같은 진득한 싸움이 일어나게 되었다. “저는 지금 꿈속 사람인 셈이에요.” 유례는 짐을 정리하고 나서 말하였다. “꿈속 아니고는 이러한 행동을 할 리 없어요. 정신없이 짐을 싸가지고 기차를 타고 이런 곳에 내려 이런 방에까지 들게 된 것이 모두 꿈이에요.\n무슨 까닭에 무엇하러 왔는지를 도무지 분간할 수 없군요. 이 꿈이 깨일 때 저는 얼마나 부끄러워하고 뉘우치게 될는지 몰라요.” 유례가 이런 반성에 잠길 때 나는 또한 내 자신의 생각과 괴롬 속에 잠겼다. 두 가지의 마음이 두 사람의 보이같이 평화스럽게 은근히 싸우는 것이었다.\n",
		"passage_Cnt": 756
	},
	"Annotation": {
		"summary1": "우리가 목적지에 도착돼 여관 이 층에 각각 방을 잡고 산속 생활을 시작하면서부터 나의 마음속에는 진득한 싸움이 일어나게 되었다.",
		"summary2": null,
		"summary3": "목적지에 도착되자 우리는 바다도 멀지 않고 산도 가까운 온천거리에 행장을 내렸다. 개울로 향한 여관 이층에 각각 방을 잡고 산속의 생활이시작되면서부터 나의 마음속에는 식당에서 목격한 것과 같은 진득한 싸움이 일어나게 되었다.",
		"summary_3_cnt": 126
	}
}