{
	"Meta(Acqusition)": {
		"doc_id": "REPORT-literature-07615",
		"doc_category": "REPORT",
		"doc_type": "literature",
		"doc_name": "허영",
		"author": "홍난파",
		"publisher": null,
		"publisher_year": null,
		"doc_origin": "저작권위원회"
	},
	"Meta(Refine)": {
		"passage_id": "REPORT-literature-07615-07615",
		"passage": " 이 광경을 보고는 흥식이도 견딜 수 없어서 마루 위로 올라선 후 옥지가 내려오는 길을 쳐다 보았다. 아, 저게 웬 일인가? 옥지 혼자서!……하고 눈이 둥그래졌다. 그러나, 우식이가 전후 일을 불계하고 쫓아 올라가니 장차 어찌할 작정인 가. 혹시 잘못 수작을 하다가 봉변이나 아니 당할까. 내가 여기 있으니까 만 일 발악을 한다든지 불여의한 것이 있거든 한 번 해보지. 나도 사나이 자식 이다……하고 반 걱정 반 의심 중에서 두 사람이 서로 마주치기만 기다리고 있다. 아, 거진 거진 맞닥뜨리게 되었다. 이 때가 재미있는 판이로구나. 아? 저것 보게! 하고 몸이 아찔아찔해서 견딜 수 없는 듯이 두 주먹을 꼭 쥐고 부르르 떨었다. 옥지와 우식이의 눈은 마주쳤다. 이 때의 두 사람의 심정은 과연 어떠하였 을까? 옥지는 청천벽력을 만난 듯이 가슴이 덜컥 내려앉아서 길거리에 그만 주저앉았다. 우식이는 떨리는 목소리로, 옥지! 옥지! 이것이 얼마만이오? 하고 옥지의 앞으로 달려들었다. 갑자기 놀랜 옥지는 별안간에 무엇이라고 할 말은 없고 자기의 죄악이 탈 로되는 듯하여 남은 것은 악 밖에 없다. 그래서 이를 꼭 물고 몸서리를 치며 부르르 떨고 있다. 우식이는 옥지의 손을 잡아 일으키며 뜨거운 눈물을 흐리 며 반가운 뜻을 표한다. 여보시오. 옥지 씨! 어쩌면 그렇게도 만날 수가 없소? 나는 그동안 옥지를 찾아다니느라고 천신만고를 하고 돌아다녔소. 우식씨가 왜 저 같은 여자를 찾으셔요? 무어? 왜 찾느냐고요? 그러면 옥지 씨는 내 생각은 조금도 하지 않으셨단 말씀이오? 옥지 씨! 비록 목전에 부귀영화가 중하기는 하더라도 3 년 전에 수 원서 헤어질 때에 하던 말씀을 생각해 보시오.\n",
		"passage_Cnt": 832
	},
	"Annotation": {
		"summary1": "우식은 떨리는 목소리로 옥지를 불렀으나 우식의 눈을 마주친 옥지는 자기 죄가 탄로 날 듯 하여 부르르 떨며 길거리에 주저앉았다.",
		"summary2": null,
		"summary3": "옥지와 우식이의 눈은 마주쳤다. 옥지는 청천벽력을 만난 듯이 가슴이 덜컥 내려앉아서 길거리에 그만 주저앉았다. 갑자기 놀랜 옥지는 별안간에 무엇이라고 할 말은 없고 자기의 죄악이 탈 로되는 듯하여 남은 것은 악 밖에 없다. 그래서 이를 꼭 물고 몸서리를 치며 부르르 떨고 있다. 우식이는 떨리는 목소리로, 옥지!",
		"summary_3_cnt": 178
	}
}