{
	"Meta(Acqusition)": {
		"doc_id": "REPORT-literature-07477",
		"doc_category": "REPORT",
		"doc_type": "literature",
		"doc_name": "선화공주",
		"author": "현진건",
		"publisher": null,
		"publisher_year": null,
		"doc_origin": "저작권위원회"
	},
	"Meta(Refine)": {
		"passage_id": "REPORT-literature-07477-07477",
		"passage": " “그야 다 이를 말인가. 어질고 착하시고 또 총명이 제일 하시다고 들었으 니 설령 태자가 아니 나시는 한이 있드래도 맏공주님께서 의당당히 나랏뒤 를 이으실 것 아닌가?” 칠부는 수품의 말이 떨어지기가 무섭게 덕만 공주의 칭찬을 늘어 놓았다. “키도 부왕을 닮으시어서 훤출하시고 그 얼굴도 마치 오늘밤 은달 모양으 로 맑고 밝으시고 덕성스러우시고……. 치마를 두르셨기에 여자 시지, 어느 남자고 그 어른을 따르실 만한 사람이 어디 또 있을까?” “워낙 천품이 뛰어나시거든, 당나라에서 목단화 꽃씨를 보내고 만발한 그 꽃을 그린 그림을 보냈을 적에 덕만 공주께서는 그 그림을 한 번 보시고 이 꽃이 화려하고 탐스럽기는 하나, 필경 향기가 없으리라고 하셨다지. 상감께 서 이상히 여기시고 어째 네가 그 꽃에 향기가 없을 줄 아느냐, 물으시매 공주의 대답이 절창이거든. 꽃만 그려 놓고 나비를 그리지 않은 것을 보면 정녕 향기 없는 꽃인 줄로 아옵니다, 아뢰었단 말이지. 그 후 그 꽃씨를 심 어 꽃이 핀 뒤에 보니 과연 향기가 없더란 말이어. 이 조그만한 일 한 가지 만 보드래도 어째 범상한 어른이라 할 수가 있느냐 말이야. 성인의 바탕이 시거든.” 칠부의 입에는 침이 없었다. “그는 그러하시지만 너무 덕성스러우시지.” 눌문은 의미 있게 하늘을 쳐다본다. “너무 덕성스러웁단 말이 웬 말인가?” 칠부가 시비나 차릴 듯이 대어든다. “아기자기한 여자다운 맛이 적단 말일세. 예삿 어른이 아니고 성인이란 말일세.” “그러기에 성골이시지.” “그래 성골이시지.” “그러면 둘째 공주는 어떠신고?” “달만(月蔓)공주, 곧 달 애기 씨 말이지.” “따지기는 왜 이렇게 따져, 뻔한 노릇을.” “글쎄, 어떻다고 할까. 달같이 환하시기야 하시지만…….” “너무 아버님을 많이 닮으셨어.” “키가 너무 크시단 말이지.” “허헛허.” 여럿의 웃음소리는 달빛을 따라 흩어졌다.\n",
		"passage_Cnt": 929
	},
	"Annotation": {
		"summary1": "칠부는 착하고 어진 맏공주님께서 의당당히 나랏뒤를 이으실 것이라는 수품의 말에 덕만 공주를 칭찬했다.",
		"summary2": null,
		"summary3": "“그야 다 이를 말인가. 어질고 착하시고 또 총명이 제일 하시다고 들었으 니 설령 태자가 아니 나시는 한이 있드래도 맏공주님께서 의당당히 나랏뒤 를 이으실 것 아닌가?” 칠부는 수품의 말이 떨어지기가 무섭게 덕만 공주의 칭찬을 늘어 놓았다.",
		"summary_3_cnt": 134
	}
}