{
	"Meta(Acqusition)": {
		"doc_id": "REPORT-literature-07358",
		"doc_category": "REPORT",
		"doc_type": "literature",
		"doc_name": "광공자",
		"author": "김동인",
		"publisher": null,
		"publisher_year": null,
		"doc_origin": "저작권위원회"
	},
	"Meta(Refine)": {
		"passage_id": "REPORT-literature-07358-07358",
		"passage": " 새덫을 뜰에 장치하여 놓아두었다. 그리고 시강원 좌우 빈객이 한창 시강 을 할 때에 새덫에 새가 와서 잡히기만 하면, 버선발로 뛰어 나가서 잡힌 새를 꺼내고 다시 장치하여 놓고 들어오고 하였다. 공식 조하 같은 때에 동궁이 반드시 대전을 모시고 조하를 받아야 할 경우 같은 때도, 오늘은 머리가 아파서 못하겠다, 오늘은 여사여사하여 못 모시 겠다, 모두 회피하여 버리고 하였다. 그래서 사실 머리가 아프든가, 혹은 모 피할 만한 사세가 있는가 알아보면, 그렇지도 않고, 춘방에 누워서 딩굴 고 있거나 혹은 사냥을 나가거나 한 것으로서, 단지 피하기 위해서 꾸며낸 일시적 허언에 지나지 못하였다. 할 수 있는 껏 부왕 전하를 대할 기회를 피하였다. 매일 조석의 문안도 대 개는 시종을 대리시켰다. 부득이 뵙지 않을 수가 없는 때는, 잠깐 뵙고는 즉시로 물러나오고 하였다. 무론 이 모든 행동이, 세상으로 하여금 자기를 광인(狂人)으로 알게 하여, 공의(公義)에 좇아 저절로 폐사(癈嗣)가 되어, 첫째로는 부왕 전하께 ‘까 닭 없이 동궁의 위를 바꾸었다’는 악명을 안 돌리고, 둘째로는 현명한 동생 충녕(忠寧)으로 하여금 이 백성의 위에 임하게 하여, 인군(仁君)의 덕화에 멱감 기고 싶은 때문에 하는 것이지만, 사실에 있어서도 부왕 전하께 대하기 가 싫었다. 대하면 반드시 화증을 내시고 공연한 꾸중만 내리므로 할 수 있 는 껏 피하고 싶기도 하였다. 이러한 광태를 부리는 한편으로는, 또한 동궁으로서는 행하지 못할 난행까 지 자주 하였다.\n",
		"passage_Cnt": 751
	},
	"Annotation": {
		"summary1": "뜰에 장치해 놓아둔 새덫에 새가 잡히면 새를 꺼내고 다시 장치한다.",
		"summary2": null,
		"summary3": "새덫을 뜰에 장치하여 놓아두었다. 그리고 시강원 좌우 빈객이 한창 시강 을 할 때에 새덫에 새가 와서 잡히기만 하면, 버선발로 뛰어 나가서 잡힌 새를 꺼내고 다시 장치하여 놓고 들어오고 하였다.",
		"summary_3_cnt": 109
	}
}