{
	"Meta(Acqusition)": {
		"doc_id": "REPORT-literature-07551",
		"doc_category": "REPORT",
		"doc_type": "literature",
		"doc_name": "대탕지 아주머니",
		"author": "김동인",
		"publisher": null,
		"publisher_year": null,
		"doc_origin": "저작권위원회"
	},
	"Meta(Refine)": {
		"passage_id": "REPORT-literature-07551-07551",
		"passage": " 병인이 아닌 사람은 대개 제 짝을 제가 데리고 왔다. 쌍쌍이 밀려 다녔다.\n그 위에 도대체 이 온천장에는 사내보다도 여인이 더 많았다. 모두가 다부코의 예상과는 달랐다. 하이컬러 청년들이 많이 와서 여인이 지나가면 슬슬 곁눈으로 보며 간간 뒤도 밟으며 말도 걸며…… 이런 것을 예상하였던 다부코에게는 의외였다. 도대체 다부코가 듣기에는 남자들이 많고 낚시질만 잘하면 상당한 수확이 있다더니 그것이 전혀 헛말인가 보다. 다부코는 차차 등이 달았다. 하루에 1원 50전씩이다. 가만있노라면 어느덧 1원 50전씩이 흭흭 없어져나 간다. 나카이 3년 간에 간신히 8원 각수를 모았거늘, 여기서는 하루에 1원 50전씩 (점심은 굶고)이 저절로 없어져나가니 3년 벌이가 며칠 동안에 날아간다. 이리저리 변통해가지고 온 돈이 20원인데, 오는 차비 2원 장차 갈차비 2원을 제하면 16원이다. 점심 굶고 담배 굶고 탕에도 못 들어가고 열흘 밥값이 다. 좋은 봉을 첫 날로 물지 못하고 ‘첫 날로야 쉬우랴’ 고 자위하며 이튿날 기다리고 또 그 이튿날을 기다리고 이렇게 기다리기를 벌써 엿새, 밥값으로 9원, 자기의 3년 간 번 돈보다도 엿새 동안의 밥값이 더 크게 되었다. 인제 나흘 안으로 봉을 하나 물지 못하면 20원은 비상천 이로다. 이런 데나와서 보니 20원이라는 돈은 우스운 액수지만 자기가 그간 3년 간을 번 생각을 하고, 또한 주인어머니와 동무에게 12원 각수라는 돈을 장차 갚을 생각을 하니 꿈에나 어떻게 될지 그전에는 어쩔 도리가 없다.\n",
		"passage_Cnt": 751
	},
	"Annotation": {
		"summary1": "온천장은 하이컬러 청년들이 여인에게 치근덕 거리는 것을 생각했던 다부코의 예상과 달리 대부분 짝을 이뤄 다녔다.",
		"summary2": null,
		"summary3": "병인이 아닌 사람은 대개 제 짝을 제가 데리고 왔다. 모두가 다부코의 예상과는 달랐다. 그 위에 도대체 이 온천장에는 사내보다도 여인이 더 많았다. 하이컬러 청년들이 많이 와서 여인이 지나가면 슬슬 곁눈으로 보며 간간 뒤도 밟으며 말도 걸며…… 이런 것을 예상하였던 다부코에게는 의외였다.",
		"summary_3_cnt": 165
	}
}