{
	"Meta(Acqusition)": {
		"doc_id": "REPORT-literature-07603",
		"doc_category": "REPORT",
		"doc_type": "literature",
		"doc_name": "떡",
		"author": "김유정",
		"publisher": null,
		"publisher_year": null,
		"doc_origin": "저작권위원회"
	},
	"Meta(Refine)": {
		"passage_id": "REPORT-literature-07603-07603",
		"passage": "개울길을 내려오자 우물이 눈에 띄자 얘는 갑작스레 조갈을 느꼈다. 엎드려 바가지로 한 모금 꿀꺽 삼켜본다. 이와 목구멍이 다만 잠깐 저렸을 뿐 물은 곧바로 다시 넘어온다. 그뿐 아니라 뒤를 이어서 떡이 꾸역꾸역 쏟아진다.\n잘 씹지 않고 얼김에 삼킨 떡이라 삭지 못한 그대로 덩어리 덩어리 넘어온 다. 우물 전 얼음 위에는 삽시간에 떡이 한 무더기. 옥이는 다시 눈 위에 기운 없이 쓰러지고 말았다. 이러던 애가 어떻게 제 집엘 왔을까 생각하면 여간 큰 노력이 아니요 참 장한 모험이라 안 할 수 없는 일이다. 내가 옥이네 집을 찾아간 것은 이때 썩 지어서이다. 해넘이의 바람은 차고 몹시 떨렸으나 옥이에 대한 소문이 흉함으로 퍽 궁금하였다. 허둥거리며 방 문을 펄떡 열어보니 어머니는 딸 머리맡에서 무르팍에 눈을 비벼가며 여지 껏 훌쩍거리고 앉았다. 냉병은 아주 가셨는지 노상 노렇게 고민하던 그 상 이 지금은 불콰하니 눈물이 흐른다. 그리고 놈은 쭈그리고 앉아서 나를 보 고도 인사도 없다. 팔짱을 떡 찌르고는 맞은 벽을 뚫어보며 무슨 결끼나 먹 은 듯이 바아루 위엄을 보이고 있다. 오늘은 일찍 나온 것을 보면 나무도 잘 판 모양. 얼마 후 놈은 옆으로 고개를 돌리더니 여보게 참말 죽지는 않 겠나 하고 물으니까 봉구는 눈을 끔벅끔벅하더니 죽기는 왜 죽어 한나절토 록 경을 읽었는데 하고 자신이 있는 듯 없는 듯 얼치기 대답이다. 제딴은 경을 읽기는 했건만 조금도 효험이 없으매 저로도 의아한 모양이다. 이 봉 구란 놈은 번시가 날탕이다. 계집에 노름에 훅하는 그 수단은 당할 사람이 없고 또 이것도 재주랄지 못하는 게 별반 없다. 농사로부터 노름질 침주기 점치기 지우질 심지어 도적질까지. 경을 읽을 때에는 눈을 감고 중얼거리는 것이 바로 장님이 왔고 투전장을 뽑을 때에는 그 눈깔이 밝기가 부엉이 같 다.\n",
		"passage_Cnt": 903
	},
	"Annotation": {
		"summary1": "얘는 개울 길을 내려오며 목이 말라 우물에서 물을 한 모금 삼키고 떡을 잘 씹지도 않고 꾸역꾸역 먹었다.",
		"summary2": null,
		"summary3": "개울길을 내려오자 우물이 눈에 띄자 얘는 갑작스레 조갈을 느꼈다. 엎드려 바가지로 한 모금 꿀꺽 삼켜본다. 그뿐 아니라 뒤를 이어서 떡이 꾸역꾸역 쏟아진다. 잘 씹지 않고 얼김에 삼킨 떡이라 삭지 못한 그대로 덩어리 덩어리 넘어온 다. 경을 읽을 때에는 눈을 감고 중얼거리는 것이 바로 장님이 왔고 투전장을 뽑을 때에는 그 눈깔이 밝기가 부엉이 같 다.",
		"summary_3_cnt": 201
	}
}