{
	"Meta(Acqusition)": {
		"doc_id": "REPORT-literature-07204",
		"doc_category": "REPORT",
		"doc_type": "literature",
		"doc_name": "광공자",
		"author": "김동인",
		"publisher": null,
		"publisher_year": null,
		"doc_origin": "저작권위원회"
	},
	"Meta(Refine)": {
		"passage_id": "REPORT-literature-07204-07204",
		"passage": " “저하 어디 편찮으시오니까?” “하늘을 한참 보았더니 눈이 좀 부시는구먼요.” × 그 날 계성군 이래는 여러가 지 예사롭지 못한 모양을 동궁에게서 발견하였 다. 글 배우기를 싫어하는 것이 현저하였다. 아직껏의 동궁은 한 글자라도 더 알려 하였고 한 구라도 더 깨달으려 하였거늘, 그 날은 웬일인지, 자기 가 그 앞에서 강론을 하여도 듣는 듯싶지도 않았다. 한창 동궁의 앞에서 고 성(古聖)의 가르침을 강론할 적에도 동궁은 우두머니 앉아 있다가는 뚱딴짓 말을 꺼내기가 예사였다. 이래가 한창 글뜻의 해석을 설명하고 있을 때에, 동궁은 갑자기 하인을 불러서 무슨 다른 일을 분부하기가 일쑤였다. ―말하 자면, 이래는 이래 혼자서 이야기를 하고 있고, 동궁은 동궁대로 다른 생각 을 하고 있는 것이 분명하였다. 이래의 생각에는 이것은 너무도 괴이한 일이었다. 시강을 끝내고 춘방을 물러나온 이래는 임금께 들어가 뵙고 “오늘 시강한 때에 뵈오니 동궁이 미 령하신 듯 하오니, 의관(醫官)을 보내어 진맥합시다”고 여쭈었다. × 그 뒤로부터 동궁의 태도는 나날이 변하였다. 글 배우기를 싫어하였다. 단지 글 배우기만 싫어하였다 하면 그것은 문제가 다르게 붙으나, 행동거 지가 차차 수상한 점이 많아 갔다. 단아한 공자였다. 문과 무에 어울러 능한 청년이었다. 그러나 지금의 동궁 에 있어서는 ‘단아하다’ 는 점은 찾아 보려야 찾을 수가 없었다. 한순간이 라도 눈이 한 군데 멈추어 있는 적이 없었다. 두룩두룩, 두리편 두리편, 위 아래 전후좌우로 움직이고 구을고 하여,눈부터가 그러매 다른 행동도 거기 따라 내려앉지를 못하고, 남 보기에 무슨 큰 죄나 범한 인물인 듯싶었다. 귀 공자는커녕 천종 중에도 최천종집 자식 같았다.\n",
		"passage_Cnt": 849
	},
	"Annotation": {
		"summary1": "동궁은 한 글자라도 알려 하고 한 구라도 깨달으려 했는데 그날은 웬일인지 듣는 듯 싶지도 않고 가르침을 강론할 때도 뚱딴지 말을 꺼내기 예사였다.",
		"summary2": null,
		"summary3": "아직껏의 동궁은 한 글자라도 더 알려 하였고 한 구라도 더 깨달으려 하였거늘, 그 날은 웬일인지, 자기 가 그 앞에서 강론을 하여도 듣는 듯싶지도 않았다. 한창 동궁의 앞에서 고 성(古聖)의 가르침을 강론할 적에도 동궁은 우두머니 앉아 있다가는 뚱딴짓 말을 꺼내기가 예사였다.",
		"summary_3_cnt": 155
	}
}