{
	"Meta(Acqusition)": {
		"doc_id": "REPORT-literature-07474",
		"doc_category": "REPORT",
		"doc_type": "literature",
		"doc_name": "백발홍장(白髮紅粧)",
		"author": "차상찬",
		"publisher": null,
		"publisher_year": null,
		"doc_origin": "저작권위원회"
	},
	"Meta(Refine)": {
		"passage_id": "REPORT-literature-07474-07474",
		"passage": " 그리하여 어떤 때에는 자기의 외가나 본가 사당앞에 가서 소리를 놓아 통 곡도 하고 또 어떤 때에는 자기의 손으로 아주 그 사당을 불질러 버리고 자 살을 하여 죽으려고 결심도 하였다. 하루는 전과같이 이병사 집에 가서 밤이 늦도록 장기를 두다가 집에 돌아 와 자고 있으려니까 꿈속에서 어떤 백발 노인이 와서 자기를 보고 하는 말 이 \"그대가 처자가 없어서 그렇게 애를 쓰니 내가 좋은 여자를 하나 지시하 여 아들 딸 낳고 장래에 복록이 진진하게 잘 살게 하여 주마.\" 하고 자기를 인도하여 어떤 곳으로 가더니 자주 옷을 입은 처녀를 가리키며 그것이 자기의 천생 배필 이라고 말하더니 그만간데 온 데 없이 사라져 버 리고 말았다. 효준은 깜짝 놀라 깨어본즉 꿈이었다. 마음에 퍽도 이상히 여기어 이런 생 각각 저런 생각각을 하느라고 잠도 잘 자지 못하고 밤을 그대로 밝히고 그 이튿 날 아침에 조반을 먹고는 전 날에 하던 일을 되풀이하여 이병사 집으로 또 놀러 갔었다. 그 전 날에는 아무리 그 집에 놀러가도 여자라고는 그 집에서 심부름하는 계집종 밖에 볼 수 없더니 그날에는 공교롭게 그 집 대문 앞에 처녀가 나와서 있다가 자기를 보고 피하여 들어 가는데 이상하게도 전날 꿈 에 노인이 지시하여 주던 그 여자와 얼굴 모습도 똑 같고 의복의 빛갈까지 도 조금도 틀림이 없었다. 효준은 마음에 퍽 신기하게 생각각하고 그 집에 있는 하인에게 넌지시 묻기 를 \"아까 대문 앞에 나왔던 처녀가 누구며 나이가 또한 몇 살이냐?\" 고 물었더니 하인은 대답하되 \"그 처녀는 바로 주인 이병사의 막내 따님며 올해 열여섯살이 올 시 다.\" 하였다.\n",
		"passage_Cnt": 801
	},
	"Annotation": {
		"summary1": "효준은 꿈 때문에 이런저런 생각각을 하느라 잠도 잘 못 자고 이 병사 집으로 놀러 갔다.",
		"summary2": null,
		"summary3": "효준은 깜짝 놀라 깨어본즉 꿈이었다. 마음에 퍽도 이상히 여기어 이런 생 각각 저런 생각각을 하느라고 잠도 잘 자지 못하고 밤을 그대로 밝히고 그 이튿 날 아침에 조반을 먹고는 전 날에 하던 일을 되풀이하여 이병사 집으로 또 놀러 갔었다.",
		"summary_3_cnt": 134
	}
}