{
	"Meta(Acqusition)": {
		"doc_id": "REPORT-literature-07422",
		"doc_category": "REPORT",
		"doc_type": "literature",
		"doc_name": "수평선 너머로",
		"author": "김동인",
		"publisher": null,
		"publisher_year": null,
		"doc_origin": "저작권위원회"
	},
	"Meta(Refine)": {
		"passage_id": "REPORT-literature-07422-07422",
		"passage": "소춘은 또 잠잠하여 버렸다.\n“김소춘 씨.” “….” “내가 그 새 보낸 타이프라이터의 특징 있는 글자를 연구해서 그 방면으로 도 활동한 결과 당 간부의 근거 장소도 짐작이 갔읍니다. LC당의 조선 잠입 은 허사일 뿐더러 자멸지책을 취한 느낌이 없지 않습니다. 수 삼 일 내로 조선에 들어온 LC당원은 전멸이 될 것이외다. 자 대답을 하세요. 김소춘 씨 자당의 생명과 노백작의 생명을 교환하자는 말씀이외다. 나만 눈감으면 조 선 경찰에서는 김소춘 씨가 어떻게 생긴 사람인지 어디 있는 사람인지 알지 도 못 할 것이외다. 어떠세요? 교환을 하렵니까?” 소춘이는 여전히 대답치 않았다. 잠깐 들었던 머리를 도로 숙여 버렸다.\n또 잠시의 침묵.\n“자 어서 태도를 결정하세요.” 인준이는 또 채근하였다. 너덧 번을 채근을 받은 뒤에 소춘이는 비로소 조 금 머리를 다시 들었다.\n“서인준 씨.” “네?” “내 태도를 결정하기 전에 몇 가지 알아볼 일이 있소이다.” “무엇이오니까?” “서인준 씨의 조선 오신 목적은?” 인준이는 소춘이를 바라보았다. 소춘이에게 쓸데 없는 질문을 하므로 그 뜻을 알아보고자.\n“그것부터 말씀해 주세요.” 소춘이는 채근하였다.\n인준이는 소춘이에게 두 번을 채근을 받고 빙긋이 웃었다. 웃을 뿐 대답은 안하였다.\n“서인준 씨. 인준 씨는 조선 들어오는 길로 윤 백작 댁 근처를 배회하셨지 요. 그 뒤에도 필요없이 윤 백작 댁에 출입이 잦았지요? 인준 씨의 목적도 짐작갑니다. 나를 경찰에 내어주면 인준 씨에게 불리한 일 안 생길까?” 도로혀 인준이에게 위협하는 태도였다.\n",
		"passage_Cnt": 778
	},
	"Annotation": {
		"summary1": "태도를 결정하라는 인준이의 채근을 들은 소춘이는 머리를 들더니 조선에 온 서인준씨의 목적이 무엇이냐고 물었다.",
		"summary2": null,
		"summary3": "“자 어서 태도를 결정하세요.” 인준이는 또 채근하였다. 너덧 번을 채근을 받은 뒤에 소춘이는 비로소 조 금 머리를 다시 들었다. “서인준 씨.” “네?” “내 태도를 결정하기 전에 몇 가지 알아볼 일이 있소이다.” “무엇이오니까?” “서인준 씨의 조선 오신 목적은?” 인준이는 소춘이를 바라보았다.",
		"summary_3_cnt": 169
	}
}