{
	"Meta(Acqusition)": {
		"doc_id": "REPORT-literature-07631",
		"doc_category": "REPORT",
		"doc_type": "literature",
		"doc_name": "단장(短章)",
		"author": "정인택",
		"publisher": null,
		"publisher_year": null,
		"doc_origin": "저작권위원회"
	},
	"Meta(Refine)": {
		"passage_id": "REPORT-literature-07631-07631",
		"passage": " 얼굴을 가까이 갖다 대니 생살 썩는 내가 코를 비어갈 지경이었다. 그러나 창준이도 안 해도 달갑게 그 냄새 속에 얼굴을 나란히 하여 오랫동안 돌이킬 생각을 먹지 안았다. 이미 10여 일, 조석으로 그 살 썩는 내를 맡아왔건만 그래도 코에 익지 안 으려는, 시취(屍臭)보다도 두려운 냄새였다. 시들시들 잇몸이 덧나기 시작한 것이 이 병의 시초이었다. 그것이 차차 도 져 입 안이 모두 헐자 앞니가 흔들리기 시작하였고, 피고름이 한없이 쏟아 지기 시작하였다. 할 수 없이 앞니를 뽑았다. 며칠 동안 뜸하더니 덕윤이는 또 입에서 침을 흘리기 시작하였다. 잇몸이 퉁퉁 붓고 고름이 나고 썩어가는 냄새가 나기 시작하였다. 치조농루라는 진 단이 내렸다. 할 수 없이 송곳니 어금니를 뽑았다. 그래도 악취는 좀체로 가시지를 안았다. 잇몸이 시커멓게 썩기 시작한 것 이다. 수없이 초산으로 지져내고, 지져내고 하는 동안에 시커먼 썩은 살점 이 문적문적 묻어 나왔다. 악취는 더욱 심하여 이 칸 방에 가득 차서 외인 은 코를 가리고도 문을 열지 못했다. 그 때 그 무서운 정체 모를 균이 이미 속속들이 생살을 파먹고 들어간 줄 모르고 그들은 ── 의사도 잇몸만을 치 료하려 하였던 것이다. 그러나 하룻날 문득 턱밑에 까만 뾰루지 같은 점이 내배인 것을 처음 발견 한 것은 창준의 안해였다. 그 까만 점이 이튿날 쌀알만 하여졌다. 또 그 이튿날은 콩알만 하여졌다.\n또 그 이튿날은 ── 이렇게 하여 그야말로 순식간에 그 까만 점은 왼편 턱 전부를 뒤덮더니 이윽고 언저리가 흐늑흐늑 무너져 나가기까지 하였다. 잇 몸을 다 파먹은 균은 콧속에까지 기어들어가 호흡을 곤란케 하였고 붕대를 10분만큼씩 갈아대어도 고름을 쥐어 짜도록 젖었다.\n",
		"passage_Cnt": 850
	},
	"Annotation": {
		"summary1": "침을 흘리기 시작한 덕윤은 치조농루 진단을 받고 어금니를 뽑았으나 악취는 가시지를 않고 잇몸이 썩기 시작했으며 콧속에까지 기어들어간 균 때문에 고름을 쥐어짜도록 붕대가 젖었다.",
		"summary2": null,
		"summary3": "며칠 동안 뜸하더니 덕윤이는 또 입에서 침을 흘리기 시작하였다. 치조농루라는 진 단이 내렸다. 할 수 없이 송곳니 어금니를 뽑았다. 그래도 악취는 좀체로 가시지를 안았다. 잇몸이 시커멓게 썩기 시작한 것 이다. 잇 몸을 다 파먹은 균은 콧속에까지 기어들어가 호흡을 곤란케 하였고 붕대를 10분만큼씩 갈아대어도 고름을 쥐어 짜도록 젖었다.",
		"summary_3_cnt": 193
	}
}