{
	"Meta(Acqusition)": {
		"doc_id": "REPORT-literature-07239",
		"doc_category": "REPORT",
		"doc_type": "literature",
		"doc_name": "드문사람들",
		"author": "이광수",
		"publisher": null,
		"publisher_year": null,
		"doc_origin": "저작권위원회"
	},
	"Meta(Refine)": {
		"passage_id": "REPORT-literature-07239-07239",
		"passage": " \"다 탕감한 것을 인제 무얼 그러오?\" 하고 채권자들은 그 의외임을 놀라면서 받기를 거절하였으나 L씨는, \"아니요, 내게 돈이 생겼으니 탕감하였다고 남의 빚을 아니 갚을 수 없 소. 사람이란 언제 죽을지 모르는 목숨이니 날더러 죄를 지고 죽으라 하시 오.\" 하고 고집하여 기어이 다 갚아버리고 말았다. L씨는 그 후 잃었던 재산을 다 회복하였다가 또 한 번 실패하여서 토지 문 권까지 다 내어 놓고 무일푼이 되었으나 이때에는 취린소와 기타 채권자들 이, \"의인은 도와야 한다.\" 하여 L씨의 토지를 곧 처분하지 아니하고 몇 해를 그냥 두고 토지 가격이 오르기를 기다려서 L씨의 손해가 아무쪼록 적기를 기약하기로 하였다. 그리자 다시 좋은 시세가 와서 L씨는 마침내 큰 이익을 남겨서 졌던 빚을 다 갚고 그리고도 본래 있던 재산의 배나 늘었다. 그러나 배나 는 그 재산보다도 L씨가 이 여러 번 실패에 얻은 신용은 비할 데 없는 큰 재산이다. L씨의 말이면 곧 현금이다. L씨가 무슨 일에 돈을 꾸어 달라고 할 때에 아니 꾸일 사람이 있을까. 이 신용이야말로 L씨로 하 여금 수11,000,000원 재산가보다도 더 힘 있는 사람이 되게 하였다. \"참 감격할 일이외다.\" 하고 내가 L씨에게 진심으로 치사할 때에 L씨는 눈을 내리깔고 극히 겸손하 게, \"천만에요. 모두 여러 친구의 도움으로.\"할 뿐이었다.\nC씨와 L씨, 그네들은 잊기 어려운 사람들이다. 조선의 이천만이 다 이 두 분 모양으로 될 때에 조선 사람은 세계에서 믿어 주는 백성이 되는 것이다.\n",
		"passage_Cnt": 759
	},
	"Annotation": {
		"summary1": "취린소와 기타 채권자들이 의인은 도와야 한다며 또다시 무일푼이 된 L씨의 토지를 처분하지 않고 그냥 두었다.",
		"summary2": null,
		"summary3": "L씨는 그 후 잃었던 재산을 다 회복하였다가 또 한 번 실패하여서 토지 문 권까지 다 내어 놓고 무일푼이 되었으나 이때에는 취린소와 기타 채권자들 이, \"의인은 도와야 한다.\" 하여 L씨의 토지를 곧 처분하지 아니하고 몇 해를 그냥 두고 토지 가격이 오르기를 기다려서 L씨의 손해가 아무쪼록 적기를 기약하기로 하였다.",
		"summary_3_cnt": 177
	}
}