{
	"Meta(Acqusition)": {
		"doc_id": "REPORT-literature-07233",
		"doc_category": "REPORT",
		"doc_type": "literature",
		"doc_name": "종침교명명유래기",
		"author": "윤백남　",
		"publisher": null,
		"publisher_year": null,
		"doc_origin": "저작권위원회"
	},
	"Meta(Refine)": {
		"passage_id": "REPORT-literature-07233-07233",
		"passage": " 어느때 는 상감의 어의를 갈갈이 찢은 일까지 생겼다. 이 해괴망측한 광태에 성종은 참을 수 없는 것을 참아 왔다. 그러한 광태 를 당할 때마다 성종은 몸을 피할 뿐이었다. 이것이 더욱 임금의 발을 멀리하는 원인이 되고 그 정비례는 윤비의 투기 와 광태는 더욱 늘어가는 것이었다. 뒤에서 중전의 이러한 실태를 보고 득의의 미소를 띄우고 사태의 추이를 엿보고 있는 나인들이 있는 것을 그는 아지 못했던 것이다. 그러나 사태는 필경 어떠한 종결을 짓지 않을 수 없는 절정에 이르고 말았 다. 어느 날 성종은 윤비의 광태 ── 얼굴에 상처가 나서 피가 흘러나리도록의 ── 에 견디다 못하여 대비(貞熹大妃)의 방으로 몸을 피하자 대비는 이 광 경을 보고 크게 격분하여 필경 아래와 같은 전교(傳敎)를 내리고야 말았다. \"윤비는 성품이 포악하고 투기가 자심하여 용안에 조흔(손톱 자죽)이 끊 일 날이 없으니 국모의 체례를 잃은지라 장차 어이하면 좋을 것이냐.\" 하는 뜻의 전교이다. 이것은 분명히 중전의 지위에 그냥 놓아 둘 수 없다는 뜻이 표현되는 것이 다. 당시의 중신들도 이미 중전의 추태에 대해서는 일일이 공론이 많았지마는 위에서 아무 말이 없는 이상 신하의 몸으로서 경솔히 이런 등사의 말을 낼 수 없었기 때문에 모두가 입맛을 쩍쩍 다시면서도 감히 먼저 입을 벌이는 사람이 없었던 것도 당연한 일이었다. 그러던 중 뜻밖에 대왕대비의 전교가 내리고 보니 이제는 기회가 당도했다 고들 생각하였다.\n",
		"passage_Cnt": 724
	},
	"Annotation": {
		"summary1": "대비는 성종의 얼굴에 상처가 나 피가 흘러내리는 광경을 보고 크게 격분하였다.",
		"summary2": null,
		"summary3": "어느 날 성종은 윤비의 광태 ── 얼굴에 상처가 나서 피가 흘러나리도록의 ── 에 견디다 못하여 대비(貞熹大妃)의 방으로 몸을 피하자 대비는 이 광 경을 보고 크게 격분하여 필경 아래와 같은 전교(傳敎)를 내리고야 말았다. 그러던 중 뜻밖에 대왕대비의 전교가 내리고 보니 이제는 기회가 당도했다 고들 생각하였다.",
		"summary_3_cnt": 175
	}
}