{
	"Meta(Acqusition)": {
		"doc_id": "REPORT-literature-07593",
		"doc_category": "REPORT",
		"doc_type": "literature",
		"doc_name": "순정 - 연애편",
		"author": "김동인",
		"publisher": null,
		"publisher_year": null,
		"doc_origin": "저작권위원회"
	},
	"Meta(Refine)": {
		"passage_id": "REPORT-literature-07593-07593",
		"passage": " 넘치는 순정을 발에 밟힌 바 된 젊은 여인은 너무 억하여 그 자리에 쓰러 진 것이었다. 이리하여 그는 거기서 영원한 잠이 들었다.\n우애 편 “자네 이즘 뭘로 소일하나?” “그저 그렇지” 길에서 만난 C가 물어볼 때에 A군은 오연히 이렇게 대답하고 지나가버렸 다. C는 A군의 동창생의 하나인 재산가요, A군은 무직자였다. “오 A군! 이즈음 생활이 어떠시오?” “노형, 아픈 데 있소” 다른 친구가 길에서 만나서 물을 때에 A군은 불유쾌한 듯이 이렇게 대답하 고 휙 지나가버리고 말았다. 그 사람은 어떤 회사의 고급 사원이었다. “자네 이즈음 용처 벌이나 하나?” “자네가 돈 잘 벌어서 부자되게.” 또 다른 친구에게는 이렇게 대답하였다.\n그 사람은 장사하는 친구였다. 남이 아무 짓을 하든 무슨 관계야. 자기네들이나 어서 돈 많이 벌어서 잘 살지. 친구들이 자기에게 문안하는 것조차 A군에게는 수모와 같았다. 이전에 학교에 같이 다닐 때에는 모두 벗이었다. 그러나 일단 교문을 나서 서 빽빽이 자기의 업에 달려든다음부터는 모두들 적이 되었다. 부잣집 아들은 호강을 하였다. 재산 있는 사람은 월급쟁이가 되었다. 재산 없는 사람은 그래도 제 직업 하나씩은 붙들었다. 그러한 가운데 혼자서 아 무것도 못 하고 놀고 있는 A군이었다. 친구들이 그를 만나서 무얼 하고 있느냐고 묻는 것은 A군에게는 마치 나는 이러이러한 일을 하는데 자네는 뻔뻔 놀고 있나 하는 듯이 들렸다.\n",
		"passage_Cnt": 712
	},
	"Annotation": {
		"summary1": "재산가인 C가 무직자인 A 군에게 문안하는 것조차 A 군에게는 수모와 같았다.",
		"summary2": null,
		"summary3": "친구들이 자기에게 문안하는 것조차 A군에게는 수모와 같았다. “자네 이즘 뭘로 소일하나?” “그저 그렇지” 길에서 만난 C가 물어볼 때에 A군은 오연히 이렇게 대답하고 지나가버렸 다. C는 A군의 동창생의 하나인 재산가요, A군은 무직자였다.",
		"summary_3_cnt": 137
	}
}