{
	"Meta(Acqusition)": {
		"doc_id": "REPORT-literature-07463",
		"doc_category": "REPORT",
		"doc_type": "literature",
		"doc_name": "큰물 진 뒤",
		"author": "최서해",
		"publisher": null,
		"publisher_year": null,
		"doc_origin": "저작권위원회"
	},
	"Meta(Refine)": {
		"passage_id": "REPORT-literature-07463-07463",
		"passage": " “응! 자지가 있네⎯ 히히히.” 윤호는 때오른 적삼에 어린것을 싸면서 웃었다. “흥, 호호!” 아내는 웃으면서 허리를 구부정하여 어린것을 보았다. 이 찰나, 침통과 우울과 공포가 흐르던 이 방안에는 평화와 침묵이 흘렀다. 윤호는 무엇을 끓이려고 내려 갔다. 우우 쏴⎯ 빗발이 서창을 쳤다. 젖은 벽에서는 흙점이 철썩철썩 떨어진다. 어디 서 급한 물소리와 같이 수수거리는 소리가 들렸다. 그 소리는 봄비 속에 개구리 소리같이 점점 높이 들렸다. 윤호는 눈을 둥그렇게 뜨면서 귀를 귀울였다. “윤호! 윤호! 제방(堤防)이 터지니 어서 나오!” 그 소리는 윤호에게 청천의 벽력이었다. 그는 튀어나갔다. 이 순간 그의 눈앞에 는 퍼런 논판이 떠올랐다. 그밖에 아무것도 생각나지 않았다. 그는 마당 앞으로 몰려 지나가는 무리에 뛰어들었다. 어디가 하늘! 어디가 땅! 창살같이 들이는 비! 몰려오는 바람! 발을 잠그는 진창! 그 속에서 고함을 치고 어물거리는 그림 자는 으슥한 수천만의 도깨비가 횡행하는 것이다. 모든 사람들은 침침 어둔 빗속을 헤저어서 마을 뒤 방축으로 나아갔다. 더듬더 듬 방축으로 기어올랐다. 물은 보이지 않았다. 손과 발로 물 형세를 짐작할 뿐이 었다. 꽐꽐 철썩 출렁, 꽐꽐하는 물소리는 태산을 삼키고 대지를 깨칠 듯하다. “이거 큰일 났구나!” “암만해두 넘겠는데!” 이입 저입으로 흘러나왔다. 그 소리는 위대한 자연의 힘 앞에 인력의 박약을 탄 식하는 듯하였다.\n",
		"passage_Cnt": 718
	},
	"Annotation": {
		"summary1": "제방이 터진다는 말에 튀어나간 그의 눈앞에는 퍼런 논판만이 떠오를 뿐 아무 생각이 나지 않았다.",
		"summary2": null,
		"summary3": "“윤호! 윤호! 제방(堤防)이 터지니 어서 나오!” 그 소리는 윤호에게 청천의 벽력이었다. 그는 튀어나갔다. 이 순간 그의 눈앞에 는 퍼런 논판이 떠올랐다. 그밖에 아무것도 생각나지 않았다.",
		"summary_3_cnt": 109
	}
}