{
	"Meta(Acqusition)": {
		"doc_id": "REPORT-literature-07207",
		"doc_category": "REPORT",
		"doc_type": "literature",
		"doc_name": "벌번반년",
		"author": "김동인",
		"publisher": null,
		"publisher_year": null,
		"doc_origin": "저작권위원회"
	},
	"Meta(Refine)": {
		"passage_id": "REPORT-literature-07207-07207",
		"passage": " 대문에서는 나장들과 이 댁 하인들과의 새에 한두 마디 시비가 있은 뒤에 는, 대문이 열리고 나장들이 우루루 들어온 모양이었다. 먼저 행이랑을 다 뒤지었다. 그 뒤에 사이랑을 뒤지었다. 내정까지 들어오려 하였다. 내정까지 들어오련다고 또 시비가 생긴 모양이었다. 그러나 아무리 부마(駙馬)댁이라 할지라도, 역적의 족속이 숨어 있다는 혐의 아래 왕명으 로 나장들을 항거할 수가 없었다. 부마궁의 내실까지 금오이랑(金吾郞)의 발에 밟히우기 때문에, 억분하여 치 를 떨고 있는 옹주며 이 댁 하인들. 댓돌 아래 딱 버티고 서서 내실을 감찰하는 금부 관원들. 여름이었다. 당연히 모시치마를 입었어야 할 옹주였다. 그런데 옹주의 입 은 것은 열두 색 무명치마였다. 무명치마도 아침에 입은 것은 아니요, 낮에 입은 것도 아니요, 방금 입은 모양으로, 대림(火斗[화두])발까지도 그대로 남아 있었다. 치마 아래가 유난히 불룩하였다. 금오이랑이 의심을 둔 것은 옹 주의 치마아래였다. 치마 아래 무엇을 감추었다. 부원군 댁에서 종적을 감춘 그 집 며느리와 손주. 그 손주는 정녕코 지금 옹주의 치마 아래 숨어 있다. 분명히 있다고 보기는 하였다. 그러나 그런 추측뿐으로 달려들어 치마를 들치고 보기에는, 상대자의 지위가 너무나 떳덧하였다. 옹주. 임금의 누이. 달려들어 치마를 들쳐보아서, 거기에 어린애가 나서기 만 하면 문제가 없지만, 헛물을 켜는 날에는 자기의 목이 달아날 것이었다.\n분명히 있다 보기는 보았지만, 금오이랑은 달려들어 치마 아래를 검분할 용기 까지는 없어서, 댓돌 아래 딱 버티고 서서 우러러보기만 하였다.\n",
		"passage_Cnt": 791
	},
	"Annotation": {
		"summary1": "하인들과의 새에 한두 마디 시비가 있은 뒤에 대문이 열리고 우루루 들어온 나장들은 사이랑과 행이랑을 뒤지고 내정까지 들어오려 하여 시비가 또 생겼다.",
		"summary2": null,
		"summary3": "대문에서는 나장들과 이 댁 하인들과의 새에 한두 마디 시비가 있은 뒤에 는, 대문이 열리고 나장들이 우루루 들어온 모양이었다. 먼저 행이랑을 다 뒤지었다. 그 뒤에 사이랑을 뒤지었다. 내정까지 들어오련다고 또 시비가 생긴 모양이었다. 내정까지 들어오려 하였다.",
		"summary_3_cnt": 149
	}
}