{
	"Meta(Acqusition)": {
		"doc_id": "REPORT-literature-07697",
		"doc_category": "REPORT",
		"doc_type": "literature",
		"doc_name": "혼명에서",
		"author": "백신애",
		"publisher": null,
		"publisher_year": null,
		"doc_origin": "저작권위원회"
	},
	"Meta(Refine)": {
		"passage_id": "REPORT-literature-07697-07697",
		"passage": " 그러므로 그들의 정성은 나에게 고통입니다. 내가 그들에게 바라는 바는 오로지 압박천대, 그리고 축출! 이것이어요. 그러면 나는 얼마나 마음이 자유롭고 얼마나 용감해질 수 있으리. 그들의 지극한 은애(恩愛)는 나에게서 용기와 자유를 고살(苦殺)시킬 뿐입 니다. S! 나는, 나라는 인간은 무엇이라고 정의를 붙여야 좋을 인간일까요. 나는 가죽들의 정성을, 아니 그보다 어느 때든지 그들을 배반하고야말 인 간임을 확실히 자인하면서도, 그들의 사랑을 배반할 수 없으며, 나에게 이 고통을 주는 가족을 미워하여야 될 것이며 그 반대로 지극히 사랑합니다. 왜? 나는 내 사랑하는 가족들을 기쁘게 해주며, 그들의 원하는 딸이 되지 못합니까! 왜? 나는 기어이 배반하고야말 인간이거든 그들의 사랑과 정성에 무엇 까 닭에 감격합니까? 감격할 뿐만 아니라 그들에게 보답하기 위하여 이생명이 라도 바쳐버리고 싶을 때가 있습니다! 왜? 나는 그들을 버릴 것을 단념하지 못하여 왜 또 기어이 배반해 보겠다 고도하는 것일까요! S! 나는 모르겠어요! 나는 모릅니다. 나는 약한 자일까요! 너무나 강한 자일 까요! S! 나는 이 방으로 들어오기 조금전부터 고질인 위장이 아프기 시작하였던 것입니다. 지금 나는 차차 아파오는 도수가 높아가고 있음으로 그것을 참으 려고 애 씁니다. 팔짱을 끼고 아래턱을 가슴속으로 파묻히듯이 하며 고도로 쫓겨 가는 배 위에 서 있는 나폴레옹같이 침통한 포즈입니다. 묵묵히! 묵묵히! 이윽도록 그 파란 전기 스탠드를 바라보고 있었습니다.\n",
		"passage_Cnt": 751
	},
	"Annotation": {
		"summary1": "내가 그들에게 바라는 바는 나의 마음이 자유롭고 용감해질 수 있는 압박천대와 축출이다.",
		"summary2": null,
		"summary3": "내가 그들에게 바라는 바는 오로지 압박천대, 그리고 축출! 그러면 나는 얼마나 마음이 자유롭고 얼마나 용감해질 수 있으리. 그들의 지극한 은애(恩愛)는 나에게서 용기와 자유를 고살(苦殺)시킬 뿐입 니다.",
		"summary_3_cnt": 115
	}
}