{
	"Meta(Acqusition)": {
		"doc_id": "REPORT-literature-07491",
		"doc_category": "REPORT",
		"doc_type": "literature",
		"doc_name": "독와사",
		"author": "김정진",
		"publisher": null,
		"publisher_year": null,
		"doc_origin": "저작권위원회"
	},
	"Meta(Refine)": {
		"passage_id": "REPORT-literature-07491-07491",
		"passage": "한 치각은 다시 “황이 중간에 들었으니까 별 문제는 없겠지만은 철 모르는 것이 또 문제 라 아니 일으키도록 주의를 해주오.” “그거야 내가 나중에 잘 무마를 하지요.” “그러면 적을는지 모르나 우선 이거나 넣어두구려” 하며 한 치각은 뒷주 머니에서 지전을 꺼내서 황치삼을 주었다.\n77회 동무의 동정 한 치각이 숙자에게 ××를 한 지 며칠이 지난 일이다. 한 치각의 딸 복희가 그날은 학교에서 당번이 되어 숙자와 같이 학교에서 교실을 소제하고 집에 돌아와 안방에 벗어 내던진 자기 아비의 옷을 개이던 중에 조끼 주머니에 무슨 두터운 종이 같은 것이 들어 있어서 뻣뻣하게 손길이 맞히는 것이 있 었다. 어른의 주머니 속에 함부로 손을 치는 것이 불경한 짓인 줄 알지만 돈지갑 같이 보이지는 아니하고 사진 같은 감촉이 있으므로 복희는 일종의 호기심이 일어나서 그것을 꺼내 보았다. 과연 그것은 사진이었다. 복희는 그 사진을 펴보고 깜짝 놀랐다. 그래서 자기 눈에 그렇게 어리어 보이는 것 이나 아닌가 하고 다시 밝은 미닫이 앞으로 들고 가서 또 보았다. 사진에 나타난 인물은 틀림없는 황숙자의 얼굴이었다. 몇 십분 전에 자기와 같이 교실을 소제하던 그 숙자가 분명하다. 자기 아버지가 한 달에도 몇 사람씩 계집을 갈아들이고 종종 조끼 주머니에서 이상한 여자의 사진이 튕겨지지마 는 이번 사진은 전연히 의외의 것이었다.\n복희는 그 사진을 손에 들고 한참 동안이나 놀람에 잠기어 있었다. 날마다 자기와 책상을 맞대이고 공부를 하는 숙자의 사진이 대관절 어쩐 원인으로 자기 아버지의 주머니에 들어 있을까? 숙자는 학교에서 품행이라든지 모든 동작이 담임 선생까지도 칭찬을 하는 터이요, 자기가 보기에도 아직 숫적은 동무로 보이는데 별안간 그 사진이 자기 아버지의 손에 들어 있다니 참, 뜻 밖의 일이다. 물론 자기 집과도 서로 내왕이 없을 터이니 자기 아버지가 숙 자의 집을 알 까닭도 없을 것은 사실이 없는 터이니 자기 아버지가 숙자의 집을 알 까닭도 없을 것은 사실일 터인데 하여튼 생각해 낼 수 없는 한 의 문이었다. 금년에 학교를 마치는 학교 동무끼리 사진을 한번 박이자는 공론 은 일전에 한 일이 있었지만은 숙자가 혼자 가서 사진을 박일 그런 용기도 없는 아이인데 좀 괴상한 일이다. 설혹 숙자가 자기 혼자 사진을 박였다 할 지라도 그 사진이 무슨 까닭으로 자기 아버지의 손에 들어와 있을까? 복희 의 머릿속에 지금 이러한 여러 가지의 의문이 뒤를 이어 일어나는 중에 방 문이 열리어 자기 어머니가 들어왔다.\n",
		"passage_Cnt": 1236
	},
	"Annotation": {
		"summary1": "복희가 아버지 한 치각의 옷을 개이던 중에 주머니에 사진 같은 것이 들어있어서 호기심에 꺼내 보았다. ",
		"summary2": null,
		"summary3": "한 치각의 딸 복희가 그날은 학교에서 당번이 되어 숙자와 같이 학교에서 교실을 소제하고 집에 돌아와 안방에 벗어 내던진 자기 아비의 옷을 개이던 중에 조끼 주머니에 무슨 두터운 종이 같은 것이 들어 있어서 뻣뻣하게 손길이 맞히는 것이 있 었다. 어른의 주머니 속에 함부로 손을 치는 것이 불경한 짓인 줄 알지만 돈지갑 같이 보이지는 아니하고 사진 같은 감촉이 있으므로 복희는 일종의 호기심이 일어나서 그것을 꺼내 보았다. 과연 그것은 사진이었다.",
		"summary_3_cnt": 251
	}
}