{
	"Meta(Acqusition)": {
		"doc_id": "REPORT-literature-07383",
		"doc_category": "REPORT",
		"doc_type": "literature",
		"doc_name": "명일",
		"author": "채만식",
		"publisher": null,
		"publisher_year": null,
		"doc_origin": "저작권위원회"
	},
	"Meta(Refine)": {
		"passage_id": "REPORT-literature-07383-07383",
		"passage": " 청파에서 그는 문득 생각이 나 N이라고 하는 자동차 서비스에 들렀다. 그는 역시 청파에서 철공장을 경영하고 있는 친구의 소개로 이 N서비스공장의 주임격인 최씨와 만나 그의 큰아이 종석이를 두어 달라고 부탁한 적이 있었다. 범수의 욕심 같아서는 방면이야 무엇이 되었든 좀 더 규모가 크고 경영도 합리화한 대공장으로 보내고 싶었으나 그런 곳에는 반연을 얻지 못했던 것이다. 월급이나 일급 같은 것을 바라는 것이 아니니 그저 한 십년 하고 데리고 있어 한 사람 몫을 할 수 있는 직공만 만들어 달라고 그는 최씨더러 부탁을 했었다. 최씨는 그것은 장차 일이고 좌우간 주인과 상의해 보아서 가타고 하면 기별하겠다고 신어 붓잖게는 대답했으나 벌써 한 달이 넘은지라 좌우간 어찌되었나 싶어 둘러본 것이다. 최씨는 기름 묻은 작업복을 입고 공장에서 손수 일을 매만지고 있다가 범수를 보자 처음 만날 때와는 딴판으로 은근히 인사를 하며 사무실로 안내를 한다. 그러면서 그들을 소개한 철공소의 그 친구와 만나 ‘김선생’님에 대한 이야기며 더우기 ‘자제’를 공장으로 보내려는 포부도 듣고 그 심경을 잘 이해하노라고 일종 존경하는 태도로 범수를 대해주었다. 범수도 그것이 싫지는 아니했다. 그런지라 점잖게 대할 이 사람을 이렇게 취기를 띠고 찾아 나온 것이 면구스러웠다. “진즉 제가 가서 기별을 해드릴렸는데 이렇게 찾어오시게 해서……” 최씨는 급사가 가져온 차를 범수에게 권하며 이렇게 요건을 꺼낸다.\n",
		"passage_Cnt": 719
	},
	"Annotation": {
		"summary1": "그는 청파에서 N이라고 하는 자동차 서비스의 주임 격인 최 씨에게 큰아이 종석이를 한 사람 몫을 할 수 있는 직공으로 만들어 달라고 부탁을 했었다.",
		"summary2": null,
		"summary3": "그는 역시 청파에서 철공장을 경영하고 있는 친구의 소개로 이 N서비스공장의 주임격인 최씨와 만나 그의 큰아이 종석이를 두어 달라고 부탁한 적이 있었다. 월급이나 일급 같은 것을 바라는 것이 아니니 그저 한 십년 하고 데리고 있어 한 사람 몫을 할 수 있는 직공만 만들어 달라고 그는 최씨더러 부탁을 했었다. 청파에서 그는 문득 생각이 나 N이라고 하는 자동차 서비스에 들렀다.",
		"summary_3_cnt": 212
	}
}