{
	"Meta(Acqusition)": {
		"doc_id": "REPORT-literature-07214",
		"doc_category": "REPORT",
		"doc_type": "literature",
		"doc_name": "유앵기(流鶯記)",
		"author": "계용묵",
		"publisher": null,
		"publisher_year": null,
		"doc_origin": "저작권위원회"
	},
	"Meta(Refine)": {
		"passage_id": "REPORT-literature-07214-07214",
		"passage": " 하나, 성눌의 눈앞에는 여전히 얌전이가 있다. 환상임을 깨닫고 밥그릇을 연다. 따뜻한 김이 모락모락 피어 오르는 새하얀 이밥 속에도 얌전이는 있 다. 고사리 나물 위에도 있다. 조기 토막 위에도 있다. 눈이 가는 곳마다 얌전이는 있다. 성눌은 정신을 깨닫는다. 마지막 넘어가는 해 그림자가 불 그레하게 밥상 위에 물을 들인다. 그러나, 그것도 그 순간뿐이다. 얌전이는 그대로 있다. 물에다 밥을 말아 뜨니 밥 숟갈 위에까지도 얌전이는 뛰어 올라온다. “상 가져가거라.” 실로 성눌은 얌전이가 그렇게도 그리워 이렇게 밥술을 놓자 조급하게도 소리를 질러 보기는 처음이다. 곧 달려온 얌전이는 떠 넣었던 밥을 채 씹어 삼키지도 못한 것같이 그래 서 그것을 비밀이 처리하려는 것처럼 입을 꼭 다물었다. “너 낮에 멀구 얼마나 따 왔니?” 돌연한 질문에 얌전이는 밥상을 들다 말고 멈칫 선다. “너 낮에 멀구 따려 산에 올라 왔두나?” 별안간 얌전이는 홍당무같이 빨개지는 얼굴을 숙인다. 그럼 낮에 성눌은 자기의 선을 보이는 꼴도 보았겠구나 하는 생각이 처녀의 마음에 심히 수줍 은 성싶다. 그러니, 또, 성눌은 얌전이의 그 난처해하는 태도에 자기의 마음까지 똑 같이 난처하다. 공연히 물었나보다. 그의 난처해함이 스스로 변해될 그러한 말은 없을까 생각에 바쁜 동안, “이에 .” 대답을 남긴 얌전이는 어느새 벌써 상을 집어 든다. 그런 다음엔 한 걸음 한 걸음 멀어지는 얌전이 그렇게 멀어져서 얌전이는 부엌으로 사라지니, 또, 뒤이어 허공에 나타나는 얌전이도 역시 수줍어 고개 숙인 얌전이다. 사나이의 버릇인 일시적인 탐욕이 이렇게도 얌전이를 자꾸만 눈앞에 끓어 다 놓는가 성눌은 생각해 본다. 그러나 결코 그러한 종류의 탐욕이 아닌 것 을 곧 양심은 증명한다. 지금까지 알뜰히도 마음이 괴롭게 찾아오던 것은 얌전이를 찾는 데 있었던 것 같고, 또 얌전이를 찾았다 하니 미였든 마음에 무엇이 꽉 들어차는 듯하다.\n",
		"passage_Cnt": 956
	},
	"Annotation": {
		"summary1": "돌연한 성눌의 질문에 빨개진 얼굴을 숙이는 얌전이의 난처해하는 태도에 성눌은 똑같이 난처하다.",
		"summary2": null,
		"summary3": "그러니, 또, 성눌은 얌전이의 그 난처해하는 태도에 자기의 마음까지 똑 같이 난처하다. “너 낮에 멀구 얼마나 따 왔니?” 돌연한 질문에 얌전이는 밥상을 들다 말고 멈칫 선다. “너 낮에 멀구 따려 산에 올라 왔두나?” 별안간 얌전이는 홍당무같이 빨개지는 얼굴을 숙인다.",
		"summary_3_cnt": 153
	}
}