{
	"Meta(Acqusition)": {
		"doc_id": "REPORT-literature-07522",
		"doc_category": "REPORT",
		"doc_type": "literature",
		"doc_name": "큰물 진 뒤",
		"author": "최서해",
		"publisher": null,
		"publisher_year": null,
		"doc_origin": "저작권위원회"
	},
	"Meta(Refine)": {
		"passage_id": "REPORT-literature-07522-07522",
		"passage": " 윤호는 방으로 뛰어들 어갔다. 방에는 물이 흥건히 들었다. 아내는 물속에서 애 를 안고 어쩔 줄을 몰라 한다. 물은 방안에 점점 들어온다. 어디서 쏴⎯소리가 들렸다. 돌아보니 뒷벽이 뚫어져서 물이 디미는 소리였다. 윤호는 아내를 둘러 업 고 애기를 안았다. 이때 초인간적 굳센 힘이 그를 지배하였다. 그는 문을 차고 밖으로 뛰어나왔다. 어느새 물은 허리에 잠겼다. 물살이 어떻게 센지 소 같은 장 사들도 견디기 어려울 지경이었다. 그는 쓰러졌다가는 일어서고 일어섰다가는 쓰 러지면서 물 속을 헤저어 나갔다. 팔에 안은 것이 무엇이며 등에 업은 것이 누구 라는 것까지 이 찰나에 의식치 못하였다. 의식적으로 업고 안은 것이 이제는 기 계적으로 놓지 않게 되었다. 동이 텄다. 사방은 차츰 훤하여졌다. 거무칙칙하던 구름이 풀리면서 퍼붓는 듯하던 비가 실비로 변하더니 이제는 안개비가 되었다. 바람도 잔다. 마을 사람들은 거지반 마을 앞 조그마한 산에 몰렸다. 밝아 가는 새벽빛 속에 최최해서 어물거리는 사람들은 갈 바를 몰라 한다. 누구를 부르는 소리, 울음 소 리, 신음하는 소리에 수라장을 이루었다. 윤호는 후줄근한 풀 위에 아내를 뉘었 다. 어린것도 내려놓았다. 참담한 속에서 고고성을 지른 붉은 생령은 참담한 속 에서 소리 없이 목숨이 끊겼다. 찬 비와 억센 물에 쥐어짠 듯이 된 윤호 아내는 싸늘한 어린것을 안고 흑흑 느낀다. 윤호는 아무 소리 없이 붙안고 우는 어미 새 끼를 물끄러미 보았다. 그의 가슴은 저리다 못해 무엇이 뭉킷 누르는 듯하고, 머 리는 띵한 것이 눈물도 나지 않고 말도 나오지 않았다.\n",
		"passage_Cnt": 792
	},
	"Annotation": {
		"summary1": "윤호는 아내를 업고 애기를 안은 채 물속을 헤저어 나아가면서 팔에 안은 것이 누구인지 등에 업은 것이 누구인지 기계적으로 놓지 않게 되었다.",
		"summary2": null,
		"summary3": "윤호는 아내를 둘러 업 고 애기를 안았다. 그는 쓰러졌다가는 일어서고 일어섰다가는 쓰 러지면서 물 속을 헤저어 나갔다. 팔에 안은 것이 무엇이며 등에 업은 것이 누구 라는 것까지 이 찰나에 의식치 못하였다. 의식적으로 업고 안은 것이 이제는 기 계적으로 놓지 않게 되었다.",
		"summary_3_cnt": 155
	}
}