{
	"Meta(Acqusition)": {
		"doc_id": "REPORT-literature-07534",
		"doc_category": "REPORT",
		"doc_type": "literature",
		"doc_name": "행진곡",
		"author": "이효석",
		"publisher": null,
		"publisher_year": null,
		"doc_origin": "저작권위원회"
	},
	"Meta(Refine)": {
		"passage_id": "REPORT-literature-07534-07534",
		"passage": "행진곡 혼잡한 밤 정거장의 잡도를 피하여 남에 뒤떨어져서 봉천행 삼등차표를 산 그는 깊숙이 쓴 모자 밑 검은 안경 속으로 주위를 은근히 휘돌아보더니 대합실로 향하였다. 중국복에 싸인 청년의 기상은 오직 늠름하였다.\n조심스럽게 대합실 안을 살펴보면서 그는 한편 구석 벤치 위에 가서 걸터앉았다. 차시간을 앞둔 밤의 대합실은 물 끓듯 끓었다. 담화, 환조, 훈기, 불안한 기색, 서마서마한 동요, 영원한 경영, 엄숙한 생활에 움직이고 움직이고 움직였다. 그 혼잡의 사이를 뚫고 괴상한 눈이 무수히 반짝였다.\n시골뜨기같이 차린 친구─회조한 도리우찌, 어색한 양복저고리, 짧고 깡똥한 바지, 어디서 주워 모았는지 너줄한 후까고무, 게다가 값싼 금테안경으로 단장한 그들의 눈은 불유쾌하리만치 날카롭게 빛났다. 영리한 그에게 이 어색하게 분장한 ‘시골뜨기’쯤아 감히 두려울 바가 아니었지만 피로를 모르고 새롭게 빛나는 그들의 눈은 몹시도 불유쾌하고 귀찮은 존재였다. 그것은 길을 막고 계획을 부수려고 노리는 무서운 독사의 그것이었다. 그러나 이것이 그의 생활과는 뗄래아 뗄 수 없는 고맙지도 않은 존재였다. 그만큼 그의 전 생활은 말하자면 초조와 불안의 연쇄였다.\n가정이 있고 아내가 있고 안도가 있고 일신을 보호하여 주는 사회와 법률이 있는 그런 것이 그의 생활은 아니다. 지혜를 짜고 속을 태우고 용기를 내고 힘을 쓰고 하루면 스물 네 시간 일년이면 삼백육십오일의 모험이 있고 죽음이 있다. 이것이 그의 생활이었다.─이러한 자기의 처지와 주위의 군중을 대조하여 생각할 때에 그는 침울하여졌다.\n",
		"passage_Cnt": 776
	},
	"Annotation": {
		"summary1": "중국복에 싸인 그는 봉천행 삼등차표를 사고 주위를 은근히 돌아보더니 대합실의 한편 구석 벤치에 걸터앉았다.",
		"summary2": null,
		"summary3": "행진곡 혼잡한 밤 정거장의 잡도를 피하여 남에 뒤떨어져서 봉천행 삼등차표를 산 그는 깊숙이 쓴 모자 밑 검은 안경 속으로 주위를 은근히 휘돌아보더니 대합실로 향하였다. 중국복에 싸인 청년의 기상은 오직 늠름하였다. 조심스럽게 대합실 안을 살펴보면서 그는 한편 구석 벤치 위에 가서 걸터앉았다.",
		"summary_3_cnt": 165
	}
}