{
	"Meta(Acqusition)": {
		"doc_id": "REPORT-literature-07427",
		"doc_category": "REPORT",
		"doc_type": "literature",
		"doc_name": "약한 자의 슬픔",
		"author": "김동인",
		"publisher": null,
		"publisher_year": null,
		"doc_origin": "저작권위원회"
	},
	"Meta(Refine)": {
		"passage_id": "REPORT-literature-07427-07427",
		"passage": "“에이 썅.” 그는 만날 이 일이 생각날 때마다 혀를 차며 중얼거렸다.\n서울을 떠난 것도 그의 느낌의 하나이다. 차라리 반성의 하나이다. 오촌모는 ‘에이구 내 딸 에이구 내 딸’ 하며 크담한 엘리자베트의 궁둥이를 두드리며 사랑하였고, 엘리자베트는 여 왕과 같이 가만히 앉아서 모든 일을 오촌모를 부려먹었지만, 그것만으로 그는 만족지를 못하였다. 그는 낮고 더럽고 답답하고 덥고 시시한 냄새 나는 촌집보다 높고 정한 서울집이 낫고, 광목바지 입고 상투 틀고 낯이 시꺼먼 원시적인 촌무지렁이들보다 맥고모자에 궐련 물고 가는 모시두루마기 입은 서울 사람이 낫다. 굵은 광당포치마보다 가는 모시치마가 낫 고, 다 처진 짚신보다 맵시 나는 구두가 낫다. 기름머리에 맵시 나게 차린 후에 파라솔을 받 고 장안 큰거리를 팔과 궁둥이를 저으면서 다니던 자기 모양을 흐린 하늘에 그려 볼 때에 는, 엘리자베트는 자기에게도 부끄럽도록 그 그림자가 예뻐 보였다.\n장마는 걷혔다.\n장마 뒤의 촌집은 참 분주하였다. 모를 옮긴다 김을 맨다 금년 추수는 이때에 있다고, 각 집이 모두 늙은이 젊은이 할 것 없이 나서서 활동을 한다. 각 곳에서 중양가(重陽歌)의 처 량한 곡조, 농부가의 웅장한 곡조가 일어나서 뫼로 반향하고 들로 퍼진다.\n자농(自農) 밭 몇 뙈기와 뒤뜰에 터앝을 가진 엘리자베트의 오촌모의 집도 꽤 분주하였다.\n자농 밭은 삯을 주어서 김을 매고 터앝만 오촌모 자기가 감자와 파 이종을 하기로 하였다.\n",
		"passage_Cnt": 723
	},
	"Annotation": {
		"summary1": "자농 밭은 김을 매고 터앝에는 감자와 파 이종을 하기로 하여 엘리자베트의 오촌모 집도 분주하였다.",
		"summary2": null,
		"summary3": "자농(自農) 밭 몇 뙈기와 뒤뜰에 터앝을 가진 엘리자베트의 오촌모의 집도 꽤 분주하였다. 자농 밭은 삯을 주어서 김을 매고 터앝만 오촌모 자기가 감자와 파 이종을 하기로 하였다. 각 곳에서 중양가(重陽歌)의 처 량한 곡조, 농부가의 웅장한 곡조가 일어나서 뫼로 반향하고 들로 퍼진다.",
		"summary_3_cnt": 160
	}
}