{
	"Meta(Acqusition)": {
		"doc_id": "REPORT-literature-07466",
		"doc_category": "REPORT",
		"doc_type": "literature",
		"doc_name": "그믐밤",
		"author": "최서해",
		"publisher": null,
		"publisher_year": null,
		"doc_origin": "저작권위원회"
	},
	"Meta(Refine)": {
		"passage_id": "REPORT-literature-07466-07466",
		"passage": " “아파서 어떻게…….” 삼돌이는 쥐구멍에나 들어갈 듯이 울 듯 울 듯 한마디 응했다. “하하, 야 이 사람아, 그양 선득할 뿐이지 그게 무슨 그리 아프단 말인 가? 조곰 도려내고 이내(금방) 약을 척 붙이면 그까짓 거 뭐 담박 낫을 걸.” 김 좌수는 호그럽게 말하였다. “그래두 아파서.” 선돌이는 금방 잘리는 듯이 상을 찡그리고 목을 어루만졌다. “이거 봐라, 그러기만 하면 네가 우리 집에 진 돈두 그만 탕감해 버리구, 그리구 너를 서방두 보내구 또 밭과 쇠두 준단 말이다. 내 이제 이렇게 늙 은 게 네게 거짓말을 하겠늬?” ‘우리 집에 진 돈’이라는 것은 전달 장마 때 삼돌이가 소를 갯가에 매었 는데 그만 소가 물에 빠져 죽었다. 주인 영감은 삼돌이가 잘못 매서 죽었다 하고 그 소값을 일백 오십 냥이라 하여 삼돌이에게서 표를 받았다. 삼돌의 한 해 삯은 오십 냥이었다. “어째 대답이 없니? 만일 정 슬흐면 그만두란 말이다마는 쇠값을 내 놓고 낼이라도 나가거라.” 영감은 배를 튀겼다. “아따 영감두, 삼돌이가 어련히 들을라구!” 마누라는 고삐를 늦추었다. 삼돌이는 그저 대답이 없었다. 그에게는 장가, 소, 밭, 집, 그것보다도 쇠값─ 이것을 없애버린다는 것에 마음이 씌었다.\n이때까지 자나 깨나 그 돈 일백 오십 냥이 가슴에 체증처럼 걸렸더니 깜박 잊은 이 순간에 또 그것이 신경을 흔들었다. 그만 얼른 모가지 고기를 디밀 고라도 그것을 벗고 싶었다. 그 돈을 벗어 장가들어 소 한 필이, 밭, 집 한 채……. 뒤따라 이러한 생각과 환영이 그의 눈앞에 어른어른하였다. 그는 기뻤다. 바로 그런 데나 지금 들앉고 있는 듯하였다.\n",
		"passage_Cnt": 808
	},
	"Annotation": {
		"summary1": "자나 깨나 가슴에 체증처럼 걸리던 주인 영감에게 표를 준 쇠값 일백오십 냥을 없애버린다는 것에 삼돌이는 마음이 씌었다.",
		"summary2": null,
		"summary3": "그에게는 장가, 소, 밭, 집, 그것보다도 쇠값─ 이것을 없애버린다는 것에 마음이 씌었다. 이때까지 자나 깨나 그 돈 일백 오십 냥이 가슴에 체증처럼 걸렸더니 깜박 잊은 이 순간에 또 그것이 신경을 흔들었다. 주인 영감은 삼돌이가 잘못 매서 죽었다 하고 그 소값을 일백 오십 냥이라 하여 삼돌이에게서 표를 받았다.",
		"summary_3_cnt": 177
	}
}