{
	"Meta(Acqusition)": {
		"doc_id": "REPORT-literature-07405",
		"doc_category": "REPORT",
		"doc_type": "literature",
		"doc_name": "사립 정신병원장",
		"author": "현진건",
		"publisher": null,
		"publisher_year": null,
		"doc_origin": "저작권위원회"
	},
	"Meta(Refine)": {
		"passage_id": "REPORT-literature-07405-07405",
		"passage": " 만사를 웃고 지내는 그이언만 처가살이는 견디지 못하였던지 작년 봄에 남의 협호(夾戶)를 얻어 자기 식구를 끌고 나왔다. 백판으로 살림을 차리고 보니 그 궁색한 것이야 당자 아닌 남으론 상상도 못 할 것이 있었으리라. 있 는 친구에게 쌀 되를 뀌어가면서 그날 그날을 보내던 중 여러 가지로 주선한 끝에 T은행의 고원으로 채용이 되었었다. 이십오 원이란 월급이 비록 적지 마는 그들의 가정에겐 생명의 줄이었다. 그런데 그 줄이나마 끊어졌으니 그 는 또 무엇을 하며 지낼 것인가. 더구나 그는 벌써 열두 살 먹은 맏딸, 여 덟 살 되는 둘째 딸, 네 살 먹은 아들의 아버지가 아니냐. “그러면 무엇을 먹고산단 말인가?” 나는 탄식하였다. “요새는 사립정신병원장이 되셨지요.” 하고 익살 잘 부리는 S 군이 낄낄 웃었다. 왼 방은 이 말에 땍때그르르 웃 었다. “사립정신병원장이라니?” 나는 웬 까닭을 몰라서 채쳐 물었다. “출근 오전 칠시, 퇴근 오후 육 시, 집무 중 면회 절대 사절, 일시라도 환 자의 곁을 떠나지 못 할지니 변소 출입도 엄금…….” 하고 S 군이 복바치는 웃음을 못 참을 제 방안의 웃음소리는 또 한 번 높아 졌다. S 군의 설명을 들으면 W 군에게 P란 친구가 있었다. 워낙 체질이 나약한 그는 어릴적부터 병으로 자랐었다. 성한 날이라고는 단지 하로가 없었다.\n가난한 집 자식 같으면 땅김을 벌써 맡았으련마는, 다행히 수 천석꾼의 외동 아들로 태어난 덕에 삼과 녹용의 힘이 그의 끊어지려는 목숨을 간신히 부지해왔었다. 자식이 그렇게 허약하거든 장가나 들이지 않았으면 좋을걸 재작 년에 혼인을 한뒤부터 그의 병세는 더욱 더쳐진 모양이었다. 금년 봄에 첫 딸을 낳은 뒤론 그는 실성실성 정신에 이상이 생기고 말았다.\n",
		"passage_Cnt": 858
	},
	"Annotation": {
		"summary1": "처가살이를 견디지 못하였던지 그는 남의 협호를 얻어 쌀을 꾸어가며 여러 가지로 주선한 끝에 은행 고원으로 채용되어 그 가정에게는 생명줄이었으나 그 줄마저 끊어졌다.",
		"summary2": null,
		"summary3": "만사를 웃고 지내는 그이언만 처가살이는 견디지 못하였던지 작년 봄에 남의 협호(夾戶)를 얻어 자기 식구를 끌고 나왔다. 있 는 친구에게 쌀 되를 뀌어가면서 그날 그날을 보내던 중 여러 가지로 주선한 끝에 T은행의 고원으로 채용이 되었었다. 이십오 원이란 월급이 비록 적지 마는 그들의 가정에겐 생명의 줄이었다. 그런데 그 줄이나마 끊어졌으니 그 는 또 무엇을 하며 지낼 것인가.",
		"summary_3_cnt": 214
	}
}