{
	"Meta(Acqusition)": {
		"doc_id": "REPORT-literature-07271",
		"doc_category": "REPORT",
		"doc_type": "literature",
		"doc_name": "수평선 너머로",
		"author": "김동인",
		"publisher": null,
		"publisher_year": null,
		"doc_origin": "저작권위원회"
	},
	"Meta(Refine)": {
		"passage_id": "REPORT-literature-07271-07271",
		"passage": "“소춘 씨의 의향으로는 어머님이나 제게는 생명상의 위험까지는 안 줄 모 양이지만 아버님께 대해서는 어디까지든 그 결심을 굽히지를 않을 모양이올 시다. 사십 년 전의 그 일이 도덕상의 죄가 된다 안된다 이런 것은 토론할 바가 아니고 자식된 도리로써 어버이의 위에 박해가 내리려는 것을 묵시할 수가 있읍니까? 그렇지만 ─.” 그것을 피하고자 김소춘이를 덜컥 경찰의 손에 내어주었다가는 LC당의 흉 수가 전 가족의 위에 내릴 것이다.\n“진퇴유곡이올시다. 서 선생, 무슨 방책이 없겠읍니까.” 인준이는 생각하였다. 한참을 생각한 뒤에 인준이의 입에서 나온 말은 뚱 딴지 말이었다.\n“윤 선생.” “네?” “김소춘이가 개인으로 엿보는 것은 무론 춘부장이지만 LC당이 당으로서 엿 보는 것은 다른 것이지요.” “….” “가격으로 논지하면 얼마치나 있읍니까? 외국 공채가?” 찬 두는 또 다시 놀랐다. 인준이라는 인물은 이런 점까지 아는 것이었다.\n“조선서는 적지 않은 액수….” “얼마나?” “싯가로 삼십 한 팔구만 원 가량….” “삼십 팔구만 원.” 앵무새과 같이 찬두의 말을 받아 외고 한참 눈을 감고 있다가 인준이가 눈 을 뜨면서 재쳐 물었다 ─.\n“그것이 있는 장소는?” “….” “실례했읍니다. 그 장소는 저는 물을 필요가 없습니다. 그 대신 또 다른 것을 한 가지 물어 보겠읍니다.” “무슨 말씀이오니까?” “네, 다른 것이 아니라 ─.” 인준이는 담배를 꺼내어 붙이면서 말을 계속하였다.\n“그 삼십 팔구만 원이라는 외국 공채를 잃어버리신 줄 알고 내버리시면 그 뒤의 선생 생활 ─ 말하자면 재정 상태는 ─.” “글쎄올시다. 그것이 없을지라도 굶지는 않겠지요.” “그러면 그것을 내놓으실 결심을 하실 수가 없읍니까?” 찬 두는 눈을 들었다. 의아하다는 눈치로 인준이를 바라보았다. 인준이가 다시 ─ “LC당의 목적은 그 공채에 있지 윤 선생 댁 내에 대해서는 아무 관계가 없 는 것은 짐작하시겠지요? 그 공채만 탁 LC당에게 내어주면 경성과 있던 당 원은 죄 도로 상해로 돌아갈 것이외다.” “….” “비상책이지요. 비상책이지만 이 밖에는 다른 방책은 아마 없으리다.” “김소춘이의 사혐은?” “LC당의 힘은 크지만 김소춘이 개인은 무력하 외다. 당 간부들이며 다른 당 원들이 모두 상해로 가기만 하면 소춘이 혼자서는 손가락 하나 들썩 못합니 다. 그때는 경찰력은커녕 댁의 하인뿐으로 김소춘이 한 사람만은 넉넉히 못 오게 막을 수 있으리다.” 사리정연한 말이었다.\n",
		"passage_Cnt": 1212
	},
	"Annotation": {
		"summary1": "방책이 있냐는 말에 한참을 생각한 인준이 뚱딴지 말을 하자 찬두는 또 다시 놀랐다.",
		"summary2": null,
		"summary3": "“진퇴유곡이올시다. 서 선생, 무슨 방책이 없겠읍니까.” 인준이는 생각하였다. 한참을 생각한 뒤에 인준이의 입에서 나온 말은 뚱 딴지 말이었다. “윤 선생.” “네?” “김소춘이가 개인으로 엿보는 것은 무론 춘부장이지만 LC당이 당으로서 엿 보는 것은 다른 것이지요.” “….” “가격으로 논지하면 얼마치나 있읍니까? 외국 공채가?” 찬 두는 또 다시 놀랐다. 인준이라는 인물은 이런 점까지 아는 것이었다.",
		"summary_3_cnt": 230
	}
}