{
	"Meta(Acqusition)": {
		"doc_id": "REPORT-literature-07553",
		"doc_category": "REPORT",
		"doc_type": "literature",
		"doc_name": "노래를잊은사람",
		"author": "이무영",
		"publisher": null,
		"publisher_year": null,
		"doc_origin": "저작권위원회"
	},
	"Meta(Refine)": {
		"passage_id": "REPORT-literature-07553-07553",
		"passage": " ― 그러나 그보다도 내가 놀란 것은 그의 부르는 가사였다. 물론 그러려니 하고 들었던 탓이었던지, ‘초가 삼간 집을 짓고’의 다음 가사가 ‘양친 부모 모셔다가’로만 들었던 것이 가까이서 듣고 나니 그렇지 않았다. ‘양 친 부모’대신에 그는 ‘우리님’이라고 고치어 부르는 것이었다. 그리고 그 다음 구절의 ‘천년만년 살고지고’를 ‘천년만년 사쟀더니’하고는, 봉화뚝엔 불 꺼지고 ……………………… 라는 전래 민요에 없는 가사를 꾸미어 넣고 있다. 이렇게 노래를 마치고 나 서는 그는 으레껏, “하하하하 하하하하” 하고 자곱 깨뜨리는 소리를 내어 공소하는 것이었다. 달아달아 밝은 달아 이태백이 노던달아 저기저기 저달속에 계수나무 박혔으니 우리 집 대문 근처서쯤 시작한 노래는 나의 방 들창을 조금 지난 곳에서, 천년만년 사쟀더니 봉화뚝엔 불 꺼지고 ................. “하하하하 하하하하” 하고 끝이 났다. 나는 웃음소리에 놀라 잽싸게 장독대로 뛰어나갔다. 송판으로 얽은 우물 둘레에 한 발을 올려놓고 넘겨다보았으나 벌써 보이지는 않았다. 아직도 눈 은 퍽퍽 쏟아지고 있건마는 몇 발자국 안 가서 그는 또 노래를 시작한다. 달아달아 밝은 달아 이태백이 노던달아 저기저기 저달속에 계수나무 박혔으니 나는 나의 오른발이 어디 놓여 있다는 것도 미처 생각지 못하였다. 목줄기 에 눈이 쌓이도록 ― 아니 그 눈이 녹아서 등받이로 흘러내리는 것도 모르 고 노랫소리가 골목을 빠져서 큰 거리로 사라질 때까지 그 자리에 서 있었 다.\n",
		"passage_Cnt": 746
	},
	"Annotation": {
		"summary1": "전래 민요에 없는 가사를 꾸미어 넣는 그는 노래를 마치고 나서는 으레껏 하하하하 고 소리를 내어 공소하는 것이었다.",
		"summary2": null,
		"summary3": "그리고 그 다음 구절의 ‘천년만년 살고지고’를 ‘천년만년 사쟀더니’하고는, 봉화뚝엔 불 꺼지고 ……………………… 라는 전래 민요에 없는 가사를 꾸미어 넣고 있다. 이렇게 노래를 마치고 나 서는 그는 으레껏, “하하하하 하하하하” 하고 자곱 깨뜨리는 소리를 내어 공소하는 것이었다.",
		"summary_3_cnt": 157
	}
}