{
	"Meta(Acqusition)": {
		"doc_id": "REPORT-literature-07266",
		"doc_category": "REPORT",
		"doc_type": "literature",
		"doc_name": "깨어 가는 길",
		"author": "방정환",
		"publisher": null,
		"publisher_year": null,
		"doc_origin": "저작권위원회"
	},
	"Meta(Refine)": {
		"passage_id": "REPORT-literature-07266-07266",
		"passage": " 잠시 후에 도망갔던 우리들이 살금살금 모여 돌아왔는데 전에는 서로 말도 아니하던 터이나, 너무나 의외로 참변을 당하고 무섭고, 서럽고, 분하여서 서로 그 이야기를 하였다. 그것이 우리들의 최초의 집합이었단다. 이 최초 의 집합에서 꽤 많은 지혜를 얻었다. 산촌놈들은 단 열 명이라도 열 명의 힘을 가지고 있다. 각 개인이 열 명의 힘을 가지고 있다. 그런데 우리는 30 채의 집과 60명의 남자가 있건마는 다 따로따로 싸우기 때문에 한 사람이 한 사람의 힘밖에 없다. 그것을 우리가 처음 깨달았다. 그 때의 집합에는 물론 곤란이 막심하였다. 아직 언어가 불충분하여서 뜻 을 발표하기에 곤란하였다. 그 뒤에 오초(五初)라는 놈이 말을 많이 만들었 으나, 그래도 그 때는 서로 뜻을 통하기에 몹시 곤란하였다. 그러나 결국 의논이 합해서, 이뒤부터 산촌놈들이 여편네를 도적질하러 오거든 여럿이 힘을 합하여 한 무더기가 되어서 싸우기로 하였다. 그때부터 비로소 한 조 합된 정말 촌이 되었단다. 우리는 의논하고 산고개에 파수를 두 사람을 두었다. 한 사람은 낮이고, 한 사람은 밤으로 벌려서 혹시 산촌놈들이 오지 않나 하고 수직하는 것이어 서, 그것이 우리 촌의 눈이었다. 그리고, 또 열 명의 남자가 곤봉과 활을 준비하고, 어느 때에든지 곧 싸울 수가 있도록 밤낮없이 뻗치고 있었다. 이 전에는 우리가 생선이나, 조개나, 갈매기 알을 주으러 갈 때에는 다 각각 무기를 가지고, 방금 어디서 적이 오지 않나 하고 서로서로 벌벌 떨면서 주 의를 하였지마는 이제는 그런 염려 없이 비번들이 마음대로 일을 하게 되었 고, 또 여자들이 산에 감자나 딸기 따러 갈 때에는 열 명의 싸움 준비인 중 다섯 명씩 따라 가기로 되었다. 그리고, 밤낮없이 산고개에서는 촌의 눈이 파수를 보고 있었다.\n",
		"passage_Cnt": 883
	},
	"Annotation": {
		"summary1": "서로 말도 아니하던 우리는 너무나 의외의 참변을 당하면서 서로 그 이야기를 하고 꽤 많은 지혜를 얻으며 최초의 집합을 가졌다. ",
		"summary2": null,
		"summary3": "잠시 후에 도망갔던 우리들이 살금살금 모여 돌아왔는데 전에는 서로 말도 아니하던 터이나, 너무나 의외로 참변을 당하고 무섭고, 서럽고, 분하여서 서로 그 이야기를 하였다. 그것이 우리들의 최초의 집합이었단다. 이 최초 의 집합에서 꽤 많은 지혜를 얻었다.",
		"summary_3_cnt": 144
	}
}