{
	"Meta(Acqusition)": {
		"doc_id": "REPORT-literature-07402",
		"doc_category": "REPORT",
		"doc_type": "literature",
		"doc_name": "첫날밤(투르게네프)",
		"author": "현진건",
		"publisher": null,
		"publisher_year": null,
		"doc_origin": "저작권위원회"
	},
	"Meta(Refine)": {
		"passage_id": "REPORT-literature-07402-07402",
		"passage": "40 시안의 일평생에 이다지도 분노한 적은 없으리라. 분노하는 것은 지당한 일이다. 그는 지금도 유리가 자기를 의심하리라고는 꿈에도 생각지 못하였 다. 의심이 풀렸기에 이와 같이 기뻐하며 다시 부부가 된 줄로 알았다.\n그러나 유리는 그렇지 않았다. 의심이 풀려서 다시 부부가 된 것이 아니 요, 저번에 지내인 혼례가 유효하다는 소리를 듣고 다시 부부가 되는 것이 정당한 줄만 여겼다. 의심을 눌르고 시안을 따라 서게 된 것이다. 그러니 둘 의 마음에는 넘을 수 없는 굴헝이 하품을 하고 있었다. 의심이 풀리는 것과 의심을 눌르는 것과는 아주 다른 일이다. 그러나 어느 편의 생각을 그르다 고도 못 할 일이다. 옳기는 다 옳지마는 서로 합할 수는 없다. 아니, 피차에 자기의 생각이 옳다고 믿기 때문에 서로 자기를 굽힐 수 없음이다. 앞이마 에 푸른 힘줄이 드러난 시안은 부르짖었다.\n“그래, 오늘이란 오늘까지 임자는 내가 연희를 죽인 줄로 알았구려.” “왜 그런 말은 자꾸 하셔요. 제발 구만두어요. 내가 모든 것을 잊어버리 면 그뿐이 아니야요.” “아니다, 결코 아니다. 그 뿐이란 말이 될 말이냐. 분명히 대답을 해 다 고. 내가 연희를 죽였다는 의심이 아즉 임자의 마음에, 남아 있소 없소. 있 거든 있다고 시원스럽게 대답을 해요. 대답을.” 입으로 의심이 풀어졌다 하기는 매우 쉬운 일이건만 유리는 제 남편에게 거짓말할 여자가 아니다. 곧이곧대로 제 먹은 마음을 숨기지 않는 여자다.\n시방 의심하고 있는 것을 어찌 의심이 풀어졌다고 할 수 있으랴.\n",
		"passage_Cnt": 759
	},
	"Annotation": {
		"summary1": "그는 유리가 아직도 자기를 의심하리라고는 꿈에도 생각지 못하고 의심이 풀려서 다시 부부가 된 줄로 알았지만 유리는 혼례가 법적으로 유효하다기에 시안을 따른 것 뿐이었다. ",
		"summary2": null,
		"summary3": "그는 지금도 유리가 자기를 의심하리라고는 꿈에도 생각지 못하였 다. 의심이 풀렸기에 이와 같이 기뻐하며 다시 부부가 된 줄로 알았다. 의심이 풀려서 다시 부부가 된 것이 아니 요, 저번에 지내인 혼례가 유효하다는 소리를 듣고 다시 부부가 되는 것이 정당한 줄만 여겼다. 의심을 눌르고 시안을 따라 서게 된 것이다.",
		"summary_3_cnt": 178
	}
}