{
	"Meta(Acqusition)": {
		"doc_id": "REPORT-literature-07403",
		"doc_category": "REPORT",
		"doc_type": "literature",
		"doc_name": "그 전날 밤",
		"author": "이무영",
		"publisher": null,
		"publisher_year": null,
		"doc_origin": "저작권위원회"
	},
	"Meta(Refine)": {
		"passage_id": "REPORT-literature-07403-07403",
		"passage": " “수류탄 몇 개 폭발했지?” “도합 열세 갭니다.” “열세 개! 놈들이 던진 것이 몇 개나 될꼬?” “글쎄올시다. 반 이상이 고지 밑에서 터졌습니다. 아직 아군은 반 가량밖 에 못 갔을 겝니다.” “그럼 반은 우리가 가졌던 것이로군! 분하다!” 그때 무전이 또 들어왔다. “응 응, 적 진지에서 이백 미터? 응, 뭣이? 적의 기관총이 두 대?” 그때다. 고지에서 약 백 미터 지점에서 불이 번쩍한다. 대대장은 무전기를 두드려대고 있다. 아무 반응도 없다. “아, 아, 아!” 아무리 해도 이렇다 하는 반응조차도 없다. “마쳤구나!” 피가 섞인 절규였다. 무전이 끊어진 때를 계기로 무서운 폭음과 연광이 그 칠 사이가 없다. 시계는 정각 네 시를 가리키고 있었다. 네 시라는 숫자가 무 서운 불길을 가져다준다. 네 시 정각에서 볶아치던 폭음도 딱 그치고 만 것 이었다. 불길한 침묵이 끝없이 계속되고만 있다. 전원 전사를 했다는 말인 가? 뼈가 깎이는 듯싶은 침묵이 또다시 깨어졌다. 역시 수류탄의 폭음이었다.\n두 개, 세 개, 폭음 사이사이로 기관총이 또 볶아친다. 그러나 무전은 단 한마디 연락이 없다. 또 침묵이 오고 말았다. 그 침묵은 그대로 깨어질 줄을 모르고 말았다. 인 제는 더 주저하고 있을 때가 못되었다. 대대장은 최후의 결심을 했던 것이 다. 보충대에 돌격 명령이 내려지고 만 것이다. 대대장도 이 마지막 전투에 참가할 결심이었던 것이다. 그도 죽을 각오였었다. 혼자 살 수는 없었다.\n",
		"passage_Cnt": 730
	},
	"Annotation": {
		"summary1": "네 시 정각에 볶아치던 폭음이 그치고 무전은 한마디 없이 불길한 침묵이 계속되고 있었고 대대장이 보충대에 돌격 명령을 내리고 죽을 각오로 마지막 전투에 참가할 결심을 했다.",
		"summary2": null,
		"summary3": "네 시 정각에서 볶아치던 폭음도 딱 그치고 만 것 이었다. 불길한 침묵이 끝없이 계속되고만 있다. 그러나 무전은 단 한마디 연락이 없다. 대대장도 이 마지막 전투에 참가할 결심이었던 것이다. 그도 죽을 각오였었다. 보충대에 돌격 명령이 내려지고 만 것이다.",
		"summary_3_cnt": 148
	}
}