{
	"Meta(Acqusition)": {
		"doc_id": "REPORT-literature-07549",
		"doc_category": "REPORT",
		"doc_type": "literature",
		"doc_name": "가신 어머님",
		"author": "김동인",
		"publisher": null,
		"publisher_year": null,
		"doc_origin": "저작권위원회"
	},
	"Meta(Refine)": {
		"passage_id": "REPORT-literature-07549-07549",
		"passage": " 그러나 어머님은 내 이 행동을 매우 좋지 않게 보신 모양이었다. 첫째로는 가장 사랑하시던 아들을 슬하에 그냥 두고 싶으셨던 것이었다.\n그랬는데 그 아들이 자기의 처자만 서울로 끌고갔다는 점이 매우 불쾌하셨 다. 둘째로는, 제아무리 서울로 이사를 간댔자 벌어먹지 못할 것으로 보셨다.\n몇 달 간 공연히 고생들만 하다가 도로 모두 울레줄레 평양으로 내려올 것으로 믿으셨다. 그런 위에 어머님 소유의 땅 가운데 하나는 평양부 발전에 따라서 가까운 장래에 적지 않은 금액의 것이 다시 회복하시리란 마음이 있었더니만치, 내가 내 처자만 데리고 서울로 간다는 것을 싫어하셨다. 어차피 서울 가서 자리를 못 잡고 도로 내려오리라고 굳게 믿으셨더니만치 이삿짐이 진실로 박하였다. 아내가 자기의 친정에서 해가지고 온 물건 밖에 낡은 것(원래가 대갓집이 었더니만치 다른 것은 그만두고 유기 그릇만 하여도 큰 뒤주로 몇 뒤주가 되었다)이라고는 내 전실 아내의 것조차 안 주시고, 단지 빅터 유성기와 레코드와 싱거 재봉틀 하나뿐으로서, 좌우간 이사 온 날 저녁밥 담아 먹을 그릇조차 없어 사다가 담아 먹었다면 짐작이 갈 것이다. 그러나 내 계획이란, 어머님의 예상하신 바와 딴판이었다. 좌우간 무턱하고 집을 한 채 월부로 사기로 하였다. 집도 그만하면 정 부 끄러운 집도 아니었다. 그리고 여기서 차차 내 생활이 자리가 잡히는 동안 누이동생도 출가를 하게 되겠고 출가를 하게 되면 어머님의 땅도 누이에게 완전히 건너가게 될 것이고, 그때쯤이면 내 생활도 자리가 잡혀서 어머님을 모셔다가 안온한 여생을 보내시게 하겠다…… 내 생각은 이러하였다.\n",
		"passage_Cnt": 797
	},
	"Annotation": {
		"summary1": "어머님은 사랑하던 아들을 슬하에 두고 싶으셨고 서울로 이사를 간댔자 벌어먹지 못할 것인데 자기 처자만 끌고 간 행동을 좋지 않게 보신 모양이었다.",
		"summary2": null,
		"summary3": "그러나 어머님은 내 이 행동을 매우 좋지 않게 보신 모양이었다. 첫째로는 가장 사랑하시던 아들을 슬하에 그냥 두고 싶으셨던 것이었다. 그랬는데 그 아들이 자기의 처자만 서울로 끌고갔다는 점이 매우 불쾌하셨 다. 둘째로는, 제아무리 서울로 이사를 간댔자 벌어먹지 못할 것으로 보셨다.",
		"summary_3_cnt": 160
	}
}