{
	"Meta(Acqusition)": {
		"doc_id": "REPORT-literature-07630",
		"doc_category": "REPORT",
		"doc_type": "literature",
		"doc_name": "독와사",
		"author": "김정진",
		"publisher": null,
		"publisher_year": null,
		"doc_origin": "저작권위원회"
	},
	"Meta(Refine)": {
		"passage_id": "REPORT-literature-07630-07630",
		"passage": "청년의 말이 마지막으로 넘는다는 깎아지른 듯한 준령을 넘어서니 큰 산이 사방으로 둘러싼 싶은 골짜기 밑에서 반짝거리는 불빛이 아득하게 보인다.\n청년은 그 불을 가리키며 저 마을에 일지매가 유숙한다고 말한다. 한 치각은 그 집에 과연 일지매가 있는지는 모르나 몇 시간을 걸어오는 동안에 인가라 고는 눈에 띄지 아니 하더니 처음으로 불빛을 보매 마음이 좀 후련하였다.\n“저 동리에 정말 서울 손님이 있단 말이지요?” 한 치각은 어리석은 사람 같이 물어보았다. 청년은 어쩐 일인지 마을 집의 불을 본 뒤로는 다시 태도 가 유순하여졌다.\n“네, 그 집이 바로 마을의 첫집인데 서울 손님이 거기서 유하고 있지 요.” “그 동네는 몇 호나 되오?” “네 산골짜기니까 호수는 많지는 아니하지요. 거기는 집이 서너 채 있고 아래 산모퉁이에 큰 동네가 있습니다” 하며 청년은 한 치각의 마음을 눅이 느라고 하는 말인지 어조는 매우 부드러워지고 태도는 다시 공손하여졌다.\n“그 동네는 순사 주제소가 있소? 온천은 어느 편으로 있소?” 하며 한 치 각은 마음이 적이 밝아지며 이렇게 물었다.\n“주재소는 왜 묻습니까? 무슨 일이 있습니까? 내가 아까 산에서 가방을 내던졌더니 또 주재소에 말씀을 하려고 그리 물으시오? 바로 고 아래 모퉁 이에 주재소가 있습니다. 그러나 내가 아까 좀 골을 낸 것은 삯전이나 더 주실까 하고 그랬지요. 주재소에 그런 말씀은 마세요.” 청년은 빌붙는 듯 이 이렇게 한 치각에게 청하였다. 한 치각은 청년의 태도가 점점 수그러지는 것을 보고 분명히 그 근처에는 주재소가 있는 것을 믿었다. 그와 동시에 중 로에서 당하던 일이 다시 분하게 생각이 되었다.\n",
		"passage_Cnt": 818
	},
	"Annotation": {
		"summary1": "청년이 큰 산이 사방으로 둘러싼 깊은 골짜기 밑에서 반짝거리는 불빛을 가리키며 일지매가 저 마을에 유숙한다고 말하자 몇 시간 만에 보이는 불빛에 한 치각의 마음이 후련하였다.",
		"summary2": null,
		"summary3": "청년의 말이 마지막으로 넘는다는 깎아지른 듯한 준령을 넘어서니 큰 산이 사방으로 둘러싼 싶은 골짜기 밑에서 반짝거리는 불빛이 아득하게 보인다. 청년은 그 불을 가리키며 저 마을에 일지매가 유숙한다고 말한다. 한 치각은 그 집에 과연 일지매가 있는지는 모르나 몇 시간을 걸어오는 동안에 인가라 고는 눈에 띄지 아니 하더니 처음으로 불빛을 보매 마음이 좀 후련하였다.",
		"summary_3_cnt": 205
	}
}