{
	"Meta(Acqusition)": {
		"doc_id": "REPORT-literature-07691",
		"doc_category": "REPORT",
		"doc_type": "literature",
		"doc_name": "김정승(金政丞)과 단천기(端川妓)",
		"author": "차상찬",
		"publisher": null,
		"publisher_year": null,
		"doc_origin": "저작권위원회"
	},
	"Meta(Refine)": {
		"passage_id": "REPORT-literature-07691-07691",
		"passage": "김우항은 이 말에 더욱 감격하여 대답하되 \"나도 그런 생각를 못하는 바는 아니나 원래 이곳에 온 목적이 있는데 그 것를 이루지 못하고 빈손으로 집에 돌아가게 된다면 처자를 대할 면목이 없는 까닭에 오늘이나 떠날가 내일이나 떠날가 하며 그대로 있네.\" 하니 기생은 생끗이 웃으며 또 말하되 \"사내대장부가 그까짓 소소한 일로 걱정를 할 것이 무엇 있겠읍니까. 제 가 벌써 그러신 사정를 잘 아는 까닭에 얼마전에 이미 그런 준비는 다하여 보내 드렸사오니 그런 걱정은 조금도 말으시고 하루라고 바삐 서울로 가셔 서 소원성취나 하십시요.\" 하고 그 이튿날 아침에 일찍이 일어나서 조반 대접를 잘 해 올리고 마필(馬 匹)과 그의 행구 여비 등를 준비하여 그를 보내니 김우항은 퍽이나 고맙게 생각하면서 그 기생를 차마 떨어질 수가 없어서 눈물를 흘리며 억지로 길를 떠나게 되었다.\n그럭저럭 며칠를 왔던지 마침내 집에 와서 본즉 과연 집안의 생활이 전보 다 훨씬 났고 딸의 혼수도 한 가지 군색한 것이 없이 다 준비되었다.\n그때까지 집안 사람들은 물론 그것이 모두 단천부사(端川府使)의 덕으로 그리된 줄만 알고 그에게 대한 찬사가 여간 아니었다. 그도 역시 그러하다 고 대답하고 자세한 내용은 구태어 말하지 아니하였다.\n그런지 몇 해 후에 그에게는 과연 늦복이 터지기 시작하여 오십의 노령으로 처음 과거를 하고 이어서 옥당(玉堂)이 되었더니 숙종대왕의 특별한 권총 (眷寵)를 받아 얼마 안에 또 함경도 어사(御使)를 하게 되었다. 그것은 그 로 하여금 실로 평생에 잊지못할 원한를 품고 또한 단천기생과 반갑게 만나 게 된 천재(千載)의 좋은 기연(奇緣)이었다. 그는 배명(拜命) 즉시에 폐포파 립의 나그네 행색를 차리고 어느 곳 보다도 먼저 단천를 찾아 갔었다.\n",
		"passage_Cnt": 867
	},
	"Annotation": {
		"summary1": "그는 늦복이 터져 오십에 처음 과거를 해 옥당이 되더니 얼마 안에 또 함경도 어사를 하게 되자 배명 후 바로 단천을 찾아갔었다.",
		"summary2": null,
		"summary3": "그런지 몇 해 후에 그에게는 과연 늦복이 터지기 시작하여 오십의 노령으로 처음 과거를 하고 이어서 옥당(玉堂)이 되었더니 숙종대왕의 특별한 권총 (眷寵)를 받아 얼마 안에 또 함경도 어사(御使)를 하게 되었다. 그는 배명(拜命) 즉시에 폐포파 립의 나그네 행색를 차리고 어느 곳 보다도 먼저 단천를 찾아 갔었다.",
		"summary_3_cnt": 175
	}
}