{
	"Meta(Acqusition)": {
		"doc_id": "REPORT-literature-07221",
		"doc_category": "REPORT",
		"doc_type": "literature",
		"doc_name": "부부",
		"author": "최서해",
		"publisher": null,
		"publisher_year": null,
		"doc_origin": "저작권위원회"
	},
	"Meta(Refine)": {
		"passage_id": "REPORT-literature-07221-07221",
		"passage": " 오늘은 여느 때보다 한 이삼십 분 일찍이 파하였습니다. 두 내외는 서늘한 바람을 쏘이면서 야시로 나왔읍니다. 야시로 나온 그네는 전차를 타지 말고 걸어가기로 하고 삼십 전 남은 것으로 '쥐통'하고 수박 한 통을 샀읍니다.\n가벼운 쥐통은 아씨가 들고 무거운 수박은 서방님이 들고 타박타박 박석 고 개를 넘어갔읍니다. “여보 당신은 가을에 무엇을 입우? 다듬은 두루막이 저 모양이 되었으 니……. 생각할수록 원통해요!” 아씨의 목소리는 떨렸읍니다. 실상 아씨는 그 생각이 가끔가끔 가슴을 흔 들어서 구경도 잘 못하였습니다. 서방님도 그 체증은 그저 내리지 않았으 나, “무얼 가을에 지어 입지! 당신이 당장 입을 것 없는 것이 걱정이지 내야 아직…….” 하면서 아내가 안심하기를 원하였습니다. “난 괜찮어요! 당신은 나당기는 이가 옷 없으니 걱정이지……. 내야 나당 기니 걱정요? 인제는 괴로와 당기기도 싫여요……, 호!” 아씨는 자기로도 무심코 말해놓고는 부끄러운 듯이 웃었읍니다. “참말 내가 잊었구려! 전차 타는 걸 그랬지!” 산삭이 가까와 온 아내를 돌아볼 때 서방님은 후회하지 않을 수 없었읍니 다. “어디 돈 있세요?” 아씨는 인정 있게 뇌였읍니다. “쥐통이나 수박이나……” 말을 끄집어내다가 수박이 먹고 싶다고 한 아내가 미안히 여길까 보아서 말끝을 돌렸읍니다. ── “아니 쥐통을 사지 말 걸 그랬지.” “그만 예산은 나도 한다오. 해!” 아내는 상긋 웃었으나 서방님의 가슴은 그저 쓰리었읍니다.\n",
		"passage_Cnt": 733
	},
	"Annotation": {
		"summary1": "한 이삼십 분 일찍 파해 야외로 나온 두 내외는 걸어가기로 하고 수박 한 통과 쥐통을 사서 타박타박 박석고개를 넘어갔다. ",
		"summary2": null,
		"summary3": "오늘은 여느 때보다 한 이삼십 분 일찍이 파하였습니다. 두 내외는 서늘한 바람을 쏘이면서 야시로 나왔읍니다. 야시로 나온 그네는 전차를 타지 말고 걸어가기로 하고 삼십 전 남은 것으로 '쥐통'하고 수박 한 통을 샀읍니다. 가벼운 쥐통은 아씨가 들고 무거운 수박은 서방님이 들고 타박타박 박석 고 개를 넘어갔읍니다.",
		"summary_3_cnt": 178
	}
}