{
	"Meta(Acqusition)": {
		"doc_id": "REPORT-literature-07624",
		"doc_category": "REPORT",
		"doc_type": "literature",
		"doc_name": "성군",
		"author": "안석영",
		"publisher": null,
		"publisher_year": null,
		"doc_origin": "저작권위원회"
	},
	"Meta(Refine)": {
		"passage_id": "REPORT-literature-07624-07624",
		"passage": "그런 것들이 조금씩 자라 허영심으로 변했을 것이고 호화로운 생활을 꿈꾸 던 끝에 그녀의 뜻이 아닌 약혼을 승낙하였는지도 모를 일이었다.\n사람을 의심하기 시작하면 어진 사람도 도둑같이 보인다지만, 애초에 혼인 말이 났을 때 왜 자기에게는 알져 주지 않았는지 그것이 도대체 모를 일이 었다. 아직은 처녀로서 말하기가 민망해서 숨겼었다 하더라도 결혼 날짜가 겨우 일주일밖에 남지 않았을 때는 자기가 말을 하기 전에 그녀가 먼저 했 어야 옳았다. 그러나 자기가 말을 하고 나서야 집안 형편이 그렇게 만든 것 이니 울며 겨자 먹기로 가는 수밖에 없다고 하지 않았는가.\n그렇다고 하면, 말을 잘 놀릴 줄 아는 마부에게 말이 따르듯, 영애도 돈으 로써 사람을 부리는 자를 따라가는 셈인가. 그는 베개에 이마를 문지르며 괴로워하였다.\n‘가려면 가라지. 이 거렁뱅이에게 계집이 당키나 하냐. 가거라. 네 마음 대로 가려무나.’ 그는 일어나서 불을 꺼버리고는 다시 누웠다. 캄캄한 방 안엔 괴로운 호흡 소리만이 들릴 뿐이었다.\n영애는 영복이의 도시락을 신문지에 싸 책가방에 넣고서 영복의 어깨에 메 어 주었다. 그리고 모자를 반듯이 씌워 주고는 아이를 한 바퀴 돌려서 뒷맵 시를 보았다.\n“공부 시간에 옆 아이하고 장난치지 말고 선생님이 가르치시는 이야기를 잘 들어, 응!” “응!” “응이 무에냐? 네! 그래야지.” “그럼, 네!” “그럼 네가 무어냐? 호호호. 다시 한 번 해 봐.” “네!” “자, 그럼 학교 갈 때마다 하는 게 있지?” 영복은 빙긋이 웃으며 영애의 두 귀를 붙잡고 뽀뽀를 했다. 그리고는 마루 끝에 놓인 고무신을 신고 줄달음질을 쳐 대문 밖으로 사라졌다. 영애는 어 린 영복이의 그런 행동이 여간 귀엽고 든든한 것이 아니었다.\n",
		"passage_Cnt": 858
	},
	"Annotation": {
		"summary1": "괴로워하며 다시 누운 그의 방 안엔 괴로운 호흡 소리만 들렸다.",
		"summary2": null,
		"summary3": "그는 베개에 이마를 문지르며 괴로워하였다. ‘가려면 가라지. 이 거렁뱅이에게 계집이 당키나 하냐. 가거라. 네 마음 대로 가려무나.’ 그는 일어나서 불을 꺼버리고는 다시 누웠다. 캄캄한 방 안엔 괴로운 호흡 소리만이 들릴 뿐이었다. 영애는 영복이의 도시락을 신문지에 싸 책가방에 넣고서 영복의 어깨에 메 어 주었다.",
		"summary_3_cnt": 179
	}
}