{
	"Meta(Acqusition)": {
		"doc_id": "REPORT-literature-07319",
		"doc_category": "REPORT",
		"doc_type": "literature",
		"doc_name": "무능자의 아내",
		"author": "김동인",
		"publisher": null,
		"publisher_year": null,
		"doc_origin": "저작권위원회"
	},
	"Meta(Refine)": {
		"passage_id": "REPORT-literature-07319-07319",
		"passage": " 무능자인 그의 남편은 무얼 하나? 가정에서는 아무것도 모르는 한 바보였 지만 사회적으로는 예술과 소설가의 한 거두로서 이름 있던 그의 남편은 이 즈음은 아무것도 쓰는 것이 없었다. 그의 반대파에서는 그를 청산하였다고 기뻐들 하였다. 본시 자기에 대한 비평이나 반박에 대하여는 일절 응답을 안하던 그는 역 시 침묵을 지키고 있을 뿐이었다. 영숙이는 그것을 자기의 힘으로 믿었다. 자기가 아직껏 그의 집안의 현 부 로서 온갖 일을 다 살펴주어서 그로 하여금 집안에 대하여는 마음 놓고 창 작의 붓을 들게 하였기에 그의 문명이 올랐지, 자기를 잃어버린 그는 지금 은 다만 한낱 바보에 지나지 못할 것이었다. 집안의 가장과 주부를 겸하여 야 할 지금의 그, 어린애들의 아버지와 어머니 노릇을 겸해야 할 그, 더구 나 가난에 싸인 그가 아무것도 하지 못할 것은 정해둔 일이었다. ‘인제야 저도 다됐지.’ 때때로 영숙이는 자랑에 가까운 마음으로 이렇게 자기에게 이야기하고 하 였다. 그리고 그러한 태도를 남에게 나타내기도 결코 주저하지 않았다. “글쎄, 봐요. 바보라우 바보야. 제가 무얼 하나. 내가 있었기에 이러구저 러구 했지 할 게 뭐란 말이오? 아마 그 사람을 직접으로 모르는 사람들은 훌륭하게 알겠지? 그렇지만 급기야 만나보면 우스워요.” 그는 친구들에게 이렇게 자랑하였다. 그리고 여성의 위대한 힘을 더욱 과 장하였다.\n10 또1년이 지났다. 그 때에 아직껏 침묵을 지키던 영숙이의 전남편의 소설이 오래간만에 어느 잡지에 발표되었다. 그다음 달에는 소설 세 편이 발표되었다. 그뒤부터는 다달이 몇 편씩 발표되었다.\n",
		"passage_Cnt": 793
	},
	"Annotation": {
		"summary1": "무능한 남편의 일을 살펴주며 창작의 붓을 들게 하였던 영숙을 잃어버린 그는 지금 한낱 바보에 지나지 못할 것이다.",
		"summary2": null,
		"summary3": "영숙이는 그것을 자기의 힘으로 믿었다. 자기가 아직껏 그의 집안의 현 부 로서 온갖 일을 다 살펴주어서 그로 하여금 집안에 대하여는 마음 놓고 창 작의 붓을 들게 하였기에 그의 문명이 올랐지, 자기를 잃어버린 그는 지금 은 다만 한낱 바보에 지나지 못할 것이었다. 무능자인 그의 남편은 무얼 하나?",
		"summary_3_cnt": 168
	}
}