{
	"Meta(Acqusition)": {
		"doc_id": "REPORT-literature-07657",
		"doc_category": "REPORT",
		"doc_type": "literature",
		"doc_name": "빈(貧) - 제1장 제1과",
		"author": "채만식",
		"publisher": null,
		"publisher_year": null,
		"doc_origin": "저작권위원회"
	},
	"Meta(Refine)": {
		"passage_id": "REPORT-literature-07657-07657",
		"passage": " 시어머니는 마침 어디 나가고 없고, 남편이 어린 것 옆에 가 축 늘어져 누 워 있었다. 유모는 먼지가 묻고 구기고 할까봐서 우선 치마와 단속곳을 벗어 한편으로 개켜놓고야 어린 것을 그러안는다. “어쩌믄 이것이 이 꼴이 됐수!” 가 시에다가 양초를 살폿 입혔다고나 할는지, 오목가슴이 발딱 거리지만 않 으면 죽었는가 싶게 산 기운이 없어 보이는 어린 것의 입에다가 흐뭇진 젖퉁 이의 젖꼭지를 물려주면서 애꿎게 남편을 칭원하는 것이다. 그렇다고 어디 다운 애정이 금시로 솟아나서 그러는 것은 아니다. “좀 낫다는 게 그 모양인걸……” 최서방은 안해의 눈치를, 오늘은 돈을 얼마나 내 놀려 노? 저녁은 지내고 들 어가려나? 해서 슬금슬금 눈치를 살펴가면서 건성으로 대답이다. 미상불 어린 것은 제 어미 말대로, 제 명이 길어서 그랬던지 닷새 전에 죽 을 고패를 넘기고는 차차 나아가는 참이었었다.─ 몸이 좀 식고 밥물도 빨 아 먹고 그리고 잠도 편히 자고.─ 그래서 어미가 젖꼭지를 물려 줄 때도 마침 잠이 들었을 때라, 젖꼭지가 입술을 근질르니까 힘없이 눈을 뜨고 서투르게 두어 모금 빨더니, 제 깐에도 이상했던지 잠시 입을 오물거리고 고갯짓을 하다가 비로소 다시 파고들어 빨아먹기 시작을 한다. 최서방은 안해의 비끄러맨 손수건을 풀어 담뱃곽을 꺼내다가 같이 싼 돈을 좌르르 흩뜨리고는 무렴해서 쩔쩔맨다. 일 원짜리가 수북하고 또 잔돈도 오 붓해서, 그런 중에도 그는 속으로 느긋했다. 유모는 잔돈을 젖혀놓고 일 원짜리를 다 집어 준다.\n",
		"passage_Cnt": 748
	},
	"Annotation": {
		"summary1": "유모는 남편을 애꿎게 칭원하며 죽었는가 싶게 기운이 없는 어린 것을 그러안았다.",
		"summary2": null,
		"summary3": "유모는 먼지가 묻고 구기고 할까봐서 우선 치마와 단속곳을 벗어 한편으로 개켜놓고야 어린 것을 그러안는다. “어쩌믄 이것이 이 꼴이 됐수!” 가 시에다가 양초를 살폿 입혔다고나 할는지, 오목가슴이 발딱 거리지만 않 으면 죽었는가 싶게 산 기운이 없어 보이는 어린 것의 입에다가 흐뭇진 젖퉁 이의 젖꼭지를 물려주면서 애꿎게 남편을 칭원하는 것이다.",
		"summary_3_cnt": 193
	}
}