{
	"Meta(Acqusition)": {
		"doc_id": "REPORT-literature-07664",
		"doc_category": "REPORT",
		"doc_type": "literature",
		"doc_name": "명일",
		"author": "채만식",
		"publisher": null,
		"publisher_year": null,
		"doc_origin": "저작권위원회"
	},
	"Meta(Refine)": {
		"passage_id": "REPORT-literature-07664-07664",
		"passage": " 영주는 그렇다고 믿기는 하나 혹시 저 보자기 속에 들어 있는 것이 바느질감이나 아니면 어찌하나 싶어 어서 펴놓고 속시원하게 이리이리 해달라는 말이 나오기만 기다리는데 자꾸만 딴 수작이 벋어지니 여간만 속이 타지 아니한다. “네, 그저 놓아 멕이는 말새끼처럼……” “바깥어른께서는 아즉두 노시구?” “네 아즉.” “거 참 걱정되시겠읍니다. 어서 생화를 허서야지.” “그러게 말이예요. 허구헌 날 참 못해 먹겠어요.” “그러다뿐이겠어요…… 것두 다 팔자 소간이지요. 아, 허기야 오죽 훌륭 허십니까! 밖에서는 대학교를 졸입 허시구 또 안에서는 고등학교를 졸입하시고…… 그러구두 저 고생이시니!” “시방 세상에야 공부한 게 무슨 소용이 되더라구요!” 영주는 남편이 그런 말을 하면 왜 공부한 게 잘못이냐고 핀잔을 주지만 실상 자기도 그런 말을 곧잘 하는 것이다. “거 참 그런가바요. 인제는 공부를 투철히 해두 소용이 없나바요. 세상이 말세가 되서 그런지……” 싸전댁은 말세라는 말 끝에 문득 생각이 나서 이어 “아이 참 금년이 병자년이라구 난리가 난대지요?” 하고 아까 문간방 색시만큼이나 긴하게 말을 한다. “글쎄들 그럽디다만. 무슨 병자년이라구 난리가 나란 법이 있을라구요?” “웬걸요. 꼭 난리가 난대요. 그래서 이 백금값두……” 하고 손에 낀 굵다란 백금가락지를 뻗혀 보인다. “——퍽 올랐다는데요.” 그의 손에는 가운뎃손가락에 백금가락지가 한 켤레 끼워 있고 또 무명지에는 새빨간 루비를 박은 금반지도 끼워 있다.\n",
		"passage_Cnt": 740
	},
	"Annotation": {
		"summary1": "보자기에 든 것이 바느질감이길 기다리는 영주는 자꾸만 다른 수작에 속이 타고 있다.",
		"summary2": null,
		"summary3": "영주는 그렇다고 믿기는 하나 혹시 저 보자기 속에 들어 있는 것이 바느질감이나 아니면 어찌하나 싶어 어서 펴놓고 속시원하게 이리이리 해달라는 말이 나오기만 기다리는데 자꾸만 딴 수작이 벋어지니 여간만 속이 타지 아니한다.",
		"summary_3_cnt": 123
	}
}