{
	"Meta(Acqusition)": {
		"doc_id": "REPORT-literature-07472",
		"doc_category": "REPORT",
		"doc_type": "literature",
		"doc_name": "소망",
		"author": "채만식",
		"publisher": null,
		"publisher_year": null,
		"doc_origin": "저작권위원회"
	},
	"Meta(Refine)": {
		"passage_id": "REPORT-literature-07472-07472",
		"passage": " “이 동물아! 내가 이렇게 꼼짝 안구서 쳐박혀만 있으니깐, 아무 내력 없 이 그러는 줄 알아? 나는 이게 싸움이야, 이래 뵈두. 더위가 나를 볶으니 까, 누가 못견 디나 보자구 맞겨누는 싸움이야 싸움!” 내 원, 어처구니가 없어서. 더 옥신각신해야 되려 그이 신경에만 해롭겠어서 벌떡 일어나 나와 버렸 지. 속두 상허구, 허는 깐으루는 재갸 말대루 태호나 데리구 안양이라두 곧 가겠어. 그렇지만, 어디 그럴 수가 있어야지. 내가 애를 푹신 삭히구 말았 지. 그러자 마침 생각하니깐 오늘이 말복이야. 그래, 온 여름 내내, 그 생지옥 에 처박혀 있으면서, 연계 한 마리두 못 얻어먹구 꼬치꼬치 야윈 게 애차랍 기두 허구, 또 태호두 며칠 설사 끝에 눈이 빠아꼼하구, 에라 남대문장에나 가서 연계를 두어 마리 사다가 삶어 주리라구, 태호를 앞세우구 나섰지. 그이더러두 장에 가서 닭 사 가지구 오마구, 좋은 말루 말을 허구 나가려니 깐, 되부르더니, 내려가는 길에 싸전가게 주인더러 재갸가 엊그제 시굴서 올라오기는 했는데, 일이 여의치가 못했다구, 미안한 대루 이 달 팔월 그믐 꺼정만 더 참어달라구 일르라는 군. 그런 걸 봐두 정신 말짱하잖우? 대놓구 먹던 아랫거리 싸전에 묵은 외상값이 한 이십 원 돼요. 그걸 지난봄부터 몇 번 밀어오다가 유월 그믐껜가는 재갸가 돈을 마련하러 시굴을 내 려가니, 수히 올라와서 셈을 막어주마구 그랬다는 군. 그래 놓구는 칠월 그 믐을 문두름히 넹겼는데, 글쎄, 그이 하는 짓을 좀 봐요. 시굴 내려갈 줄루 거짓말을 하구서는, 그담부텀은 그 앞으루 지내다니기가 안됐으니깐, 화동 서씨네 집을 갈 때면은 곧장 내려와서 가회동으루 넘어가덜 못하구서는, 위 정 중앙학교 뒤루 길을 피해 비잉빙 돌아다니는구려! 애초에 시굴이니 뭣이 니 할 게 아니라, 그대루 이럭저럭 한동안 밀어가다가, 생기는 날 갚어 줄 것이지, 또 그래놓구서, 그 앞을 얼찐 못할 건 무엇이며, 사람이 고렇게 소 심허다구는! 그런 걸 보면 천하 졸장부야.\n",
		"passage_Cnt": 982
	},
	"Annotation": {
		"summary1": "말복 날 태호에게 연계를 사다가 삶어 주기 위해 남대문장에 갔다.",
		"summary2": null,
		"summary3": "그래, 온 여름 내내, 그 생지옥 에 처박혀 있으면서, 연계 한 마리두 못 얻어먹구 꼬치꼬치 야윈 게 애차랍 기두 허구, 또 태호두 며칠 설사 끝에 눈이 빠아꼼하구, 에라 남대문장에나 가서 연계를 두어 마리 사다가 삶어 주리라구, 태호를 앞세우구 나섰지. 그러자 마침 생각하니깐 오늘이 말복이야.",
		"summary_3_cnt": 166
	}
}