{
	"Meta(Acqusition)": {
		"doc_id": "REPORT-literature-07617",
		"doc_category": "REPORT",
		"doc_type": "literature",
		"doc_name": "생의 반려 (生의 伴侶 )",
		"author": "김유정",
		"publisher": null,
		"publisher_year": null,
		"doc_origin": "저작권위원회"
	},
	"Meta(Refine)": {
		"passage_id": "REPORT-literature-07617-07617",
		"passage": " 이걸 본다면 이것이 얼마나 중대한 편지임을 알것 이다. 만일에 이 편지가 전대로 못 가고 본다면 필연 명렬군은 온전히 그냥 있지는 않으리라.\n하여튼 나는 그걸 가지고 갈 곳까지 다다랐다. 내가 발을 멈춘 데는 돈의동 뒤 골목이었다. 바루 내앞에 쳐다보이는, 전 등 달린 대문이 있고 고옆으로 차들에 나명주라고 새긴 문패가 달리었다.\n안에서는 웃음소리와 아울러 가끔 노래가 흘러 나오련만 대문은 얌전히 듣 닫기었다. 나의 임무는 즉 이집에다 편지를 바치고 그 답장을 맡아 오는 것이다. 그러 나 아무리 생각하야 보아도 다가서서 대문을 두드려볼 용기가 나진 않는다.\n이 편지가 하상 뭐길래 그가 탐탁히 받아주랴, 싶어서이다. 마는 어떻게 생 각하면 사람의 일이라 예외를 알 수없고 그리고 한편 전인으로 이렇게까지 왔음에는 호기심으로라도 받아줄지 알 수 없다. 우선 공손히 바처나 보자, 생 각하고 나는 문앞으로 바특이 다가서본다. 그러나 설혹 받아준다 치고 요망스리 뜯어서 한번 쭉 훑어보고 내동댕이 친 다면 그때 내꼴이 무엇이 되겠는가. 아니 나보다는 이걸 쓰기에 정성을 다 한 명렬군이 첫때 모욕을 당할 것이다. 여하한 일이라도 동무는 욕 모이고 싶지 않다, 생각하고 나는 다시 대문을 떨어저 저만침 물러슨다. 이러기를 서너 차례 한 다음에 나는 딱 결정하였다. 편지를 호주머니에 넣고 그래도 사직동을 향하야 올라갔다. 내가 명렬군의 집으로 막 들어갈랴 한제 등뒤에서 갑작이 “재!” 하고 누가 부른다.\n",
		"passage_Cnt": 731
	},
	"Annotation": {
		"summary1": "이 집에다 편지를 바치고 답장을 받아 오는 것이 나의 임무이지만 그가 과연 이 편지를 받아줄까 싶어서 용기가 나지 않았고 일단 공손하게 바치어나 보자 생각한다.",
		"summary2": null,
		"summary3": "나의 임무는 즉 이집에다 편지를 바치고 그 답장을 맡아 오는 것이다. 그러 나 아무리 생각하야 보아도 다가서서 대문을 두드려볼 용기가 나진 않는다. 이 편지가 하상 뭐길래 그가 탐탁히 받아주랴, 싶어서이다. 우선 공손히 바처나 보자, 생 각하고 나는 문앞으로 바특이 다가서본다.",
		"summary_3_cnt": 158
	}
}