{
	"Meta(Acqusition)": {
		"doc_id": "REPORT-literature-07510",
		"doc_category": "REPORT",
		"doc_type": "literature",
		"doc_name": "김정승(金政丞)과 단천기(端川妓)",
		"author": "차상찬",
		"publisher": null,
		"publisher_year": null,
		"doc_origin": "저작권위원회"
	},
	"Meta(Refine)": {
		"passage_id": "REPORT-literature-07510-07510",
		"passage": "위선 전날에 은혜를 입은 그 기생이 그동안 무고하게 잘 지내고 또 자기에 대한 사모하는 마음이 전과 같은가 아닌가를 한 번 시험하여 보려고 남루한 의복중에도 가장 남루한 의복을 갈아입고 얼굴과 수족에도 더러운 검정칠을 하여 빌어먹는 거지 행색을 하고 그 기생의 집을 찾아갔다.\n그 집의 사람들은 그저 보통 거지로 알고 문전에서 내쫓으려고 하였으나 유독 그 기생만은 그 음성을 알아 듣고 반가이 뛰어나와 맞아들였다.\n그는 기생이 무슨 말을 묻기도 전에 먼저 말하기를 \"나는 원래 박복한 탓으로 그때 서울집으로 가다가 중도에서 강도를 만나 행구며 노자 의복 등속을 전부 빼앗기고 적신으로 집에 들어갈 면목이 없 어 그만 거지패를 차고 이곳 저곳으로 방랑을 하며 걸식을 하다가 염체 없 이 또 찾아왔네.\" 하였다.\n웬만한 기생같으면 전날에야 어찌 보고 그리 후대를 하였던 다시 그 지경된 것을 본다면 의례 낙심하고 돌아보지 않을 터이나 원래 지감이 특이한 그 기생은 지난 날과 조금도 다름이 없이 그대로 환영하여 위선 목욕(을) 시키 고 새 옷을 가라 입혔다.\n그런데 그전에는 그가 새 옷을 입으면 의례 헌 옷은 벗어 버리더니 그때에는 새 옷을 입고도 그 더러운 옷을 특별하게 잘 단속해 두었다.\n기생이 일부러 그 헌 옷을 문밖으로 내던지면 또 한사코 끌어들였다. 그렇 게 여러 번 계속하여 그렇게 하니 기생도 그제서는 눈치를 차리고 거짓 성을 내며 \"남녀 간에 그만하면 통사정을 할 터인데 그렇게 할 것이 무엇 있소.\" 하니 김우항은 그제서야 그 기생의 귀에다 입을 대고 가만히 말하되 \"그 속에 마패(馬牌)가 들었어…….\" 하니 기생은 크게 반가워 하며 \"그러면 그렇지, 내가 사람이야 잘 알아 보았지.\" 하고 마치 이도령이 어사 출도할 때에 춘향모가 날뛰듯이 한참동안 뛰놀았 다.\n",
		"passage_Cnt": 885
	},
	"Annotation": {
		"summary1": "자기를 사모하던 마음을 시험하려 보려고 거지 행색으로 기생의 집을 찾아갔다.",
		"summary2": null,
		"summary3": "위선 전날에 은혜를 입은 그 기생이 그동안 무고하게 잘 지내고 또 자기에 대한 사모하는 마음이 전과 같은가 아닌가를 한 번 시험하여 보려고 남루한 의복중에도 가장 남루한 의복을 갈아입고 얼굴과 수족에도 더러운 검정칠을 하여 빌어먹는 거지 행색을 하고 그 기생의 집을 찾아갔다.",
		"summary_3_cnt": 154
	}
}