{
	"Meta(Acqusition)": {
		"doc_id": "REPORT-literature-07635",
		"doc_category": "REPORT",
		"doc_type": "literature",
		"doc_name": "도야지",
		"author": "채만식",
		"publisher": null,
		"publisher_year": null,
		"doc_origin": "저작권위원회"
	},
	"Meta(Refine)": {
		"passage_id": "REPORT-literature-07635-07635",
		"passage": " 그러나 소위 그 학벌이 있고, 재산이 있고, 근지가 좋고, 야소교의 신자요, 또 그리고 허위대가 멀끔하고 하다는 것이 최씨 부인 등 속에게는 눈에 들고 탐탁하였을는지 몰라도, 막상 좋은 신랑감이나 장래가 유망한 청년일 조건까지도 된다는 법은 없는 것이었었다. 강준성은 미상불 돈은 그렇게 잘 벌었다. 그러나 그는 돈과 좋은 음식과 화려한 옷에 술과 아리따운 계집과 이것밖에는 모르는, 그것에서 밖에는 생활의 낙과 의의를 발견할 능력이 없는, 아무 데서나 볼 수 있는 한낱 속한에 지나지 못하였다. 매일같이 술 먹고 계집질하고, 하르빈이나 장춘(신경)으로 술과 계집을 원정 가고, 이것이 일이요 천하에 없는 낙이요 커다란 생(生)의 가치(價値)요 하였다. 아내 경채에게는 애정도 존경도 가지지 아니하였다. 무릇 아내라는 것은 남편의 애정이나 존경 같은 것은 생각할 것이 아니요, 오직 가정을 지키고 남편을 시중들고 하면 그만이라는 것이 다시 없이 좋은 신랑감이라던 강준성의 말없은 주장이요 요구요 하였다. 강준성이 아내 경채에게 보내는 서비스가 있다고 한다면, 그것은 주악한 화류병의 선사였었다. 덕분에 경채는 그것을 치료하기에 두 달 석 달씩 번번이 고생을 하곤 하였다. 강준성은 마침내 첩을 얻어 딴 살림을 벌이기 시작하였다. 애초에 경채편에서도 무슨 애정이 있어가지고 결합이 된 부부는 아니었었다. 또 결혼 후에도 애정은 우러난 것이 없었다. 오직 ‘법’에 좇아 형식적인 아내 노릇을 하여왔을 따름이었다.\n",
		"passage_Cnt": 734
	},
	"Annotation": {
		"summary1": "강준성은 돈은 잘 벌었지만 생활의 낙과 의의를 발견할 능력이 없어 한낱 속한에 지나지 못하였으며 아내 경채에게는 애정도 가지지 아니하였다.",
		"summary2": null,
		"summary3": "강준성은 미상불 돈은 그렇게 잘 벌었다. 아내 경채에게는 애정도 존경도 가지지 아니하였다. 그러나 그는 돈과 좋은 음식과 화려한 옷에 술과 아리따운 계집과 이것밖에는 모르는, 그것에서 밖에는 생활의 낙과 의의를 발견할 능력이 없는, 아무 데서나 볼 수 있는 한낱 속한에 지나지 못하였다.",
		"summary_3_cnt": 162
	}
}