{
	"Meta(Acqusition)": {
		"doc_id": "REPORT-literature-07444",
		"doc_category": "REPORT",
		"doc_type": "literature",
		"doc_name": "생일 전날",
		"author": "김남천",
		"publisher": null,
		"publisher_year": null,
		"doc_origin": "저작권위원회"
	},
	"Meta(Refine)": {
		"passage_id": "REPORT-literature-07444-07444",
		"passage": " 안방이 밖 대문, 안 대문을 거쳐, 길거리에서 훨씬 떨어져 들어가 있는 때 문일까. 밖에서 우르렁거리는 소리가 한참이나 나고, 다시 뚜뚜 소리를 내 면서 먼지를 뽀오얗게 날리고 차가 윗거리를 달려가버린 뒤에도 친정 집에 서는 사람 하나 얼른하지 않았다. 최서방이 짐을 가지고 왔을 터이니까 서분이가 복손이를 데리고 낮차로 온 다는 것쯤은 알고 있을 터이므로, 거리에서 자동차의 기관 소리만 나면 막 간 사람이라도 뛰어나올 것인데 낯설은 집에나 오는 것 같이 서분이와 복손 이가 대문 턱에서 머뭇거리고 있을 때에도 안방에서는 누구 하나 마중 나오 는 이가 없었다. 밖 대문을 넘어서 중문 가까이 가니 빨간 스웨터에 곤색 스커트를 깡충하 니 입은 단발한 명자(明子)가 캐러멜을 씹으면서 아장아장 걸어 나온다. 1 년 전 제 엄마가 아이를 낳으러 왔을 때보다 엄청나게 컸으나 이 아이가 그 의 동생인 인숙이의 딸이라는 것은 서분이로서도 넉넉히 분간할 수 있었다. “명자 너 언제 왔네? 너, 나 모르간” 서분이는 그의 머리를 쓰다듬어주려고 하였으나 명자는 살짝 몸을 비끼고 쫄랑쫄랑 거리로 뛰어간다. 복손이는 뒤로 돌아서서 명자의 가는 양을 정신 없이 바라보고 섰는데 서분이는 중문턱을 넘으며 ‘얘 뭘 정신 없이 보 네.’하고 핀잔을 주듯 한다. 중문을 들어서니 아직 보이지는 않으나 여인네들이 떠드는 소리가 들려왔 다. 인숙이의 웃는 소리가 유달리 높아서 서분이는 짐짓 그러는 것은 아니 나 잠깐 그늘 속에 발을 멈추고 귀를 기울여본다.\n",
		"passage_Cnt": 748
	},
	"Annotation": {
		"summary1": "서분은 캐러멜을 씹으며 아장아장 걸어 나오는 명자가 인숙이의 딸이라는 것을 넉넉히 분간할 수 있었다.",
		"summary2": null,
		"summary3": "밖 대문을 넘어서 중문 가까이 가니 빨간 스웨터에 곤색 스커트를 깡충하 니 입은 단발한 명자(明子)가 캐러멜을 씹으면서 아장아장 걸어 나온다. 1 년 전 제 엄마가 아이를 낳으러 왔을 때보다 엄청나게 컸으나 이 아이가 그 의 동생인 인숙이의 딸이라는 것은 서분이로서도 넉넉히 분간할 수 있었다.",
		"summary_3_cnt": 165
	}
}