{
	"Meta(Acqusition)": {
		"doc_id": "REPORT-literature-07585",
		"doc_category": "REPORT",
		"doc_type": "literature",
		"doc_name": "폭풍우시대",
		"author": "최서해",
		"publisher": null,
		"publisher_year": null,
		"doc_origin": "저작권위원회"
	},
	"Meta(Refine)": {
		"passage_id": "REPORT-literature-07585-07585",
		"passage": " 그 때 소사허에는 조선 내지서 들어간 동포들이 삼백 명 가까이 있었습니다. 이 네들은 그 곳에 큰 학교를 세워 놓고 공부를 힘썼읍니다. “공부를 하라. 큰일을 하려면 공부를 하라. 모르는 사람에게 성공이 없나니 라.” 이것이 그 때 그네들의 표어이었읍니다. 큰일 큰일 하는 큰일이 별것이 아니라 잘 살도록 일하자는 것이었읍니다. 그네들은 한쪽으로는 가르치고 한쪽으로는 학 교 후원회를 조직하여 가지고 조선 내지며 원근 동네를 다니면서 후원원(後援員) 도 모으고 후원금도 모집하였습니다. 소사허를 중심으로 북만주 한 귀퉁이에 사는 사람들은 거개 갑산, 무산, 회령, 온성 등지에서 이사 온 사람들이었읍니다. 그네들의 직업은 농사와 목축과 사냥 이었읍니다. 그네들이 이 곳을 개척한 것은 팔구십 년 전(그 때로부터)이었읍니 다. 처음 황 관청이라는 무산 포수(茂山砲手)가 사슴을 따라서 이곳까지 와 보고 다시 무산으로 나가 뜻 맞는 사람들을 데리고 이사 왔읍니다. 이것이 개척의 처음 이라고 합니다. 이렇게 팔구 십 년 동안을 살아오면서 조선이 어디 붙었는지 조 선은 어떻게 되었는지도 모르면서 멀리 백두산을 바라보고 조선을 그리워하는 조 선의 아들들이 또는 딸들이 엉키엉키 퍼졌읍니다. 이렇게 퍼져서 살던 동포들은 새로 오는 많은 동포를 보고 일변 기쁘면서도 일 변 의심스럽고 겁이 났읍니다. 그러나 날이 가고 달이 오는 새에 그네들은 새 동 포와 친하였고 새 동포의 감화를 받았습니다.\n",
		"passage_Cnt": 721
	},
	"Annotation": {
		"summary1": "큰일을 하려면 공부를 하라는 표어를 갖고 그곳에 학교를 세워 공부에 힘썼다.",
		"summary2": null,
		"summary3": "이 네들은 그 곳에 큰 학교를 세워 놓고 공부를 힘썼읍니다. “공부를 하라. 큰일을 하려면 공부를 하라. 모르는 사람에게 성공이 없나니 라.” 이것이 그 때 그네들의 표어이었읍니다. 큰일 큰일 하는 큰일이 별것이 아니라 잘 살도록 일하자는 것이었읍니다.",
		"summary_3_cnt": 143
	}
}