{
	"Meta(Acqusition)": {
		"doc_id": "REPORT-literature-07272",
		"doc_category": "REPORT",
		"doc_type": "literature",
		"doc_name": "수평선 너머로",
		"author": "김동인",
		"publisher": null,
		"publisher_year": null,
		"doc_origin": "저작권위원회"
	},
	"Meta(Refine)": {
		"passage_id": "REPORT-literature-07272-07272",
		"passage": "송화기를 통하여 나는 서인준이외 다고 말을 할 때에 인준이는 그 뒤에 들 릴 매켄지 씨의 음성으로 매켄지 씨의 심리를 짐작해 보려고 십분 주의하였 다.\n그러나 매켄지 씨의 음성은 별다르지 않았다. 단지 반가운 듯이 ─ “아 매켄지외다. 반갑습니다.” 할 뿐이었다.\n“매켄지 대좌, 무슨 특별한 일이 있어서 건 게 아니라 너무 적적하고 해서 걸어 보았읍니다. 전화 번호는 부인께 알았읍니다.” “고맙습니다.” “나는 대개 밤에는 내 아파트에 있습니다. 전화는 국 × × × × 번이외다.\n틈 있으면 놀러 와 주세요. 나도 한 번 놀러 가리다.” “고맙소이다.” 이리하여 매켄지에도 전화를 끝을 내었다.\n잠시 뒤에 인준이의 전명으로 인천서 급거히 상경한 십칠호가 아파트로 찾 아왔다.\n인준이는 십칠호와 몇 가지의 의논을 한 뒤에 그 아파트 인준 자기의 곁방 (빈 방)에 십칠호를 숨어 있게 하였다.\n시계를 보매 일곱시 사십분. 여덟시에는 이필호 형사를 이 아파트에서 만 나기로 하였다.\n그 시간을 기다리기 위하여 인준이는 즐기는 담배를 피워 물었다.\n“경계망은 그냥 풀지 않았지요?” 약속한 시간에 찾아온 이 형사에게 대하여 인준이는 이말부터 물었다.\n“네….” “그래서 오늘 이 공을 좀 뵙자고 한 게외다. 김소춘이 ─ 김봉덕이 말씀이 올 시다. 그 김소춘이가 그저께도 새벽 두 시쯤 엄중한 경계망을 뚫고 그 댁 에 들어가서 윤찬두 씨와 한 시간 나머지를 이야기를 했고 어제도 밤 열시 에 정정당당히 정문으로 찬두 씨를 방문했소이다.” 필호에게 있어서는 너무도 놀라운 소식이었다. 필호는 입을 딱 벌렸다. 그 리고 잠시는 말도 못 하고 인준이의 얼굴만 바라보았다.\n",
		"passage_Cnt": 819
	},
	"Annotation": {
		"summary1": "인천서 인준의 전명으로 상경한 십칠 호를 인준은 그 아파트 인준의 곁방에 숨어 있게 하였고 여덟시에 이 아파트에서 이필호 형사를 만나기로 했다.",
		"summary2": null,
		"summary3": "잠시 뒤에 인준이의 전명으로 인천서 급거히 상경한 십칠호가 아파트로 찾 아왔다. 인준이는 십칠호와 몇 가지의 의논을 한 뒤에 그 아파트 인준 자기의 곁방 (빈 방)에 십칠호를 숨어 있게 하였다. 여덟시에는 이필호 형사를 이 아파트에서 만 나기로 하였다.",
		"summary_3_cnt": 143
	}
}