{
	"Meta(Acqusition)": {
		"doc_id": "REPORT-literature-07365",
		"doc_category": "REPORT",
		"doc_type": "literature",
		"doc_name": "독와사",
		"author": "김정진",
		"publisher": null,
		"publisher_year": null,
		"doc_origin": "저작권위원회"
	},
	"Meta(Refine)": {
		"passage_id": "REPORT-literature-07365-07365",
		"passage": "한 치각은 치던 공채를 중지하며 불호령에 가까운 어조로 “여태 뭘 했어! 다옥정이 그렇게 멀어? 그래, 대관절 집에 있던가?” 심참봉은 한 치각의 옆으로 가까이 오며 “갸는 병원에 갔다고 해서 못 보고 뻐드렁니(일지매의 모)만 만났는데 일 이 자곱만큼 벌어진 모양인데.” 한 치각은 무슨 말인지 그 의미를 자세히 알지 못하여 “이야기를 벌여 놓지만 말고 좀 자세히 해요.” 심참봉은 한 치각의 귀에 입을 대이고 일지매의 모가 하던 일장 이야기를 수근거렸다. 의외의 사실을 들은 한 치각은 깜짝 놀라며 “때리다니? 누가? 옆구리가 결려?” 하고 심참봉의 수근댄 말을 입에 받 아 옮기며 “하여간 여기서는 자세한 이야기를 할 수 없으니 밖으로 나가세.” 두 사람이 이러한 이야기를 하는 동안에 공을 치던 상대자들은 “하야꾸” 소리를 치며 공치기를 채촉한다. 한 치각은 아무 대답도 아니 하고 모자와 외 투를 떼어들고 심참봉을 데리고 문을 나섰다. 공을 치던 상대자들은 연하여 ‘싯게이나얏스’하며 중얼거린다.\n한 치각과 심참봉은 그 근처에 있는 일본음식점으로 들어갔다.\n“그래 대관절 어떻게 결린단 말이야? 내가 때린 것은 생각지 못하겠는 가?” 하며 한 치각은 의외에 놀라게 되었다. 한 치각의 마음을 움직이는 것은 첫째 로는 돈이 또 들 것과 둘째로는 일지매의 쌍까풀 진 눈맵시와 포근포근한 뽀 얀 얼굴이 요사이는 매우 마음을 끄는 새 목적물인데 어젯밤 술주정으로 인하여 아주 횃머리를 치게 되면 여태까지 쓴 돈이 다 허사가 될 터이므로 그 는 여기 이상의 불안을 느끼게 되었다.\n",
		"passage_Cnt": 772
	},
	"Annotation": {
		"summary1": "한 치각은 의외의 사실에 깜짝 놀라며 자세한 얘기를 하기 위해 삼참봉과 일본음식점으로 갔다.",
		"summary2": null,
		"summary3": "한 치각과 심참봉은 그 근처에 있는 일본음식점으로 들어갔다. 의외의 사실을 들은 한 치각은 깜짝 놀라며 “때리다니? 누가? 옆구리가 결려?” 하고 심참봉의 수근댄 말을 입에 받 아 옮기며 “하여간 여기서는 자세한 이야기를 할 수 없으니 밖으로 나가세.” 두 사람이 이러한 이야기를 하는 동안에 공을 치던 상대자들은 “하야꾸” 소리를 치며 공치기를 채촉한다.",
		"summary_3_cnt": 200
	}
}