{
	"Meta(Acqusition)": {
		"doc_id": "REPORT-literature-07455",
		"doc_category": "REPORT",
		"doc_type": "literature",
		"doc_name": "약한 자의 슬픔",
		"author": "김동인",
		"publisher": null,
		"publisher_year": null,
		"doc_origin": "저작권위원회"
	},
	"Meta(Refine)": {
		"passage_id": "REPORT-literature-07455-07455",
		"passage": "“왜 그러냐!?” 오촌모는 놀라서 물었다.\n“봤다는 안되어요.” 엘리자베트는 억지로 웃으면서 말했다.\n“그럼 보지 않을 것이니 왜 그러냐?” “묻지두 말구요!” “묻지두 않을 것이니 왜 그래?” “그럼 안 묻는 거인가요?” “그럼 그만두자…… 그런데 미음 안 먹겠냐?” “좀 이따 먹지요.” 엘리자베트는 괴로운 낯을 하고 팔과 다리를 꼬면서 앓는 소리를 내고 있다가 참다 못하여 억지로 말했다.\n“아주머니 요강 좀 집어 주세요.” 오촌모는 근심스러운 낯으로 물끄러미 엘리자베트를 들여다보다가 말없이 요강을 집어 주 었다.\n엘리자베트는 요강을 타고 앉았다. 나올 듯 나올 듯하면서도 나오지 않는 오줌은 그에게 큰 아픔을 주었다. 한 십 분 동안이나 낯을 무한 찡글고 있다가 내어놓을 때는 그 요강은 피오줌으로 가득 찼다.\n“피가 났구나!” 오촌모는 놀란 소리로 물었다.\n“……네.” “떨어지려는 것이로구나.” “그런가 봐요.” 말은 끊어졌다.\n엘리자베트의 마음은 무한 설렁 거렸다. 그 가운데는 저픔과 반가움이 섞여 있었다.\n“깨를 어떻게 먹으면 올라붙기는 한다더라만…….” 잠깐 후에 아주머니가 말을 시작했다.\n“그건 올라붙어 무엇해요.” 엘리자베트는 낯을 찡글고 대답하였다.\n“그래도 낙태로 죽는 사람두 있너니라…….” 엘리자베트는 대답을 하려다가 말이 하기 싫은 고로 그만두었다.\n말은 또 끊어졌다.\n엘리자베트는 ‘죽어두 좋아요’라고 대답하려 하였다.\n‘죽으면 뭘 핬나.’ 그는 병적으로 날카롭게 된 머리로 생각하여 보았다.\n",
		"passage_Cnt": 744
	},
	"Annotation": {
		"summary1": "요강을 피오줌으로 가득 채운 엘리자베트는 저픔과 반가움이 섞여 말하기가 싫어졌다.",
		"summary2": null,
		"summary3": "한 십 분 동안이나 낯을 무한 찡글고 있다가 내어놓을 때는 그 요강은 피오줌으로 가득 찼다. 그 가운데는 저픔과 반가움이 섞여 있었다. “그래도 낙태로 죽는 사람두 있너니라…….” 엘리자베트는 대답을 하려다가 말이 하기 싫은 고로 그만두었다. ‘죽으면 뭘 핬나.’ 그는 병적으로 날카롭게 된 머리로 생각하여 보았다.",
		"summary_3_cnt": 179
	}
}