{
	"Meta(Acqusition)": {
		"doc_id": "REPORT-literature-07675",
		"doc_category": "REPORT",
		"doc_type": "literature",
		"doc_name": "미정고",
		"author": "나도향",
		"publisher": null,
		"publisher_year": null,
		"doc_origin": "저작권위원회"
	},
	"Meta(Refine)": {
		"passage_id": "REPORT-literature-07675-07675",
		"passage": "점액질의 청년은 그리스를 보고, \"자아, 우리 방으로 가세. 가서 우리 다시 화해나 하고 재미있게 술이나 한잔 먹어보세\" 하고 그리스를 밀쳤다. 그리스의 성미가 한 번 얽힌 마음의 매듭은 다시 풀 줄을 모르는 줄 앎으로 그 청년은 창 선과 화해를 당장 시키지 않는 것이다.\n창 선과 태호는 그 방으로 따라 들어갔다. 방안은 마치 강화조약을 하는 듯 이 한쪽에 살기가 있어 보인다 하면 또 한편에는 웃음이 있어 보여 그 살기 와 웃음이 서로 융화가 되려는 첫걸음에 있는 듯하였다.\n여러 사람은 서로서로 얼굴들만 쳐다보았다. 창 선은 전승국의 대표자라 하 면 태호는 수종원 격으로 나란히 앉아서 위엄 있게 앞만 보고 있었다.\n그리스 타입은 저쪽 상 귀퉁이에 서서 원수를 잡지 못한 고양이처럼 살기 있는 눈으로 창 선을 쳐다보았다. 그의 시선은 조금도 창 선에게서 떼지를 않 았다. 마치 눈독을 들이는 것 같았다. 틈만 있으면 그에게로 덤벼들 것 같 았다.\n여러 사람들은 마치 제 정신이 없이 살아가는 사람들 같았다. 아까도 창 선 을 한꺼번에 죽일 듯 덤벼들던 자들이 지금은 또다시 창 선을 앞에 놓고 웃 음을 띠어 친하려고 하였다. 그것은 창 선이 갑자기 정다워 그리한 것도 아 니요 또는 가까이할 필요가 생겨서 그리한 것도 아니라, 약한 자가 언제든 지 갖는 경우라는 마음이 창 선을 두려워하게 하였으며 그 두려운 마음은 다 시 창 선에게 웃음을 보내어 환심을 사두려는 비겁한 마음에서 나온 것이다.\n첫째 그들은 그리스에게 우정을 지킬 필요가 없었고 또는 어디까지든지 이 해관계가 크지 않았던 까닭이었다.\n",
		"passage_Cnt": 787
	},
	"Annotation": {
		"summary1": "화해를 하기 위해 청년을 따라 들어간 방에서 태호와 창선은 나란히 앉아 앞만 보고 있었다.",
		"summary2": null,
		"summary3": "그리스의 성미가 한 번 얽힌 마음의 매듭은 다시 풀 줄을 모르는 줄 앎으로 그 청년은 창 선과 화해를 당장 시키지 않는 것이다. 창 선과 태호는 그 방으로 따라 들어갔다. 여러 사람은 서로서로 얼굴들만 쳐다보았다. 창 선은 전승국의 대표자라 하 면 태호는 수종원 격으로 나란히 앉아서 위엄 있게 앞만 보고 있었다.",
		"summary_3_cnt": 178
	}
}