{
	"Meta(Acqusition)": {
		"doc_id": "REPORT-literature-07398",
		"doc_category": "REPORT",
		"doc_type": "literature",
		"doc_name": "장벽(障壁)",
		"author": "계용묵",
		"publisher": null,
		"publisher_year": null,
		"doc_origin": "저작권위원회"
	},
	"Meta(Refine)": {
		"passage_id": "REPORT-literature-07398-07398",
		"passage": " 하아늘두 청텬에 별두나 많구 요오내 가슴엔 정두나 많다 연달아 흘러 넘어오는 소리를 들으며 저도 모르게 음전이는, “거 오래비가?” 하고, 소리를 쳤다. “엉어! 음전이 나왔네?” 마주 건너오는 반가운 목소리. 음전이는 부리나케 달려갔다. 오라비는 벌써 고개를 넘어선다. 왕복 칠십 리를 걷고 났을 오라비이었건만 조금도 피로한 기색이 없이 희 색이 만면하여 장감을 싸서 들은 신문지 뭉치를 봐라 하는 듯이 내젓는다. “얼마나 추웠네? 무겁디 않으니?” 장감을 받아들은 음전이는 오라비야 따라오나마나 앞을 서서 분주히 집으 로 돌아왔다. 그리고는 방안에 들어서기가 바쁘게 노끈을 끌렀다. 맞잡혀 얹혀 있던 한 켤레의 고무신이 신문지를 안고 모로 근 더진다. 그리고 그 속 에서 비죽이 나지는 빨간 인조견 모본단 댕기감이 하나. 음전이는 댕기보다도 파란 바탕에 분홍꽃이 알숭달숭 돌라붙은 고무신이 더 눈에 띄었다. 자기도 모르게 입이 벌려졌다. 그런 신을 하번 신어 보면 했더니 정말 신어 보누나 하는 생각에 더할 수 없이 기꺼웠던 것이다. ‘맞을까? 왜, 안 맞을 견양을 해가지고 갔는데’ 생각을 하며 급한 마음 에 앉은 자리에서 목다리(꿰진 버선) 채로 그냥 신어 보았다. 그린 듯이 맞 는다. “이거 얼마 쥔?” “옛 낭을 꽃꽃이 내리웠느니라.” “또 이 댕긴?” “건, 두 낭에 외상 없구.” 하고, 오라비는 거드러청을 넣어서 대답을 하고 나더니, 또 무슨 딴 말을 할 게 있는데 어머니가 거리끼는 듯이 일변 어머니를 길끗길끗 바라보다가 마침 은전이가 하다 말고 나갔던 설거지를 끝내려고 부엌으로 나가는 눈치 를 보자, “내 족께와 양말 꺼지 사구 이잉? 그르커구 말이야, 한 낭이 남거던, 그 래서 내레 그걸루 엣다 받아라!” 하고, 사서는 그 자리에서 그냥 입고 나왔다는 새까만 양달리 조끼 주머 니에서 박가분(朴家粉) 한 감을 꺼내어 음전이 무릎 위에 던진다.\n",
		"passage_Cnt": 936
	},
	"Annotation": {
		"summary1": "오라비에게 장감을 받아들은 음전이는 집으로 분주히 돌아왔고 오라비가 준 장감의 노끈을 풀자 고무신이 보였다. ",
		"summary2": null,
		"summary3": "“얼마나 추웠네? 무겁디 않으니?” 장감을 받아들은 음전이는 오라비야 따라오나마나 앞을 서서 분주히 집으 로 돌아왔다. 그리고는 방안에 들어서기가 바쁘게 노끈을 끌렀다. 맞잡혀 얹혀 있던 한 켤레의 고무신이 신문지를 안고 모로 근 더진다.",
		"summary_3_cnt": 135
	}
}