{
	"Meta(Acqusition)": {
		"doc_id": "REPORT-literature-07594",
		"doc_category": "REPORT",
		"doc_type": "literature",
		"doc_name": "그 전날 밤",
		"author": "이무영",
		"publisher": null,
		"publisher_year": null,
		"doc_origin": "저작권위원회"
	},
	"Meta(Refine)": {
		"passage_id": "REPORT-literature-07594-07594",
		"passage": " 그때 마침 국군 두 명이 고지까지 올라왔었다. 국군들은 문찬이의 고함소 리를 이렇게 들었다. “쏘아라! 쏘아라!” 그리고 그것은 사실이기도 했다. 문찬 자신은 몰랐지만 그는 분명히 이렇 게 부르짖으며 쫓아가고 있었던 것이다. “쏘아라! 쏘아라!” 달아나고 있는 것은 분명 공비다. 쫓고 있는 것은 국군이었다. 그 국군이 쏘라는 것이었다. 달리던 문식이가 우뚝 선다. 선 채로 깊은 생각에 잠긴 다. 부모를 희생시켜야 하느냐, 형을 버려야 하느냐를 다시 한 번 망설이는 순간이었을 것이다. 물론 일 분도 채 못되는 짧은 시간이었다. 이 짧은 시간에 문식은 결심을 한 모양이다. 그는 홱 몸을 돌이키며 남쪽을 향하여 분명히 세 발을 옮겨놓았었다. “쏘지 말아라. 쏘지 말아라!” 문찬은 국군 쪽을 향하여 손을 내저었다. 그러나 두 방의 총소리는 문찬의 절규에 대답해주고 있었다. 국군은 쏘라는 소리밖에 듣지 못했었다. 쏘지 말라고 손을 저은 때는 이미 방아쇠가 당기어진 때였다. 국군의 겨냥에 틀림이 있을 리 없었다. 문식은 푹 엎어지더니 떼굴떼굴 비 탈로 구르기 시작하고 있었다. 그것을 보자 비로소 문찬은 성큼 발을 멈추 었다. 증원부대가 세 고지에 다다른 모양이다. 만세 소리가 산을 흔들어댄 다. 그러나 이등병조 이문찬의 귀에는 먼 나라에서 들려오는 소리만 같았 다. 문식의 시체는 아직도 구르고 있었다. 나무 포기 하나 없는 비탈이니 산부리까지 구를 것이다. 그때 총을 쏜 두 전우가 가까이 왔다.\n",
		"passage_Cnt": 731
	},
	"Annotation": {
		"summary1": "국군들에게 쏘라는 문찬의 고함소리에 문식은 형을 버리느냐 부모를 희생시키느냐 짧은 시간 결심했고 쏘지 말라고 손을 내저었으나 이미 방아쇠는 당기어진 때였다.",
		"summary2": null,
		"summary3": "국군들은 문찬이의 고함소 리를 이렇게 들었다. “쏘아라! 쏘아라!” 그리고 그것은 사실이기도 했다. 부모를 희생시켜야 하느냐, 형을 버려야 하느냐를 다시 한 번 망설이는 순간이었을 것이다. “쏘지 말아라. 쏘지 말아라!” 문찬은 국군 쪽을 향하여 손을 내저었다. 쏘지 말라고 손을 저은 때는 이미 방아쇠가 당기어진 때였다. 이 짧은 시간에 문식은 결심을 한 모양이다.",
		"summary_3_cnt": 210
	}
}