{
	"Meta(Acqusition)": {
		"doc_id": "REPORT-literature-07508",
		"doc_category": "REPORT",
		"doc_type": "literature",
		"doc_name": "산드룡의 유리(琉璃)구두",
		"author": "방정환",
		"publisher": null,
		"publisher_year": null,
		"doc_origin": "저작권위원회"
	},
	"Meta(Refine)": {
		"passage_id": "REPORT-literature-07508-07508",
		"passage": " 산드룡은 미리 그럴 줄 알고, 부러 물어 본 것이었습니다. 도리어 그가 빌려 주마 했다면 거북할 뻔하였습니다. 그 이튿날 저녁에도 두 색시는 왕자님의 무도회에 갔습니다. 산드룡은 나중에 오늘은 더 한층 훌륭하게 차리고 마차를 타고 갔습니다.\n왕자님은 늘 산드룡의 옆을 떠나지 않고, 한껏 친하게 구시고, 재미있는 말 씀도 하시고, 춤도 같이 추시고, 음식도 같이 잡숫고 하였습니다.\n산드룡은 그것이 퍽 기뻐서 정신없이 왕자님과 이야기하는 동안에 시간 가 는 줄을 모르고 있었습니다. 시계가 뗑뗑 치는 소리에 깜짝 놀라 보니까 벌 써 열두 시였습니다. 큰일 났다 생각하고 곧 일어나서는 왕자님께 인사를 하고 급히 달음질을 하여 달아났습니다. 왕자님께서는 밤이 새도록 며칠 몇 달이 되도록 그렇게 그 색시와 함께 이야기하고 싶었는데, 돌연히 가는 것을 보고 차마 혼자 떨 어져 있을 수 없다는 듯이 뒤를 쫓아 나가셨습니다. 그러나, 어찌 급히 달 아나는지 쫒아갈 수가 없었습니다. 하도 급히 달아나는 바람에 산드룡은 한 쪽 구두가 벗겨진 것도 모르고 달아났습니다. 뒤에 따라오던 왕자님이 그 유리 구두 한 짝을 집에다 잘 감추어 두셨습니다. 산드룡이 대궐 밖에 나와 보니까 큰일 났습니다. 마차도 마부도 간 곳 없고 자기는 어느 틈엔지 집에 서 입고 있던 헌 옷을 입고 있었습니다. 하는 수 없이 그냥 내친 걸음을 집 에까지 뛰어와서 헐떡거리면서 쓰러졌습니다. 그리고, 다만 한 짝뿐인 유리 구두를 벗어서 감추었습니다.\n",
		"passage_Cnt": 738
	},
	"Annotation": {
		"summary1": "더 훌륭하게 차려 입고 왕자님과 재미있는 말도 하고 춤도 추고 음식도 같이 먹은 산드룡은 이야기하는 동안 시간이 가는 줄 모르고 있었다. ",
		"summary2": null,
		"summary3": "산드룡은 나중에 오늘은 더 한층 훌륭하게 차리고 마차를 타고 갔습니다. 왕자님은 늘 산드룡의 옆을 떠나지 않고, 한껏 친하게 구시고, 재미있는 말 씀도 하시고, 춤도 같이 추시고, 음식도 같이 잡숫고 하였습니다. 산드룡은 그것이 퍽 기뻐서 정신없이 왕자님과 이야기하는 동안에 시간 가 는 줄을 모르고 있었습니다.",
		"summary_3_cnt": 176
	}
}