{
	"Meta(Acqusition)": {
		"doc_id": "REPORT-literature-07420",
		"doc_category": "REPORT",
		"doc_type": "literature",
		"doc_name": "공포의 기록",
		"author": "이상",
		"publisher": null,
		"publisher_year": null,
		"doc_origin": "저작권위원회"
	},
	"Meta(Refine)": {
		"passage_id": "REPORT-literature-07420-07420",
		"passage": " 아무것도 생각 안는 게 상수다. 닭들의 생활에도 그런 갸륵한 분쟁이 있으 니 하물며 사람의 탈을 쓴 나에게 수없는 번거로움이 어찌 없으랴. 가엾은 수탉에 내 자신을 비겨 보고 비겨 보고 나는 다시 헌 구두짝을 질질 끈다.\n바람이 없어서 퍽 따뜻하다. 싹이 트려나보다. 얼굴이 이렇게까지 창백한 것이 웬일일까 하고 내가 번민해서…… 내 황막 한 의학 지식이 그예 진단하였다. 회충……. 그렇지만 이 진단에는 심원한 유서가 있다 회충이 . 아니면 십이지장충…… 십이지장충이 아니면 조충(條 蟲)……이러리라는 것이다. 회충약을 써서 안 들으면, 십이지장충 약을 쓰고, 십이지장충 약을 써서 안 들으면 조충약을 쓰고, 조충약을 써서 안 들으면 그 다음은 아직 연구해 보지 안았다. 어떤 몹시 불쾌한 하루를 선택하여 위선 회충약을 돈복(頓服)하였다. 안다. 두 끼를 절식해야 한다는 것도, 복약 후에 반드시 혼도(昏倒)한다는 것도……. 대낮이다. 이부자리를 펴고 그 속으로 움푹 들어가서 너부죽이 누워서, 이 래도? 하고 그 혼도라는 것이 오기를 기다렸다. 기다리는 마음이 늘 초조한 법, 귀로 위 속이 버글버글하는 소리를 알아듣 고 눈으로 방 네 귀가 정말 뒤통 그러지려나 보고, 옆구리만 좀 근질근질해 도 아하 요게 혼도라는 놈인가 보다 하고 긴장한다. 그랬건만 딱한 일은 끝끝내 내가 혼도 안고 그만두었다는 것이다. 003시를 쳐도 역시 그 턱이다. 나는 그만 흥분했다. 혼도커녕은 정신이 말똥 말똥하단 말이다. 이럴 리가 없는데.\n",
		"passage_Cnt": 745
	},
	"Annotation": {
		"summary1": "닭들의 생활에도 분쟁이 있으니 나에게 번거로움이 없겠나 하며 상수는 자신을 가엾은 수탁에 비겨 보고 다시 헌 구두짝을 질질 끈다.",
		"summary2": null,
		"summary3": "아무것도 생각 안는 게 상수다. 닭들의 생활에도 그런 갸륵한 분쟁이 있으 니 하물며 사람의 탈을 쓴 나에게 수없는 번거로움이 어찌 없으랴. 가엾은 수탉에 내 자신을 비겨 보고 비겨 보고 나는 다시 헌 구두짝을 질질 끈다.",
		"summary_3_cnt": 125
	}
}