{
	"Meta(Acqusition)": {
		"doc_id": "REPORT-literature-07407",
		"doc_category": "REPORT",
		"doc_type": "literature",
		"doc_name": "어머니와딸",
		"author": "강경애",
		"publisher": null,
		"publisher_year": null,
		"doc_origin": "저작권위원회"
	},
	"Meta(Refine)": {
		"passage_id": "REPORT-literature-07407-07407",
		"passage": " “아가, 밥 먹었니?” “네.” “더 먹지?” “싫어요.” 봉준이는 공부한다고 책을 벌려 놓고 읽기도 하고 쓰기도 한다. 그는 옆구 리로 다가앉아 물끄러미 들여다보았다. 봉준이 어머니는, “아기도 공부하고 싶으니?” 그는 머리를 폭 숙였다. “학교 가고 싶어?” 손으로 그의 머리를 쓰다듬었다. 그는 애기의 대답이 없음에 ‘아마도 아 직 공부가 무엇인지 모르니까 그러나 보다’ 하고 생각하였다. 아기의 눈물이 봉준 어머니 손에 떨어졌다. 그는 놀라 아기를 들여다보았 다. “어째 우니?” 그는 아무 대답이 없었다. “어머니한테 꾸지람 들었니?” 봉준 어머니는 너무 안타까움에 그의 목을 얼싸안고 들여다보았다. 봉준이 도 멀거니 바라보았다. “아가, 말해라. 웅?” “학교 가고 싶어……” 울음 섞어 말하였다. 순간에 봉준 어머니의 가슴은 쾅 하고 내려앉음을 느 꼈다. “오냐, 너도 물론 배우고 싶었을 테다. 내가 어리석게 네 마음을 몰랐구 나!” 그의 눈에도 눈물이 괴었다. 그렇게 알뜰한 것을 공부를 못 시켜 주나, 배 우지 못함에 그 어린 가슴이 얼마나 안타까웠으랴, 이렇게 생각하였다. “아가,내일부터 학교 가라. 어머니보고 물어보고 학비는 내가 물어주마.\n응?” 그는 금시로 눈물 괸 눈에 웃음이 돌았다. “어머니가 못 가게 하면……” 애처롭게 그를 쳐다보았다. “오냐, 내 말하마.” 그후부터 아기는 봉준의 집으로 아주 옮아오고 예쁜이는 사내놈을 달고 멀리 뛰어버렸다.\n",
		"passage_Cnt": 718
	},
	"Annotation": {
		"summary1": "아기가 학교에 가고 싶다고 말하자 봉준 어머니는 아기의 학비를 대어 학교에 보내준다며 아기를 집으로 아주 옮겨왔다. ",
		"summary2": null,
		"summary3": "봉준이 어머니는, “아기도 공부하고 싶으니?” 그는 머리를 폭 숙였다. “아가, 말해라. 웅?” “학교 가고 싶어……” 울음 섞어 말하였다. “오냐, 내 말하마.” 그후부터 아기는 봉준의 집으로 아주 옮아오고 예쁜이는 사내놈을 달고 멀리 뛰어버렸다. “아가,내일부터 학교 가라. 어머니보고 물어보고 학비는 내가 물어주마. 응?” 그는 금시로 눈물 괸 눈에 웃음이 돌았다.",
		"summary_3_cnt": 210
	}
}