{
	"Meta(Acqusition)": {
		"doc_id": "REPORT-literature-07591",
		"doc_category": "REPORT",
		"doc_type": "literature",
		"doc_name": "성군",
		"author": "안석영",
		"publisher": null,
		"publisher_year": null,
		"doc_origin": "저작권위원회"
	},
	"Meta(Refine)": {
		"passage_id": "REPORT-literature-07591-07591",
		"passage": "백화점을 그만두게 되자, 가난한 집안을 핑계로 부모가 시집을 보낸다고 서둘렀고, 종호는 직업을 얻을 생각조차 하지 않아 그녀는 절망할 대로 절 망하였다. 그럴수록 종호와의 사랑은 결코 변치 않기고 마음 속으로 몇 번 이나 결심했고, 또 그를 떠날 생각은 털끝만큼도 없었다. 그러나 가난한 생 활 때문에 마음이 병들어 버린 어버이의 공세를 그녀의 약한 마음으로서는 참고 이길 도리가 없었다. 또한 이러한 경우에 소위 신여성으로서 부화한 심리도 발작이 되었다. ‘곧게 정하게 살면 무엇하랴, 그렇게 살도록 만들 어 주지 않는 세상에서 말이야.’ 이런 생각을 할 때는 종호의 연설도 모두 잊어버리게 되었다. 잊어버린 것이 아니라 종호의 테두리 밖으로 나가려는 것이기도 하였다. 문가를 대하고 나서는 증오감까지 느꼈으나, 그도 사람이 니까, 하고 굳이 좋게 보고, 그의 돈도 생각하고, 그에게 가 볼까도 생각하 는 것이다. 그에게는 본처와 첩과 그 외에도 몇몇의 계집이 더 있다 하니 그것만이 창피할 뿐이었다.\n어쨌든 결혼 날짜는 이틀밖에 남지 않았다. 우수와 사려가 덮쳐와서 신경 은 오그라들고 곧 죽을 것만 같았다. 결혼 이틀 전, 이 짧은 시간에 그녀는 운명을 결정해야만 한다. 갈까, 말까, 아무리 결단을 내리려 하였으나 이러 지도 저러지도 못하고 그녀는 운명에 맡기기로 했다. 그녀는 운명이라는 것 이 확실히 있어서 인류와 생물이 거기에 지배되고, 온 우주가 다 그것의 조 화로되는 것임을 새삼스럽게 깨달았다. 영애로서는 그 이상은 더 알고 있 는 지식과 체험이 없었다. 그녀는 자신의 머릿속이 텅 빈 듯 느껴졌다. 비 단 영애만이 아니라 내노라는 문단의 여성들도 모두 그렇다고 할 수 있었 다. 영애는 삶에 시달리면서도 어찌해서 그 화장대 앞을 벗어나지 못했고 그 비단 인조견 양말을 벗고 나서지 않았는지, 자신이 한심하게 여겨졌다.\n",
		"passage_Cnt": 917
	},
	"Annotation": {
		"summary1": "이틀 밖에 남지 않은 결혼 날짜에 신경이 오그라들고 죽을 것만 같았던 그녀는 결혼을 할지 말지 결단을 내리려 했으나 이러지도 저러지도 못하고 운명에 맡기기로 했다.",
		"summary2": null,
		"summary3": "결혼 이틀 전, 이 짧은 시간에 그녀는 운명을 결정해야만 한다. 갈까, 말까, 아무리 결단을 내리려 하였으나 이러 지도 저러지도 못하고 그녀는 운명에 맡기기로 했다. 우수와 사려가 덮쳐와서 신경 은 오그라들고 곧 죽을 것만 같았다. 어쨌든 결혼 날짜는 이틀밖에 남지 않았다.",
		"summary_3_cnt": 156
	}
}