{
	"Meta(Acqusition)": {
		"doc_id": "REPORT-literature-07547",
		"doc_category": "REPORT",
		"doc_type": "literature",
		"doc_name": "정열의 공주(公主)와 무사(武士)",
		"author": "차상찬",
		"publisher": null,
		"publisher_year": null,
		"doc_origin": "저작권위원회"
	},
	"Meta(Refine)": {
		"passage_id": "REPORT-literature-07547-07547",
		"passage": " 한편 무사는 애인을 구하기 위하여 몇몇 왕궁 수위병(守衛兵)과 같이 적을 막으면서 사자숫가로 자꾸만 후퇴하여 왔다. 점점 형세는 급박하여 온다. 무주고혼(無主孤魂)같이 궁녀의 우는 소리는 더 한층 처량하게 났다. 손마다 창을 든 기병(騎兵)들이 구름같이 사자수 앞으로 달려든다. 위기일발(危機一髮)이란 그때, 이 공주의 눈앞에는 한 번 마지막 보기를 원 하던 그 무사가 번쩍 비치었다. 그러나 무사의 이름을 채 부르기도 전에 적 병은 이미 치맛자락을 잡을 수 있을 정도로 바싹 달려 들었다. 백설이 만건곤(滿乾坤) 할 때 홀로 푸른 저 참대와 같이 절개(節介) 절개하 지만 나라의 흥망이 백척간두에 있을 때의 절개처럼 가까운 것이 있으랴. 수백명의 궁녀들은 제 목숨을 살리자면 적병을 웃음으로 맞이하여야 하며 맞이하며는 원수의 아들 딸을 낳아서 이 강산에 퍼지게 할 것이니 차마 할 짓이 아니었다. 자기 한 몸의 정조(貞操)는 왕의 이름을 높이며 백제 사직을 높게하고, 백 제라는 이름을 만고에 빛낼 것이어늘 어찌 허술하게 적군에게 몸을 더럽히 고 망신을 당할 수가 있으랴. 모든 것을 체념하고 난 뒤에 최후의 애끓는 울음 소리를 길게 빼더니 궁녀 들은 님주신 비단치맛자락을 거꾸로 쓰고 바위에서 강물로 몸을 던지고 말 었다. 공주도 한 번 더 볼려고 눈을 휘둥둥 하면서 무사를 찾았으나 그때는 이미 무사는 가슴에 창을 맞고 붉은 피를 흘리며 나가 자빠져 있었다. 공주는 눈이 앗뜩하여 그만 천길 만길되는 물결속에 떨어지고 말었다.\n",
		"passage_Cnt": 747
	},
	"Annotation": {
		"summary1": "궁녀들은 적군에게 허술히 당할 수 없어 비단 치맛자락을 거꾸로 쓰고 강물로 몸을 던졌다. ",
		"summary2": null,
		"summary3": "자기 한 몸의 정조(貞操)는 왕의 이름을 높이며 백제 사직을 높게하고, 백 제라는 이름을 만고에 빛낼 것이어늘 어찌 허술하게 적군에게 몸을 더럽히 고 망신을 당할 수가 있으랴. 모든 것을 체념하고 난 뒤에 최후의 애끓는 울음 소리를 길게 빼더니 궁녀 들은 님주신 비단치맛자락을 거꾸로 쓰고 바위에서 강물로 몸을 던지고 말 었다.",
		"summary_3_cnt": 184
	}
}