{
	"Meta(Acqusition)": {
		"doc_id": "REPORT-literature-07258",
		"doc_category": "REPORT",
		"doc_type": "literature",
		"doc_name": "수평선 너머로",
		"author": "김동인",
		"publisher": null,
		"publisher_year": null,
		"doc_origin": "저작권위원회"
	},
	"Meta(Refine)": {
		"passage_id": "REPORT-literature-07258-07258",
		"passage": "미스 영이 그 댄스 홀에 있는 기한이 약 두 달 동안이었다. 두 달 뒤에는 미스 영의 자취는 그 홀에서 사라져 버렸다. 동시에 그 넓은 상해에서도 미 스 영의 자취를 본 사람이 그 뒤에는 없었다.\n“어느 해군 장교의 첩으로라도 갔나?” 미스 영이 그 홀에 있을 동안은 그다지 그 여인에게 관심치 않았지만 영의 자취가 사라진 뒤에는 인준이는 좀 적적하였다. 홀에 갈지라도 늘 무엇이 부족한 듯한 느낌을 받고 하였다.\n상해의 봄과 여름이 가고 거기도 거친 가을이 이르렀다.\n인준이는 본부의 어떤 중대한 임무를 띠고 북평 어느 대학에 재학 중인 남 도 어떤 부자의 아들을 만나러 북평까지 갔던 일이 있었다.\n그 대학은 남녀 공학제였다. 그 대학에서 만나려던 학생을 만나서 자기의 띤 임무를 끝내고 돌아오려다가 인준이 자기와 빈대학의 동창이던 사람이 그 대학의 교수로 와 있는 것을 만나서 그 친구의 안내로써 대학을 한 번 통 돌아보게가 되었다.\n화학 교실에서였다. 인준이는 강단 위에 서서 지금 열심으로 교수를 하고 있는 어떤 여교원의 위에 눈을 딱 멈추었다.\n미스 영이었다.\n반년 전에 상해 어느 댄스 홀의 댄서로 있던 여인이 구르고 굴러서 오늘날 어떻게 이 대학의 화학 교실에서 교편을 잡고 있는 것이었다.\n“미스터 ─. 저 여자가 교수요?” “조교수.” “이름은?” “미스 영.”“언제부터 여기 교편을 잡았소?” “이번가을학기부터.” “자격은?” “베를린대학의 이학 박사.” “누구의 소개로 오게 됐수?” “남경 정부의 어떤 요로자의 소개로 임시 조교수.” 알 수 없는 일이었다.\n",
		"passage_Cnt": 773
	},
	"Annotation": {
		"summary1": "북평 어느 대학에 간 인준이는 반년 전에 사라졌던 미스 영이 교편을 잡고 있는 것을 보았다.",
		"summary2": null,
		"summary3": "두 달 뒤에는 미스 영의 자취는 그 홀에서 사라져 버렸다. 인준이는 본부의 어떤 중대한 임무를 띠고 북평 어느 대학에 재학 중인 남 도 어떤 부자의 아들을 만나러 북평까지 갔던 일이 있었다. 미스 영이었다. 반년 전에 상해 어느 댄스 홀의 댄서로 있던 여인이 구르고 굴러서 오늘날 어떻게 이 대학의 화학 교실에서 교편을 잡고 있는 것이었다.",
		"summary_3_cnt": 193
	}
}