{
	"Meta(Acqusition)": {
		"doc_id": "REPORT-literature-07441",
		"doc_category": "REPORT",
		"doc_type": "literature",
		"doc_name": "정거장근처",
		"author": "채만식",
		"publisher": null,
		"publisher_year": null,
		"doc_origin": "저작권위원회"
	},
	"Meta(Refine)": {
		"passage_id": "REPORT-literature-07441-07441",
		"passage": " 크고 작은 분광업자가 수없이 들이밀렸다. 그들은 광주(鑛主)인 x x에 매 평 오 원 오십 전씩의 광세를 내고 다시 지주(地主)한테 매평 오 원으로부 터 십 원까지 주고 땅을 산다. 그래가지고 한 번에 이삼천 평 혹은 몇 백평 씩을 차지하고는 자 땅떼기를 한다.‘감’을 트럭으로 실어 나른다. 그 놈을 ‘물목’에다 대고 찧어서 금을 건진다. 이 짓을 하느라고 매일 이천명의 일꾼을 사서 부린다.(그런 때문에 지주들이 또한 배가 부르다.) 금은 매평에 구십도짜리가 한 칠 돈 팔푼으로부터 서 돈 중수까지 나오는 곳도 있다. 그러니까 광세와 땅값으로 십 원 각수를 물고도 분광업자들은 숱한 이문을 남기느라고 배가 부르다. 그래서 그새까지 이 들에서 농사일을 해주고 얻어먹던 농군들은 삽으로 금을 파주고 날삯 사십 전 아니면 사십오 전을 얻어먹는다. 광주나 분광꾼이나 지주한테는 이 땅이 금점판이 된 덕에 깨가 쏟아지지만 농군들한테는 농사를 지어줄 때나 금을 파주는 지금이나 종시 일반이다. 농사일을 하던 때에도 해가 긴 봄날에는 배가 고팠으니까. 금을파면서부터 논이 고르게 연해 있던 이 들판은 무엇이든지 형용이 괴 상하다. 군데군데 벌흙을 파서 싸 올린 것이 피라밋인가 있는 애급 풍경이 다. 들판 가운데 사무소로 생철집이 생기고 논 가운데로는 트럭이 놓였다.\n일꾼들한테 한 상에 칠 전짜리 현미 싸래기밥을 파느라고 밥집이 십여 군데 생기고 일꾼들을 재우느라고 네 귀에 기둥을 박고 가만히쪽을 둘러치고 바 닥에는 등겨를 깔고 그 위에다가 가만히쪽을 깔고 집(?)이 생기고 호떡가게 가 생기고 술집이 생기고, 담배가게 사탕가게 이런 것들이 들 가운데 아무 렇게나 새로 생겨났다. 그야말로 지리(地理)가 변해버렸다.\n",
		"passage_Cnt": 847
	},
	"Annotation": {
		"summary1": "지주나 분광꾼한테는 이 땅이 금점판이 된 덕에 깨가 쏟아지지만 금을 파주고 날삯 사십오 전이나 사십 전을 받는 농군들은 금을 파주는 지금이나 농사를 지을 때나 일반이다.",
		"summary2": null,
		"summary3": "광주나 분광꾼이나 지주한테는 이 땅이 금점판이 된 덕에 깨가 쏟아지지만 농군들한테는 농사를 지어줄 때나 금을 파주는 지금이나 종시 일반이다. 그래서 그새까지 이 들에서 농사일을 해주고 얻어먹던 농군들은 삽으로 금을 파주고 날삯 사십 전 아니면 사십오 전을 얻어먹는다.",
		"summary_3_cnt": 150
	}
}