{
	"Meta(Acqusition)": {
		"doc_id": "REPORT-literature-07481",
		"doc_category": "REPORT",
		"doc_type": "literature",
		"doc_name": "차부",
		"author": "윤기정",
		"publisher": null,
		"publisher_year": null,
		"doc_origin": "저작권위원회"
	},
	"Meta(Refine)": {
		"passage_id": "REPORT-literature-07481-07481",
		"passage": "그래 한 손에 쥔 등을 더 힘 있게 쥐며 방문을 내밀려 할 때 손도 채 대기 전에 저절로 왈칵 열렸다. 깜짝 놀라 눈을 크게 뜨고 밖을 내다보니 춘보가 우뚝 섰다.\n“생전벌이는 못해먹어도 그 값에는 안 가요. 내 원 재수가 없으려니까.” 춘보는 어지간히 속이 상한 듯이 좀 거친 목소리로 이렇게 메다 붙이듯 하 고는 방안으로 들어온다.\n갓난이 아버지는 그대로 잠자코 나가려다가 이런 고비에 아무 말도 안 하면 서운해 할까봐 “어딜 가는데 얼마라 게 그래?” “제길할거. 속상 하네 속상해. 내 원 재수 없는 놈은 자빠져도 코가 깨진 다더니 별게 다 걸려. 여기서 계동막바지까지 이십 전에 가잔다네. 그것도 과하다구 그래… 흥 39년 만에 하나 걸리는 게 요따위야.” 하고 담배연기에 글어서 시커멓게 된 신문지로 바른 벽을 등지고 기대앉는 다.\n“그만두게. 곧 일 원짜리 벌이가 걸릴는지 누가 아나.” 갓난아버지는 이렇게 배속 유한 소리를 하고 밖으로 나왔다. 방 안에서는 여전히 혼자 투덜투덜한다. 춘보로서는 화도 남직하다. 바로 자기 다음 차 례니까 어제 아침에 자기가 삼십전 받은 그것도 나흘 만에 돌아온 벌이로 나 갔다가 들어온 이후 지금같이 삯을 다투다가 그저 간 손님조차 한 사람도 없었다. 어젯밤에도 춘보와 만춘이만은 그나마 차례를 바라고 밥벌이도 나 가지 못하였다. 실상은 나갔던 사람들도 너나 할 것 없이 허탕을 치고 돌아 오기는 했지만….\n갓난아버지는 오늘밤도 어찌 될 줄 모르는 뜬벌이를 믿고서 허리를 굽혀 인 력거 앞채를 잡고 그다지 신나지 않게 일어섰다.\n",
		"passage_Cnt": 771
	},
	"Annotation": {
		"summary1": "춘보는 허탕을 치고 돌아왔지만 갓난아버지는 뜬벌이를 믿고 인력거를 잡았다.",
		"summary2": null,
		"summary3": "춘보로서는 화도 남직하다. 실상은 나갔던 사람들도 너나 할 것 없이 허탕을 치고 돌아 오기는 했지만…. 갓난아버지는 오늘밤도 어찌 될 줄 모르는 뜬벌이를 믿고서 허리를 굽혀 인 력거 앞채를 잡고 그다지 신나지 않게 일어섰다.",
		"summary_3_cnt": 127
	}
}