{
	"Meta(Acqusition)": {
		"doc_id": "REPORT-literature-07431",
		"doc_category": "REPORT",
		"doc_type": "literature",
		"doc_name": "채색교",
		"author": "백신애",
		"publisher": null,
		"publisher_year": null,
		"doc_origin": "저작권위원회"
	},
	"Meta(Refine)": {
		"passage_id": "REPORT-literature-07431-07431",
		"passage": " “그래 그러면 됐구나. 날 좀 보렴.” 천돌이의 가슴은 금방 터질 것 같았다. “얘 대답 좀 하렴. 사람 죽겠구나. 난 여기서 죽어 버릴 테야…….” “…….” “그러면 너두 내가 좋으냐?” 천돌이는 날쌘 사자와 같이 달려가 복순의 허리를 끌어안은 것이었다. 그후부터 오늘까지 거의 밤마다 서로 만나는 것이었다. 속히 돈냥이나 벌면 잔치를 할 작정인데. 양 편 부모에게 어떻게 해서 허락을 얻나 하는 것이 만날 때마다 의논하는 산더미같이 큰 문제이었다. 그러다가 요즈음 와서는 원래가 꼼꼼스럽지 않는 성질인 천돌이였으므로 박첨지와 농담을 할 때마다 갑갑한 자기의 심정을 슬쩍 내어 보이는 것이었다. “그러면 영감 딸 날 주려오?” 하고 말끝을 맺게 된 것도 요사이는 거의 천돌이의 의례히 하는 문자가 되고 만 것이다. 박첨지도 자기 처지에 천돌이만 한 사위도 구하기 어려운 일일 뿐 아니라, 가난한 살림, 더구나 담장조차 없는 길가 움막에다 다 큰딸을 두기도 걱정인 터인고로 혼자 내렴에 가을쯤 해서 사위를 삼아보리라고 생각하여 왔다. 이 해는 오월초생부터 유월달이 거벅거벅 닥쳐오는데도, 한 방울 빗발도 내리지 않았으므로 못자리는 말라 터지고 사람들은 찌는 듯한 더위에 허덕이면서도 기우제를 지낸다, 상굿을 한다, 모두 야단법석이었다. 그러더니 유월도 초생이 거의 지내려 할 때 오고 가는 빗줄기가 가끔 조금씩 오기는 하는데, 하필 장날만 골라서 오게 되므로 벌써 두 장이나 보지 못한 천돌이는 몹시 짜증이 났다. 어서 돈냥이나 모아서 장가를 들려는 비상시인데 속이 답답하지 않을 수 없었다.\n",
		"passage_Cnt": 782
	},
	"Annotation": {
		"summary1": "천돌이가 복순이의 허리를 끌어안은 후로부터 밤마다 서로 만나고 있다.",
		"summary2": null,
		"summary3": "그후부터 오늘까지 거의 밤마다 서로 만나는 것이었다. “얘 대답 좀 하렴. 사람 죽겠구나. 난 여기서 죽어 버릴 테야…….” “…….” “그러면 너두 내가 좋으냐?” 천돌이는 날쌘 사자와 같이 달려가 복순의 허리를 끌어안은 것이었다. 그러다가 요즈음 와서는 원래가 꼼꼼스럽지 않는 성질인 천돌이였으므로 박첨지와 농담을 할 때마다 갑갑한 자기의 심정을 슬쩍 내어 보이는 것이었다.",
		"summary_3_cnt": 213
	}
}