{
	"Meta(Acqusition)": {
		"doc_id": "REPORT-literature-07262",
		"doc_category": "REPORT",
		"doc_type": "literature",
		"doc_name": "사호일단",
		"author": "채만식",
		"publisher": null,
		"publisher_year": null,
		"doc_origin": "저작권위원회"
	},
	"Meta(Refine)": {
		"passage_id": "REPORT-literature-07262-07262",
		"passage": " “응? 아버지. 나 시집 좀 안 보내주?…… 아버지가 딸을 말이우……” “그래 시집 가구 싶우냐?” “응.” “벌써?” “왜?” “아직 좀 어리다!” “아 쉰 살 다아 먹은 영감쟁이한테루 시집을 가구 했는데, 어려?” “네라끼 년! …… 허허!” “하하하하!” 깜박 잠이 들었다가 잡아 꺼드는 바람에 깨서 일어나 앉았다. 옥진이 다짜고짜로, 그새 단추까지 말끔 단 털실 조끼를 갖다가 입혀 놓는다. “……” “하주! 새서방님매니야!” “이걸 날더러 입구 다니란 말이냐?” “좋잖우?” “망신은 누가 하느냐?” “좋거들랑 국으루 좋다구 그래요! 괜히……” 박주사는 이따가 집에 가서 벗어서 아무도 모르게 깊숙이 어디고 꿍쳐 두 든지 마침 삼복이를 주어버리든지 하려니 하고서 더는 탄을 안고 말았다. 옥진은 세 시가 된 줄을 알자 부리 나게 치장을 하더니 극장엘 간다면서 혼 자 먼저 나가고. 박주사는 박주사대로 사무소로 올라가서 친구들과 얼려가지고 밤 늦게까지 요리집에서 놀았다. 옥진을 불렀으나 사랑놀음이라고 해서 늘 하는 행티로 구경에 팔렸거니 했을 뿐 구태여 찾지 안았고. 파해서는 옥진에게로 갈까도 했으나 몸이 좀 고된 것 같아서 곧장 집으로 나왔었다. 꼬옥 어제 아침 그맘때다. 어제 아침과 마찬가지로 박주사는 소쇄를 마악 마치고서, 역시 어제 아침 처럼 조간신문을 펼쳐 든다. 최생원이 와서 앉았지만 안지, 방안도 모든 차림새 하며 햇빛이 들어 맑고 쇄려함이 어제 아침과 조금도 다름없는 그대로다.\n",
		"passage_Cnt": 733
	},
	"Annotation": {
		"summary1": "혼자 극장엘 간다며 나간 옥진을 불렀으나 구태여 찾지 않았고 박주사는 박주사대로 요리집에서 놀았다.",
		"summary2": null,
		"summary3": "옥진을 불렀으나 사랑놀음이라고 해서 늘 하는 행티로 구경에 팔렸거니 했을 뿐 구태여 찾지 안았고. 옥진은 세 시가 된 줄을 알자 부리 나게 치장을 하더니 극장엘 간다면서 혼 자 먼저 나가고. 박주사는 박주사대로 사무소로 올라가서 친구들과 얼려가지고 밤 늦게까지 요리집에서 놀았다.",
		"summary_3_cnt": 158
	}
}