{
	"Meta(Acqusition)": {
		"doc_id": "REPORT-literature-07225",
		"doc_category": "REPORT",
		"doc_type": "literature",
		"doc_name": "사의행렬",
		"author": "이무영",
		"publisher": null,
		"publisher_year": null,
		"doc_origin": "저작권위원회"
	},
	"Meta(Refine)": {
		"passage_id": "REPORT-literature-07225-07225",
		"passage": " “나는 이 무도한 무리들을 동무라고 불러왔었던가?” 혁은 비로소 과거 자기가 걸어온 길을 되돌아다볼 기회를 가졌었다. 그것 은 추한 길이었다. 어리석고 못생긴 기억만이 남아 있는 것이었다. 혁은 고 개를 떨어뜨리었다. 눈앞이 또 침침해온다. 어둠인가 했다. 그 지긋지긋하 던 어둠! 혁은 소름이 쪽 끼쳤다. 그러나 그것은 어둠이 아니었다. 눈물이 그의 눈을 가린 것이었다. 죽음을 슬퍼하는 눈물은 아니다. 깊은 회한의 눈물이었다. “모두들 잘 들어라.” 호송병이 소리를 지른다. “오늘은 여기서 쉬고 밤에 출발을 한다.” 또 어디로 가는가 아무도 대답이 없다.\n제7장 그날 밤 출발 직전에 이백여 명의 반동분자가 와서 닿았다. 청어 두름을 세워떼어 것 같은 행렬이었다. 열 명씩이 한 두름이 되어 있는 것도 청어와 같았다. 그 두 두름이 좌우 두 줄로 된 것도 청어와 같았다. 긴 철사에 왼 쪽 줄은 왼 손목, 바른쪽 줄은 바른 손목이 묶이어 있는 것도 청어 두름과 똑같았다. 물론 그들은 어디로 가는 줄도 모른다. 알려고 한 대야 알 길도 없었지만 알려고 애쓰는 사람도 없었다. 방향도 모르고 지점도 모르지마는 그들은 최후의 목적지만은 다 알고 있기 때문이었다. 그 최후의 목적지는 죽음이라는 것을 그들은 다 알고 있다. 이 많은 사람이 다 총살을 당해도 자기만은 풀리리라고 생각하던 이혁이도 인제는 깨끗이 단념하고 있었다. 혁은 자기와 같이 일하던 동무들 중에도 자기와 똑같은 길을 걸어갔다는 것을 알고 있다. 아니 자기네 이 행렬 속에 서도 혁은 은행원 S를 발견하고 있었다. 그도 은행에 들어가서 많은 활약을 한 사람이었다. 당원은 아니었으되 학교에서 많은 활약을 한 역사교원 P도 혁의 같은 행렬에 끼여 있었다.\n",
		"passage_Cnt": 853
	},
	"Annotation": {
		"summary1": "혁은 자기가 걸어온 길을 되돌아볼 기회를 가졌는데 못생긴 기억만이 남아있는 추한 길이었어서 고개를 떨어뜨렸고 눈물은 그의 눈을 가렸다.",
		"summary2": null,
		"summary3": "“나는 이 무도한 무리들을 동무라고 불러왔었던가?” 혁은 비로소 과거 자기가 걸어온 길을 되돌아다볼 기회를 가졌었다. 그것 은 추한 길이었다. 어리석고 못생긴 기억만이 남아 있는 것이었다. 혁은 고 개를 떨어뜨리었다. 눈앞이 또 침침해온다. 어둠인가 했다. 그 지긋지긋하 던 어둠! 혁은 소름이 쪽 끼쳤다. 눈물이 그의 눈을 가린 것이었다.",
		"summary_3_cnt": 198
	}
}