{
	"Meta(Acqusition)": {
		"doc_id": "REPORT-literature-07542",
		"doc_category": "REPORT",
		"doc_type": "literature",
		"doc_name": "큰 수수께기",
		"author": "김동인",
		"publisher": null,
		"publisher_year": null,
		"doc_origin": "저작권위원회"
	},
	"Meta(Refine)": {
		"passage_id": "REPORT-literature-07542-07542",
		"passage": " “매일 밤 꿈에 당신을 봤어요.” 부처는 다시 본촌으로 돌아왔다. 그리고 전과 같이 안온하고 화락한 생활은 다시 계속되었다. 순이는 왜 베 장수와 어울려서 달아났나? 먹을 것이 없었나? 입을 것이 없었나? 남편에 대한 애정이 없었나? 시부모가 학대를 하였나? 시동생이 귀찮았나? 생활에 대한 불평이 있었나? 혹은 뒤뜰의 복사나무가 보기가 싫었나? 위에 기록한 가운데 아무것도 순이가 베 장수와 어울리게 될 근거와 달아날 이유가 될 것이 없다. 그러면 그는 왜 베 장수와 어울려 달아났나? 여인은 수수께끼다. ‘사랑’ 이라는 것을 마치 배나 능금과 같이 절반으로 갈라서 좌우편으로 붙일 수가 있는 ‘여인’ 은 우리의 도저히 풀 수 없는 커다란 수수께끼며 또한 도저히 알 수 없는 무서운 괴물이다. 순이는 왜 달아났을까.\n제2화 또 한 가지, 이것 역시 신문지가 보도한 ‘여인’의 기괴한 심리의 발동. 역시 무대는 농촌. 주인공은 역시 젊은 부처였다. 이번 아내의 이름은 서분이라 해둘까. 서분이는 열아홉이었다. 그의 남편은 열일곱이었다. 결혼한 지 3년. 부처 사이의 의를 남들은 좋다 보았다. 시부모며 서분이의 친정 부모들도 좋다 보았다. 서분이도 의가 나쁘다고는 보지를 않았다. ‘남편은 이상한 존재.’ 이것이 서분이의 남편에게 대한 관념이었다. 그에게는 남편이 어디라 특별히 고운 데는 없었지만 밉게 보이지도 않았다. 때때로 발버둥이를 치며 밸을 부릴 때에는 역하기도 하고 칵 쥐어박고 싶기도 하지만 그러나 어디라 밉게까지 볼 곳은 없었다.\n",
		"passage_Cnt": 754
	},
	"Annotation": {
		"summary1": "3년 전에 결혼한 서분의 남편은 칵 쥐어박고 싶기도 하지만 밉게 볼 곳도 특별히 고운 데도 없었다.",
		"summary2": null,
		"summary3": "서분이는 열아홉이었다. 결혼한 지 3년. 그에게는 남편이 어디라 특별히 고운 데는 없었지만 밉게 보이지도 않았다. 때때로 발버둥이를 치며 밸을 부릴 때에는 역하기도 하고 칵 쥐어박고 싶기도 하지만 그러나 어디라 밉게까지 볼 곳은 없었다.",
		"summary_3_cnt": 135
	}
}