{
	"Meta(Acqusition)": {
		"doc_id": "REPORT-literature-07333",
		"doc_category": "REPORT",
		"doc_type": "literature",
		"doc_name": "백치(白痴) 아다다",
		"author": "계용묵",
		"publisher": null,
		"publisher_year": null,
		"doc_origin": "저작권위원회"
	},
	"Meta(Refine)": {
		"passage_id": "REPORT-literature-07333-07333",
		"passage": " 그리고는, 새로운 살림을 꿈꾸는 일변 새로이 가옥을 건축함과 동시에 아 다다를 학대함이 전에 비할 정도가 아니었다. 이에는, 그 아버지도 명민하 고 인자한 남부끄럽지 않는 뻐젓한 새 며느리에게 마음이 쏠리는 나머지 이 미 생활은 걱정이 없이되었으니 아다다의 깃부로서가 아니라도 유족한 앞 날의 생활을 내다볼 때 아들로서의 아다다에게 대하는 태도는 소모도 마음 에 거슬리는 것이 없었다. 그리하여, 시부모의 눈에서까지 벗어나게 된 아 다다는 호소할 곳조차 없는 사정에 눈감은 남편의 매를 견디다 못해 집으로 쫓겨 오게 되었던 것이니, 생각만 하여도 옛 매 자리가 아픈 그 시집은 죽으 면 죽었지 다시는 찾아갈 생각이 없었던 것이다. 그래서, 집에 있게 되니 그것보다는 좀 헐할망정, 어머니의 매도 결코 견 디기에 족한 것이 아니다. 그리고, 그것은 날마다 더 심해만 왔다. 오늘도 조금만 반항이 있었던들, 어김없이 매는 떨어지고 말았을 것이다. 그러나, 어디로 가나? 아무리 생각을 해 보아야 그저 이 세상에서는 수롱 이네 집밖에 또 찾아갈 곳은 없었다. 수롱은 부모 동생조차 없는 삼십이 넘은 총각으로, 누구보다도 자기를 사 랑하여 준다고 믿는 단 한 사람이었다. 그리하여 쫓기어날 때마다 그를 찾 아가선 마음의 위안을 얻어 오던 것이다. 아다다는 문득 발걸음을 떼어 아지랑이 얼른거리는 마을 끝 산턱아래 떨 어져 박힌 한 채의 오막살이를 향하여 마당귀를 꺾어돌았다. 수롱은 벌써 일 년전부터 아다다를 꾀어 왔다. 시집에서까지 쫓겨난 벙 어리였으나, 김초시의 딸이라, 스스로도 낮추 보여지는 자신으로서는 거연 히 염을 내지 못하고 뜻 있는 마음을 속으로 꾸여 가며 눈치를 보여 오던 것이, 눈치에서보다는 베풀어진 동정이 마침내, 아다다의 마음을 사게 된 것이었다.\n",
		"passage_Cnt": 877
	},
	"Annotation": {
		"summary1": "시부모의 눈에서까지 벗어나게 된 아 다다는 호소할 곳조차 없이 남편의 매를 견디다 못해 집으로 쫓겨오게 되었는데 어머니의 매도 견디기에 족한 것이 아니었다.",
		"summary2": null,
		"summary3": "그리하여, 시부모의 눈에서까지 벗어나게 된 아 다다는 호소할 곳조차 없는 사정에 눈감은 남편의 매를 견디다 못해 집으로 쫓겨 오게 되었던 것이니, 생각만 하여도 옛 매 자리가 아픈 그 시집은 죽으 면 죽었지 다시는 찾아갈 생각이 없었던 것이다. 그래서, 집에 있게 되니 그것보다는 좀 헐할망정, 어머니의 매도 결코 견 디기에 족한 것이 아니다.",
		"summary_3_cnt": 193
	}
}