{
	"Meta(Acqusition)": {
		"doc_id": "REPORT-literature-07632",
		"doc_category": "REPORT",
		"doc_type": "literature",
		"doc_name": "맥(麥)",
		"author": "김남천",
		"publisher": null,
		"publisher_year": null,
		"doc_origin": "저작권위원회"
	},
	"Meta(Refine)": {
		"passage_id": "REPORT-literature-07632-07632",
		"passage": " 그러나 오시형이를 만나고 싶다는 그의 욕망은 곧 이루어질 수 있게 되었 다. 오시형이는 지금 무경이가 사는 이 서울에 올라와 있다고 한다. 아침도 먹기 전이었다. 어디서 전화가 왔다고 하여서 그는 전화통 있는 데로 갔다. 오시형이를 보석시켜준 변호사한테서 온 것이었다. 오시형이가 공판에 올라왔을 텐데 어디서 유하는지 모르느냐는 전화내용이다. 무경이는 당황하였다. 차마 모른다고 말하기는 창피하였으나 역시 그렇게 대답할 밖 에 도리가 없었다. 오늘이 공판인데 좀 상의할 일이 있다고 하면서 변호사는 전화를 끊는다.\n오늘이 공판? 그러면서 어째서 오시형이는 나에게 그런 것조차도 알려주지 않는 것일까. 서울에 올라왔으면서도 어째 여관도 알리지 않고 한 번 찾아 도 오지 않는 것일까. 아침도 먹을 수 없었다. 사무실에는 잠시 나갔다가 머리가 아프다고 들어 와버렸다. 아무리 생각하여도 공판정으로 찾아가볼 밖에 도리가 없었다. 시 간이 퍽 지났을 것이지만 그는 이내 아파트를 나와서 재판소로 달려갔다.\n정정(廷丁)에게 물어서 공판정에 들어가니까 재판은 퍽 진행이 되어 있었 다. 방청객이 더러 있었으나 그런 것엔 눈이 가지도 않았다. 공범 여섯이 앉아 있는 앞에 머리를 청결하게 깎은 국민복 입은 청년이 서 있었다. 그것 이 오시형이었다. 심리는 얼추 끝이 날 모양이었다. “피고가 학문상으로 도달하였다는 새로운 관념에 대해서 간명히 대답해 보라.” 재판장은 온후한 얼굴에 미소를 그리고 질문을 던진다. 서류 위에 법복 입은 두 손을 올려놓고 그는 오시형이를 내려다보고 있다.\n",
		"passage_Cnt": 770
	},
	"Annotation": {
		"summary1": "오시형이와 만나고 싶은 무경이는 그가 서울의 공판에 올라왔다는 전화에 재판소로 달려갔다.",
		"summary2": null,
		"summary3": "그러나 오시형이를 만나고 싶다는 그의 욕망은 곧 이루어질 수 있게 되었 다. 시 간이 퍽 지났을 것이지만 그는 이내 아파트를 나와서 재판소로 달려갔다. 오시형이는 지금 무경이가 사는 이 서울에 올라와 있다고 한다. 오시형이가 공판에 올라왔을 텐데 어디서 유하는지 모르느냐는 전화내용이다.",
		"summary_3_cnt": 163
	}
}