{
	"Meta(Acqusition)": {
		"doc_id": "REPORT-literature-07325",
		"doc_category": "REPORT",
		"doc_type": "literature",
		"doc_name": "목가(牧歌)",
		"author": "계용묵",
		"publisher": null,
		"publisher_year": null,
		"doc_origin": "저작권위원회"
	},
	"Meta(Refine)": {
		"passage_id": "REPORT-literature-07325-07325",
		"passage": " “글쌔 그 회사 때문에 그렇지요, 뭘.” “거 무슨 회사기에 그렇게 힘이 든다느냐?” “한솟 다 되었는데 아직 돈이 좀 부족해서 그래요.” 아무래도 나는 돈 이야기를 또 꺼내야 될 것이었으므로 아예 이 기회에 대답 삼아 또 내다 붙었다. “아니 뭐 뭣이! 또 돈?” 아버지는 인제 돈 소리는 듣기도 무섭다는 듯이 흠칠 하고 놀라시며 얼굴 을 모으로 돌리신다. 내 일을 내가 생각해도 한심하지 않은 것은 아니었다. 학교를 졸업한 지 가 벌써 사 년이나 넘었는데 취직을 못하고 집에서 돈을 가져다 쓰자니 실 로 아버지를 대할 면목이 없었다. 그것도 남과 같이 여유나 있는 돈이면 모 르거니와 얼마되지도 않는 전답을 팔아다 쓰자니 딱한 노릇이었다. 그러나, 집에는 있을 수가 없는 것을 어찌하노. 오락기관이 있나, 이야기 동무가 있나, 이렇게 와서 며칠씩 있는 것도 참으로 참기 거북한 노릇이어 늘……. 그래서, 어떻게 해서라도 서울 같은 도시에 취직을 하고 살으려니까 좀처 럼 되지를 않는 것이다. 됨네 하고 속아서 넘어가는 되지도 않는 취직에 운 동비만 쓰게 되는 것을 생각하면 시켜 준다는 그 녀석들이 괘씸해서 그만 집어치우고 집으로 내려와 문화주택이나 하나 본때 있게 지어 놓고 라디오, 측음기나 쓱 틀어 놓고 앉아서 소일을 하고 싶은 생각도 없지는 않으나, 그 러니 위명이 대학을 졸업하고 취직 하나 못한다는 것은 자신으로서는 부끄 러운 노릇이어니와, 우선 동네 사람들의 치소란 원 들을 수가 없었다.\n",
		"passage_Cnt": 732
	},
	"Annotation": {
		"summary1": "학교를 졸업한 지 벌써 사 년이 넘었는데 취직을 못하고 얼마 되지도 않는 전답을 팔자니 내가 생각해도 한심한 노릇이었다.",
		"summary2": null,
		"summary3": "내 일을 내가 생각해도 한심하지 않은 것은 아니었다. 학교를 졸업한 지 가 벌써 사 년이나 넘었는데 취직을 못하고 집에서 돈을 가져다 쓰자니 실 로 아버지를 대할 면목이 없었다. 그것도 남과 같이 여유나 있는 돈이면 모 르거니와 얼마되지도 않는 전답을 팔아다 쓰자니 딱한 노릇이었다.",
		"summary_3_cnt": 160
	}
}