{
	"Meta(Acqusition)": {
		"doc_id": "REPORT-literature-07413",
		"doc_category": "REPORT",
		"doc_type": "literature",
		"doc_name": "백조의곡(하)",
		"author": "김내성",
		"publisher": null,
		"publisher_year": null,
		"doc_origin": "저작권위원회"
	},
	"Meta(Refine)": {
		"passage_id": "REPORT-literature-07413-07413",
		"passage": " 은주는 그 때서야 영훈의 얼굴을 찬찬히 쳐다보았다. 조악돌에 얻어 맞은 영훈의 이마에서 가느다란 핏줄기가 조르르 흘러 내리고 있었다. 숙였던 얼굴을 영훈도 들었다. 영훈은 울고 있었다. \"은주씨!\" 영훈은 그러면서 은주의 손길을 잡으려다가 멈추고 그만 도로 움츠려뜨리 고 말았다. \"……………….\" 똑 같이 영훈의 이름을 불러 보고 싶었으나 은주는 입술을 악물고 말똥말 똥 영훈을 쳐다만 보았다.\n악 물은 입술이 이윽고 두어 번 경련을 일으키다가 마침내 삐쭉 삐쭉 어그러 지기 시작하였다. 그것을 또 어그러지지 못하도록 한층 더 굳세게 입술을 악물었기 때문에 울음은 마침내 소리를 이루지 않았다. 소리를 내어 울어 버리기에는 자기의 슬픔이 너무도 컸었다고, 은주는 끝 끝내 울음을 터뜨리지 않고 견뎌 뱃길 생각을 하는 것이었다. 그러는데 멀리 등 뒤에서 박인해의 목소리가 명랑하게 들려왔다. \"고형, 그러면 나는 좀 바빠서 먼저 돌아가야겠소.\" 두 사람이 문득 뒤를 돌아다 보았을 때는 언덕 길을 연못 가로 걸어 내려 가면서 박인해는 손을 흔들어 보이고 있었다. \"아, 박선생!\" 그렇게 외치며 은주는 서너 걸음 따라 내려 가다가 후딱 걸음을 멈추었다. \"은주씨, 안녕히…….\" 박인해는 또 손을 내저었다. \"박선생, 안녕히…….\" 은주도 손 하나를 쳐들어 보였다. 은주의 눈은 여전히 울고 있었다. 이윽고 박인해의 모습은 언덕 밑으로 완전히 사라졌다가 다시금 연못 가 신작로 위로 조그맣게 나타났다.\n",
		"passage_Cnt": 730
	},
	"Annotation": {
		"summary1": "은주는 영훈의 얼굴을 쳐다보았는데 조약돌에 맞은 이마에서 피가 흐르고 있었고 영훈은 울면서 고개를 들어 은주의 이름을 부르며 은주의 손을 잡으려다가 멈췄다.",
		"summary2": null,
		"summary3": "은주는 그 때서야 영훈의 얼굴을 찬찬히 쳐다보았다. 조악돌에 얻어 맞은 영훈의 이마에서 가느다란 핏줄기가 조르르 흘러 내리고 있었다. 숙였던 얼굴을 영훈도 들었다. 영훈은 울고 있었다. \"은주씨!\" 영훈은 그러면서 은주의 손길을 잡으려다가 멈추고 그만 도로 움츠려뜨리 고 말았다.",
		"summary_3_cnt": 160
	}
}