{
	"Meta(Acqusition)": {
		"doc_id": "REPORT-literature-07215",
		"doc_category": "REPORT",
		"doc_type": "literature",
		"doc_name": "꿈 - 세째권",
		"author": "이광수",
		"publisher": null,
		"publisher_year": null,
		"doc_origin": "저작권위원회"
	},
	"Meta(Refine)": {
		"passage_id": "REPORT-literature-07215-07215",
		"passage": " 옥에서 주는 밥이 맛있고 배부를 리가 없어서 배는 늘 고팠다. 사람이 살 수 있는 곳 중에 가장 더럽고 괴로운 데가 옥인 모양으로, 사람이 먹는 것 중에 가장 맛없는 밥이 옥밥이었다. 배는 늘 고팠다. 목은 늘 말랐다. 늘 추웠다. 늘 아팠다. 늘 침침하고 늘 답답하였다. 그러나 조신은 이속에서 기쁨을 찾기로 결심하였다. 이 생활을 수도하는 고행을 삼으려는 갸륵한 결심을 하였다. 조신은 오래 잊어 버렸던 중의 생 활을 다시 시작하였다. 그는 일심으로 진언을 외우고 염불을 하였다. 얻어 들은 경 구절도 생각하고 참선도 하였다. 이런 것은 과연 큰 효과가 있어서 조신은 날마다 날마다 제 법력이 늘어감을 느꼈다. 그 증거로는 마음이 편 안하였다. 다른 죄수들이 다 짜증을 내고 악담을 하고 한숨을 쉬어도 조신 은 점점 더 태연할 수가 있었다. 날마다 죄수는 들고 났다. 어떤 죄수는 끌려 나갔다가 몹시 얻어맞고 늘어 져서 다시 피에 젖은 옷에서 비린내를 뿜으면서 들어오기도 하나, 어떤 죄 수는 나갔다가 다시 들어오지 아니하여서 그 자리가 하루 이틀 비어 있는 일도 있었다. 이런 것은 무죄 백방이 되었거나, 죽은 것이라고 다른 죄수들 이 생각하고는 그 자리를 다시금 돌아보는 것이다. 새로 들어오는 죄수는 살도 있고 기운도 있었다. 그는먼저부터 있는 죄수 들에게 여러 가지 세상 소식을 전하였다. 이것은 옥 중에서는 가장 큰 낙이 었다. 이 속에 들어오는 사람은 예나 이제나 다름이 없었다. 도적질하고 온 놈, 사람 때리고 온 놈, 또는 조신 모양으로 사람을 죽이고 온 놈, 남의 집에 불 싸놓고 붙들려 온 놈, 계집 때문에 잡힌 놈, 양반 욕보인 죄로 걸린 놈.\n",
		"passage_Cnt": 823
	},
	"Annotation": {
		"summary1": "옥밥을 먹어도 늘 배고프고 괴로웠던 조신은 이 생활을 고행으로 삼기로 결심하고 진언을 외우고 염불을 하였다. ",
		"summary2": null,
		"summary3": "그러나 조신은 이속에서 기쁨을 찾기로 결심하였다. 옥에서 주는 밥이 맛있고 배부를 리가 없어서 배는 늘 고팠다. 사람이 살 수 있는 곳 중에 가장 더럽고 괴로운 데가 옥인 모양으로, 사람이 먹는 것 중에 가장 맛없는 밥이 옥밥이었다. 이 생활을 수도하는 고행을 삼으려는 갸륵한 결심을 하였다. 그는 일심으로 진언을 외우고 염불을 하였다.",
		"summary_3_cnt": 192
	}
}