{
	"Meta(Acqusition)": {
		"doc_id": "REPORT-literature-07277",
		"doc_category": "REPORT",
		"doc_type": "literature",
		"doc_name": "독와사",
		"author": "김정진",
		"publisher": null,
		"publisher_year": null,
		"doc_origin": "저작권위원회"
	},
	"Meta(Refine)": {
		"passage_id": "REPORT-literature-07277-07277",
		"passage": "“그런데 자제가 댁을 떠날 때 돈을 얼마나 가지고 갔나요? 노자 이외에 많은 금액을 가지고 떠나지는 아니하였나요?” 형사는 또 이렇게 물었다.\n“글쎄요, 자세히는 모르나 큰돈이야 아니 가지고 갔겠지요. 떠날 때에 별 로 돈 말은 듣지 못했으나 저의 용돈에서도 몇백 원은 가지고 갈 수가 있으 니까 알 수가 없소이다. 그러나 만일 큰돈을 가지고 갈 필요가 있었다면 내 게 무슨 말이 있었을 터인데 그대로 떠난 것을 보면 큰 돈은 몸에 지니지 아니한 듯하오. 그것은 왜 물으시오? 길에서 혹 도적이나 만났나요?” 하며 한승지는 새로운 염려가 또 생긴 듯이 물었다.\n“아니올시다. 그런 것이 아니라 댁에도 돌아오지 아니하고 객지에서 그대 로 부산으로 갔다 하니까 얼마나 돈을 넉넉히 가지고 갔나 해서 여쭈어 보 았습니다.” “네, 원래 규모가 헤픈 자식이니까 돈 쓰는 것을 말할 것도 없지마는 항 상 몇백 원씩이야 몸에 있겠지요.” “그야 댁은 재산가이시니까 용돈이야 얼마든지 있겠지요. 그러면 자제가 큰 돈은 아니 가지고 떠났습니다그려.” “네 아마 그다지 많은 돈은 아니 지녔을 듯하외다.” “부산에는 자제의 친구나 혹 척분되는 댁이 없습니까?” “자식의 친구는 모르지만 과갈 되는 집은 없소이다.” 두 형사는 한승지에게 이 끝 저 끝을 찔러대며 조사를 하였으나 별로 의심 날 것은 없었다. 구태여 의심을 하자면 때가 지난 지금 와서 새삼스럽게 리 민영을 석방하여 달라는 것이 괴이하지 않은 것은 아니나 한승지 말과 같이 한 치각이가 오랫동안 여행을 하는 중에 마음에 고독함을 느끼어 그러한 측은 한 생각이 나왔을지도 모를 것이요, 또 북선지방에서 여행을 마치고 기선으 로 동해의 경치를 구경하며 부산에 돌아왔다는 것이 하등 의심할 것은 없었 다. 도리어 꽃이 되는 봄날에 부자의 아들도 그런 여행을 하는 것이 저그나 면 있을 일이라고 생각하였다. 조사를 마친 두 형사는 수첩을 호주머니에 집어넣고 한 치각의 집을 나왔다. 한승지는 형사가 돌아간 뒤에 한 치각에게 서 온 편지를 손에 들고 또다시 읽어 보았다. 그러나 친필로 함부로 끄적거 린 글씨는 분명히 자기 아들의 글씨이었다. 그러나 부산으로 왔다는 것은 무슨 까닭인지 추측하기 어려웠다. 한승지는 담배 서랍에서 부스러기 담배 를 대롱에 담으면서 깊은 추상에 빠졌다.\n",
		"passage_Cnt": 1132
	},
	"Annotation": {
		"summary1": "한승지는 조사를 마친 형사가 돌아가자 한 치각에게서 온 편지를 읽어보며 아들의 글씨가 맞지만 부산으로 왔다는 까닭이 무엇인지 추측하기 어려워 깊은 추상에 빠졌다.",
		"summary2": null,
		"summary3": "한승지는 형사가 돌아간 뒤에 한 치각에게 서 온 편지를 손에 들고 또다시 읽어 보았다. 그러나 친필로 함부로 끄적거 린 글씨는 분명히 자기 아들의 글씨이었다. 그러나 부산으로 왔다는 것은 무슨 까닭인지 추측하기 어려웠다. 한승지는 담배 서랍에서 부스러기 담배 를 대롱에 담으면서 깊은 추상에 빠졌다. 조사를 마친 두 형사는 수첩을 호주머니에 집어넣고 한 치각의 집을 나왔다.",
		"summary_3_cnt": 213
	}
}