{
	"Meta(Acqusition)": {
		"doc_id": "REPORT-literature-07616",
		"doc_category": "REPORT",
		"doc_type": "literature",
		"doc_name": "보은단(報恩緞) 유래(由來 )",
		"author": "윤백남",
		"publisher": null,
		"publisher_year": null,
		"doc_origin": "저작권위원회"
	},
	"Meta(Refine)": {
		"passage_id": "REPORT-literature-07616-07616",
		"passage": " 이와같이 이상하게 차려논 길 양편을 돌아보며 무심히 갈 때 중국 대관이 수많은 종자를 데리고 이 편을 향하여 가까이 와서 차에서 내리더니 상사 일행을 향하고 걸어 왔다. 이 편 일행도 말에서 내리어 그를 맞이하였다. 그는 천천히 걸어 이 편으로 오더니 \"홍역관이 어느 분이십니까?\" 홍역관은 상사를 맞이하러 나온 사람이거니하고 상사일행을 따라 뒤에 섰 다가 자기를 찾으매 홍역관은 공손히 허리를 굽혀 존경하는 뜻을 보이고 \"제가 홍역관이올시다.\" 하고 한 걸음 나섰다. 홍역관이 한 걸음 나서는 것을 보더니 중국 대관은 반가운 빛이 얼굴에 가득하여 땅에다 무릎을 꿇고 절을 하며 \"장인께서 오시느라고 얼마나 수고를 하시었읍니까?\" 이와같은 뜻밖에 광경을 당한 홍역관과 상사일행은 이 뜻 모를 광경에 다 만 놀라운 표정으로 바라볼 뿐이었다. \"누구신지 나를 장인이라 부르시니 사람을 잘못 아신 게 아닙니까?\" 하고 그를 얼빠진 사람같이 바라볼 뿐이었다. \"물론 그렇게 말씀하실 겝니다. 하여간 자세한 말씀은 집에 가서 여쭙겠 지만 집에서도 장인 오시기를 기다리고 있는 사람이 있어 장인을 뵈오면 한없이 즐거워할 터이니 같이 잠간 가시지요.\" 하고 홍역관의 소매를 끌어 같이 마차에 탄 다음에 풍우 같이 몰아가는 것 이었다. 홍역관은 아무 영문도 모르고 끌려갈 뿐이다. 그는 끌려 가면서도 상사 일 행을 생각하였다. 너무나 급하게 끌려가는 바람에 미처 상사에게 한마디 말 도 못 하고 이렇게 알 수 없는 봉변을 당하고 보니 상사에게 책망 당할 일도 민망하였다.\n",
		"passage_Cnt": 761
	},
	"Annotation": {
		"summary1": "이상하게 차려논 길 양편을 돌아보며 갈 때 중국 대관이 수많은 종자를 데리고 이쪽으로 와 차에서 내려 상사 일행 쪽으로 걸어왔고 이쪽 일행도 말에서 내려 그를 맞이했다.",
		"summary2": null,
		"summary3": "이와같이 이상하게 차려논 길 양편을 돌아보며 무심히 갈 때 중국 대관이 수많은 종자를 데리고 이 편을 향하여 가까이 와서 차에서 내리더니 상사 일행을 향하고 걸어 왔다. 이 편 일행도 말에서 내리어 그를 맞이하였다.",
		"summary_3_cnt": 121
	}
}