{
	"Meta(Acqusition)": {
		"doc_id": "REPORT-literature-07252",
		"doc_category": "REPORT",
		"doc_type": "literature",
		"doc_name": "검은 흙과 흰 얼굴",
		"author": "정인택",
		"publisher": null,
		"publisher_year": null,
		"doc_origin": "저작권위원회"
	},
	"Meta(Refine)": {
		"passage_id": "REPORT-literature-07252-07252",
		"passage": " 딸 혜옥의 지위와 명성이 날로 높아감을 따라, 노파는 바야흐로 재물에 탐 을 내기 시작해서, 각각 방면으로 혜옥을 이용하기 시작했던 것이다. 돈을 받으러 다니는 것은 물론, 나중에는 출연 계약까지 함부로 노파의 생 각각 하나에 달리게 되었고, 혜옥은 다만 인형 모양으로 지정받은 날, 지정받 은 무대에 나서서 악만 쓰면 되게 되었다. 혜옥의 출현과 성공이 너무나 찬란했던 만큼 그를 이런 사도(邪道)로 끌어 들이기도 또한 쉬웠다. 노파는 다만 돈 하나를 위하여 그것을 알면서도 혜 옥은 다만 ‘한 분의 어머니’ 를 위하여, 생각각지도 않던 구렁텅이로 빠른 속 도로 전락하기 시작했다. 그에 따라 가지가지 추문이 혜옥을 싸고 돌며 세상에 전해졌다. 남의 첩 노릇을 한다는 소문, 늙은 ‘파트론’ 이 뒤에 있다는 소문, 하다못해 결혼 사기까지 한다는 소문…… 혜옥 자신보다도 오히려 철수가 더 귀를 가리고 싶은 말들이 떠돌기 시작한 것이다. 물론 그까진 소문만으로 혜옥과 철수의 사이가 멀어질 까닭은 없었으나.\n그렇다고 도저히 그것을 유 쾌히 생각각할 수도 없는 노릇이었다. 철수는 거의 매일 같이 혜옥에게 타일렀다. 아무리 어머니를 위한 일이라지만 좀 더 자 중하라고 ── 자기 몸을 아끼라고……. 그러면 그때마다 알아들었다고 고개를 끄덕이는 혜옥이었으나, 그 이튿날 은 또 외롭고 불쌍한 어머니에게 이끌리어 무정견(無定見)한 출현을 계약하 고 마는 것이다. 다른 데 있어서는 오히려 남자같이 굳세기까지 한 혜옥이면서도 이 어머니 앞에서만은 맘 약한, 온순하기 만한 한 소녀에 지나지 않았다. 이 속에서 불행의 씨가 싹을 트기 시작한 것이다.\n",
		"passage_Cnt": 808
	},
	"Annotation": {
		"summary1": "딸 혜옥의 명성과 지위가 높아감에 따라 재물에 탐을 낸 노파는 출연 계약도 자기 생각 하나에 달리게 되었고 혜옥은 지정받은 무대에 나서서 악만 쓰면 되게 되었다.",
		"summary2": null,
		"summary3": "딸 혜옥의 지위와 명성이 날로 높아감을 따라, 노파는 바야흐로 재물에 탐 을 내기 시작해서, 각각 방면으로 혜옥을 이용하기 시작했던 것이다. 돈을 받으러 다니는 것은 물론, 나중에는 출연 계약까지 함부로 노파의 생 각각 하나에 달리게 되었고, 혜옥은 다만 인형 모양으로 지정받은 날, 지정받 은 무대에 나서서 악만 쓰면 되게 되었다.",
		"summary_3_cnt": 187
	}
}