{
	"Meta(Acqusition)": {
		"doc_id": "REPORT-literature-07629",
		"doc_category": "REPORT",
		"doc_type": "literature",
		"doc_name": "정열은 병인가",
		"author": "김동인",
		"publisher": null,
		"publisher_year": null,
		"doc_origin": "저작권위원회"
	},
	"Meta(Refine)": {
		"passage_id": "REPORT-literature-07629-07629",
		"passage": " 자신은 없으나 막연히 느낀 바는 있었다. 채옥이가 소위 연애라는 감정에 잠겨 있는 모양이라는 이만한 막연한 결단은 연이로도 내릴 수가 있었다.\n그리고 만약 채옥이가 사실 그렇다면 그 상대자는 틀림없이 자기의 오빠일 것이다. 이 학교는 가사과(家事科) 같은 질소(質素)한 과목을 전공하는 학생중에도 그런 학생이 간간 생겨서 학부형이나 학교 당국자를 골치 쏘게 하였다. 하물 며 문과(文科)든가 음악과(音樂科)에는 늘 몇 사람의 과외자가 있고 하였 다. 교풍(敎風)이라기보다 학생의 풍조가 그러니만치 연이도 그런 학생들이 통 상시에 어떤 태도며 어떤 표정을 가지는지도 짐작이 간다. 그 위에 무르익 은 이 처녀들 새에 유행하는 동성끼리의 사랑 등등은 적지 않았는지라 직접 경험하지 않았더라도 아주 그 방면에 무식한 바가 아니었다. 채옥이의 태도가 연애하는 자의 태도에 흡사하고 채옥이가 오빠와 이삼 일 간 함께 어디 숨었던 것은 인젠 거진 의심할 바가 없고 하니, 채옥이는 오 빠를 현재 사랑하고 있다 하는 점도 넉넉히 상상할 수 있었다. 오빠 서구가 남녀 관계를 비교적 가볍게 생각하는 반대로 연이는 이를 또 한 매우 중하게 보는 처녀였다. 남녀가 서로 사랑한다 하는 것은 반드시 결 혼을 전제 삼아 할 것이지 희롱 삼아 할 것이 아니라는 굳은 신념을 가지고 있는 사람이었다. 오빠에게는 사랑하는 부인이 있다. 채옥이는 오빠의 안 해,(연이에게 있어 서는 여자가 남자를 사랑한다는 것은 안 해, 혹은 장래 안해에 한해서 가질 권리인 듯하다) 한 남자는 한 안해만을 가져야 한다.\n",
		"passage_Cnt": 772
	},
	"Annotation": {
		"summary1": "오빠와 다르게 연이는 남녀가 서로 사랑한다 하는 것에 굳은 신념을 가지고 있었고 매우 중하게 보는 처녀였다.",
		"summary2": null,
		"summary3": "오빠 서구가 남녀 관계를 비교적 가볍게 생각하는 반대로 연이는 이를 또 한 매우 중하게 보는 처녀였다. 남녀가 서로 사랑한다 하는 것은 반드시 결 혼을 전제 삼아 할 것이지 희롱 삼아 할 것이 아니라는 굳은 신념을 가지고 있는 사람이었다.",
		"summary_3_cnt": 134
	}
}