{
	"Meta(Acqusition)": {
		"doc_id": "REPORT-literature-07625",
		"doc_category": "REPORT",
		"doc_type": "literature",
		"doc_name": "청해의 객",
		"author": "김동인",
		"publisher": null,
		"publisher_year": null,
		"doc_origin": "저작권위원회"
	},
	"Meta(Refine)": {
		"passage_id": "REPORT-literature-07625-07625",
		"passage": "“상대등(上大等―벼슬이름).” 김양은 마치 붙안으려는 듯이 양팔을 벌리며, 자포의 중노인을 불렀다.\n난군중에 어지러이 싸우던 (상대등이라 불리운) 중노인은 낯을 돌려, 자기 를 부른 사람을 보았다.\n“오오, 김 도독! 피차 무사한 모양을 보는구려. 우징(祐徵)은 어디 있는 지, 예징(禮徵)은 어디 있는지….” 상대등은 이 어지러운 가운데서도, 얼굴에 미소를 띠고 침착한 소리로 응 하였다.\n“젊은이 들이오매 어디 무사히 피했을 줄 생각하옵니다. 상대등, 지금 천 금으로 바꿀 수 없는 존귀하오신 옥체, 무사히 오신 옥안 우러르오니, 기쁜 말씀 올릴 바이 없사옵니다. 인제 불행 옥체에 조그만 하자(瑕疵)라도 생기 오면, 지하의 선왕과 국인들을 무슨 낯으로 대하오리까. 누추합지만 잠깐 소인의 품안에 옥체 감추시고, 이 호혈을 피하오셔 뒷날의 좋은 기회를 기 다리는 것이 온당치 않을까 하옵니다.” “그도 그럴 듯하지만―.” 한 번 사면을 둘러보았다.\n“잠깐 엎드려 이야기합시다. 우리가 누구인지 알기만 했다가는 무사치 못할 테니, 시재의 방편으로―. 나 혼자 때보다도 도독까지 와서 두 사람이 모 이니, 더 남의 눈에 띄기 쉬워.(두 사람은 거기 웅그리고 앉았다) 자, 도 독! 도독의 손을 이 내게 좀 주시오. 그렇지, 그렇게. 도독의 손을 잡고, 이 위난의 마당에서 내 도독께 부탁할 일이 있소이다. 무론 들어 주실 줄은 알고….” 김양은 깊이 머리를 숙였다. 아무런 부탁 내지 명령일지라도 듣겠읍니다는 뜻이었다.\n",
		"passage_Cnt": 739
	},
	"Annotation": {
		"summary1": "김양이 양팔을 벌리며 자포의 중노인 상대등을 부르자 상대등은 그 어지러운 가운데서도 얼굴에 미소를 띠고 침착한 목소리로 응하였다.",
		"summary2": null,
		"summary3": "“상대등(上大等―벼슬이름).” 김양은 마치 붙안으려는 듯이 양팔을 벌리며, 자포의 중노인을 불렀다. “오오, 김 도독! 피차 무사한 모양을 보는구려. 우징(祐徵)은 어디 있는 지, 예징(禮徵)은 어디 있는지….” 상대등은 이 어지러운 가운데서도, 얼굴에 미소를 띠고 침착한 소리로 응 하였다.",
		"summary_3_cnt": 164
	}
}