{
	"Meta(Acqusition)": {
		"doc_id": "REPORT-literature-07209",
		"doc_category": "REPORT",
		"doc_type": "literature",
		"doc_name": "토끼의 간",
		"author": "김동인",
		"publisher": null,
		"publisher_year": null,
		"doc_origin": "저작권위원회"
	},
	"Meta(Refine)": {
		"passage_id": "REPORT-literature-07209-07209",
		"passage": "“먼저 귀국하거라. 김유신 대장군께 국경까지 정병을 이끌고 맞아 달란다 고 부탁해라. 나머지는 알아차려 좋도록 하거라.” 그만치만 분부하면 그 뒤는 알아차려 잘 처리할 만한 사람을 골라서 분부했는지라, 이 간단한 부탁만 하고는 춘추는 자기의 자던 방으로 돌아왔다.\n그리고는 이번은 시킬 일 다 시켰는지라 마음 놓고 자리에 들었다.\n본시 김춘추가 고국을 떠나 고구려로 올 때에 김유신과 약속한 바― 육 순 ―두 달이 지나도 춘추가 귀국치 않으면, 고구려에서 해(害)를 본 줄로 인 정하고, 김유신이 정병을 이끌고 달려와서 여제(麗濟), 두 왕정(王庭)을 쑥 밭을 만들마 한 그 두 달이 거진 다되었다. 의에 굳고 용감한 김유신은 혹 은 지금 그 정병의 준비를 해가지고 있을 것이다.\n만약 김춘추가 두 나라 국경까지 이르기 전에 김유신의 행동이 시작되면, 모든 일은 다 허물어지고 만다. 지금 김춘추가 보낸 사자가, 유신이 정병을 이끌고 출발하려는, 그 같은 때에 도달해야 꼭 좋을 것이다.\n아직도 김유신 정병의 비보가 고구려 조정에 뛰어들지 않았으니, 여기의 사자가 빨리 가기만 하면 꼭 알맞은 날짜에 들어가 닿을 것이다.\n“그렇게 됩소서.” 춘추는 심축하였다.\n드디어 춘추가 고구려를 출발하는 날이 이르렀다.\n춘추는 고구려 임금께 하직하고 고구려의 장상들과 작별하고 귀국의 길에 올랐다.\n춘추가 이곳으로 올 때에 데리고 와서 그 새 춘추가 왕옥에 갇히어 있을 동안 밖에서 기다리던 신라의 종자들이며, 김춘추를 호송하는 고구려의 호 송관원(20명)의 일행은, 북국 정월의 매운 바람을 가슴으로 안고 고구려 서 울을 떠났다.\n",
		"passage_Cnt": 796
	},
	"Annotation": {
		"summary1": "김춘추가 김유신과 약속한 두 달이 거진 다 되었고 김유신은 정병의 준비를 해가지고 있을 것이다.",
		"summary2": null,
		"summary3": "본시 김춘추가 고국을 떠나 고구려로 올 때에 김유신과 약속한 바― 육 순 ―두 달이 지나도 춘추가 귀국치 않으면, 고구려에서 해(害)를 본 줄로 인 정하고, 김유신이 정병을 이끌고 달려와서 여제(麗濟), 두 왕정(王庭)을 쑥 밭을 만들마 한 그 두 달이 거진 다되었다. 의에 굳고 용감한 김유신은 혹 은 지금 그 정병의 준비를 해가지고 있을 것이다.",
		"summary_3_cnt": 196
	}
}