{
	"Meta(Acqusition)": {
		"doc_id": "REPORT-literature-07492",
		"doc_category": "REPORT",
		"doc_type": "literature",
		"doc_name": "첫날밤(투르게네프)",
		"author": "현진건",
		"publisher": null,
		"publisher_year": null,
		"doc_origin": "저작권위원회"
	},
	"Meta(Refine)": {
		"passage_id": "REPORT-literature-07492-07492",
		"passage": "“그러지 말아요, 제발 그러지 마시고 이대로 지내갑시다그려. 나는 벌써 지난일은 모두 잊어 버렸어요. 일평생을 당신에게 맡기겠다고 하지 않았습 니까?” 라고 비는 수밖에 없었다.\n“아니다, 그렇지 않다. 잊어 버리는 것과, 의심이 풀리는 것과는 대상부 동한 일이다, 곧 어머님으로 돌아가 주어요. 이다음 정거장에서 저편에서 오는 기차와 갈릴 터이니 그 차를 바꾸어 타면 열두 점 안에 다시 집으로 돌아갈 수 있을 것이오.” “시방 와서 어찌 어머니한테 돌아간단 말씀이야요? 떠먹듯이 신혼여행의 길을 떠난다고 적어놓고 나왔다가 어찌 혼자 돌아간단 말예요? 무슨 낯으로 또 어머니를 뵈옵는단 말예요?” “그렇게 어려우면 내가 데려다 주지. 내가 어머님을 뵈옵고 모든 사정을 이야기하면 그뿐이 아니오?. 그러면 어머님께서도 이해를 해 주시겠지요.\n사리를 도모지 모르시는 어머님이 아니시니까.” “제발 그런 말 마시고, 이대로…….” 하며, 유리는 얼마나 빌었는지 몰랐다. 눈물이 마를 때까지 빌었으나 시안 은 들은 체 아니하였다. 한 번 먹은 그의 마음은 다시 굽힐 도리가 없었다.\n무쇠같이 움직일 길이 없었다.\n얼마 아니되어 다음 정거장에 닿자, 시안은 유리의 손목을 잡아끌어, 다 른 차에 옮아탔다. 세상에 사나운 운명이라 한들 유리같이 사나운 운명에 시달리는 이가 어데 있으며, 기구한 팔자이라 한들 유리같이 기구한 이가 어데 있으랴. 처음의 혼례가 거짓이 되고 평생을 의탁했던 남편은 살인죄에 몰리게 되었으며, 자기의 모든 것을 버린 값으로 남편될 뻔하던 이를 구해 낼 수는 있었으나, 그에게 대한 지긋지긋한 의심은 풀 길이 없으매, 속절없 이 피눈물만 뿌리게 되었다. 다시 돌아다보는 이가 없을 줄 알았더니 다행 히 마백륜을 만나 내일로 혼례를 지내려는 판에 의외로 앞날의 혼례가 효력 있는 것을 알게 되자, 그 떳떳한 남편을 따라섰더니만 저와 그 사이에는 합 하랴 합할 수 없고 풀어지랴 풀어질 수 없는 의심으로 말미암아 다시금 한 번 나왔던 집에 다시 돌아가게 되었으니 세상에 이런 기막힌 노릇이 또 있 으며 액색한 일이 또 있을까.\n",
		"passage_Cnt": 1031
	},
	"Annotation": {
		"summary1": "유리같이 사나운 운명과 기구한 팔자를 가진 이가 어디 있으며 속절없이 피눈물만 뿌리게 되었다.",
		"summary2": null,
		"summary3": "세상에 사나운 운명이라 한들 유리같이 사나운 운명에 시달리는 이가 어데 있으며, 기구한 팔자이라 한들 유리같이 기구한 이가 어데 있으랴. 처음의 혼례가 거짓이 되고 평생을 의탁했던 남편은 살인죄에 몰리게 되었으며, 자기의 모든 것을 버린 값으로 남편될 뻔하던 이를 구해 낼 수는 있었으나, 그에게 대한 지긋지긋한 의심은 풀 길이 없으매, 속절없 이 피눈물만 뿌리게 되었다.",
		"summary_3_cnt": 209
	}
}