{
	"Meta(Acqusition)": {
		"doc_id": "REPORT-literature-07350",
		"doc_category": "REPORT",
		"doc_type": "literature",
		"doc_name": "만보(萬甫)",
		"author": "이효석",
		"publisher": null,
		"publisher_year": null,
		"doc_origin": "저작권위원회"
	},
	"Meta(Refine)": {
		"passage_id": "REPORT-literature-07350-07350",
		"passage": " 세 순배째 들어오니 못하는 술에 만보는 관자놀이가 후끈거렸다. 주는 잔 을 감춰 버릴 줄도 모르고 고지식하게 알뜰히 받아 마신 것이 꾀 없는 것이 었는지도 모른다. 비취의 얼굴이 반달같이 동그랗게 떠올라 보인다. “사양 말게. 얼근해야 기운도 나지 맨송한 정신으로 싸움이 되나.” 박회계원은 뒤를 이어 거듭 잔을 권한다. “승패는 오늘밤에 달렸네. 기운 바짝 내주게.” 손에 받은 잔을 만보는 떨어트렸다. 회계원의 말은 한 귀로 흘리며 비취를 바라보기에 정신이 빠졌던 것이다. 산속에 들어가 문득 부딪치는 한 포기의 자작나무와도 같이 흰 바탕에 새 까만 머리 쪽이 제비날개같이 곱다. 손안에 넣고 희롱하면 털 고양이같이 부 드러울 것 같다. 그 얼굴 그 모습에 어느 모가 부족해서 하필 술집으로 팔 려 다닐까. 그 얼굴 그 모습에 어느 모가 부족해서 하필 술집으로 팔려 다 닐까. 그의 몸 속은 사람 아닌 무슨 귀한 것으로 가뜩 채워져 있을 성싶다.\n그의 조그만 입에서 선녀의 말 아닌 사람의 말이 굴러 나옴이 이상하다. 따 뜻한 아침 황소를 타고 김이 무렁무렁 나는 들로 나갈 때 세상에는 푹신한 황소 등어리같이 좋은 것은 없으리라고 생각하였으나 비취는 그 황소보다도 더 좋고 마음을 댕기는 것임을 알았다. 이글이글한 눈망울에 기름이 흐르고 입술이 방끗 벌어짊을 볼 때 만보의 오장은 나뭇잎같이 너벌너벌 흔들렸다. “자네 마음이 너긋해 보이니 다행이네.” 회계원은 능걸치게 웃으며 다시 잔을 권하고 눈짓하니 비취는 가뜩 부어 잔을 채운다.\n",
		"passage_Cnt": 752
	},
	"Annotation": {
		"summary1": "박 회계원은 계속해서 잔을 권했고 비취는 알뜰히 받아 마셔서 얼굴이 반달같이 동그랗게 떠올라 보였다.",
		"summary2": null,
		"summary3": "주는 잔 을 감춰 버릴 줄도 모르고 고지식하게 알뜰히 받아 마신 것이 꾀 없는 것이 었는지도 모른다. 비취의 얼굴이 반달같이 동그랗게 떠올라 보인다. “사양 말게. 얼근해야 기운도 나지 맨송한 정신으로 싸움이 되나.” 박회계원은 뒤를 이어 거듭 잔을 권한다.",
		"summary_3_cnt": 146
	}
}