{
	"Meta(Acqusition)": {
		"doc_id": "REPORT-literature-07231",
		"doc_category": "REPORT",
		"doc_type": "literature",
		"doc_name": "독와사",
		"author": "김정진",
		"publisher": null,
		"publisher_year": null,
		"doc_origin": "저작권위원회"
	},
	"Meta(Refine)": {
		"passage_id": "REPORT-literature-07231-07231",
		"passage": "그러나 한 치각이를 하꾸라이 부랑자라고 한 말은 다행히 그 당자의 귀에는 들리지 아니하였다. 한 치각은 조금 전에 흥검을 떨어가며 심참봉이 이야기하던 일지매의 사실이 하도 엉터리없는 거짓말임을 알게 된 후에는 어림 없 이 치료하라고 일백오십 원이나 보낸 것이 아까운 생각이 날 뿐이 아니라 한 편으로는 심참봉을 의심하게 되었다. 여태까지 그러한 신용없는 일은 아 니하던 심참봉이지마는 요사이 같이 효박한 세상에 또 어떤 일이 있을지도 모르고 만일 심참봉이 중간에 서서 이러한 연극을 꾸미어 일백오십 원을 자 기가 먹자는 것이나 아닌가하고 한 치각의 마음은 여러 방면으로 움직인다.\n그러나 남주사라는 애송이 부랑자가 일지매를 데리고 있는 자리에서 다시 여러 번 일지매에게 말을 던지는 것이 정 아니꼬운 생각도 있어서 심참봉의 전하던 말과는 사뭇 틀리지마는 하여간 그 하회는 심참봉이 오기만 기다리 고 다만 남주사와 일지매가 장차 어떠한 목도리를 사나하고 냉소와 질투와 또 약간의 애착도 있는 여러 가지 충동에 한 치각이를 그 맞은편에서 용이히 떠나지 않게 한다.\n남주사와 일지매는 털목도리를 고르는 중에 생각지 아니한 한 치각이 때문 에 흥정이 잠시 중지되었다. 여점원은 다시 육백오십 원짜리인 은여우털을 들어서 전등 앞으로 내밀며 “여우털 중에서는 이것이 제일 좋은 것입니다.\n서양서도 귀부인이나 부호부인들은 모두 이것을 살라고 합니다. 이왕 사시 면 이것을 쓰시지요.” 남주사는처음부터 점원의 행동이 자기를 업수이 여기는 것처럼 보이어서 마음이 흥분되는 중에 또 맞은편에는 일지매를 중간에 두고 돈으로 승리를 다루게 된 한 치각이가 비웃는 말을 던지고 있게 되어 남주사의 마음은 극도 로 긴장하게 되었다. 이것이 화류계에서는 놓치기 어려운 좋은 찬스의 하나 이다. 남주사의 마음은 지금 앞에서는 돈의 다소를 의논할 여지가 없도록 호활한 환경에 싸였다.\n",
		"passage_Cnt": 926
	},
	"Annotation": {
		"summary1": "한치각은 남주사와 일지매에 대한 여러 가지 충동에 때문에 용이히 떠나지 않았다.",
		"summary2": null,
		"summary3": "그러나 남주사라는 애송이 부랑자가 일지매를 데리고 있는 자리에서 다시 여러 번 일지매에게 말을 던지는 것이 정 아니꼬운 생각도 있어서 심참봉의 전하던 말과는 사뭇 틀리지마는 하여간 그 하회는 심참봉이 오기만 기다리 고 다만 남주사와 일지매가 장차 어떠한 목도리를 사나하고 냉소와 질투와 또 약간의 애착도 있는 여러 가지 충동에 한 치각이를 그 맞은편에서 용이히 떠나지 않게 한다.",
		"summary_3_cnt": 212
	}
}