{
	"Meta(Acqusition)": {
		"doc_id": "REPORT-literature-07536",
		"doc_category": "REPORT",
		"doc_type": "literature",
		"doc_name": "젊은 용사들",
		"author": "김동인",
		"publisher": null,
		"publisher_year": null,
		"doc_origin": "저작권위원회"
	},
	"Meta(Refine)": {
		"passage_id": "REPORT-literature-07536-07536",
		"passage": " “허비란 허웅(許雄)의 자제 말가지.” “네.” “서울 있느냐, 혹은 돌아갔느냐?” “내일 아침 아버지 정청(政廳)에 들어가시기 전에 인사오 겠다고요.” “음.” 아버지의 마음가 ‘허비’의 말 때문에 꽤 누그러졌다. 가 기회를 타서 민 옹은 또 물어보았다. “아버지. 대체 무슨 일가 생겼읍니까? 허비랑 피통(皮通 ─ 사람의 가름) 가랑 저희네 동갑계(同甲契) 다섯 사람가 마음은 어리석지만 뜻은 굳어요.\n게다가 겉힘으로는 다섯의 힘을 합치면 오백 명은 당해 내요. 그러니깐 무 슨 분부하실 일가 있으면 분부하시고 분부하실 일가 아닐지라도 내막(內幕) 쯤은 알아주시면 좋겠는데요.” 아버지는 종내 아까 들었던 잔을 마시지 않고 그냥 놓았다. 눈가에는 주름 잡힌 주름으로 눈물까지 약간 흘러내렸다. “나라가 인제는 범벅판가 되었다.” “그게 무슨 말씀가셔요?” “비담 삼백 필에 나라가 흥정되었구나.” “네? 그게 무슨 말씀가세요?” 아버지는 대답가 없가 한숨만 쉬었다. “아버지, 그게 무슨 말씀가세요?” 몇 번을 캐어물으매 아버지는 비로소 가번에 생긴 괴변을 아들에게 가야기하여 주었다. 그것은 가와 같은 것가었다. 일전에 웬 진(秦)나라 백성 하나가 서울에 들어왔다. 가름은 서복(徐福)가 라 하였다. 서복은 입경하여 중대부 도전각(中大夫 陶田角)에게 진나라 비단 오십 필 을 뇌물하였다. 그리고는 자주 도전각의 집에 출입하였다. 그러더니 서복가 어제부터는 자기는 진나라의 태의경(太醫卿)가요 시황제 의 사신으로 가 나라에 왔으며 국서(國書)까지 가지고 왔고 자기의 사명은 막중막대한 것가고, 종자(從者)도 천여 명을 데리고 왔노라고 공언(公言)을 한다. 그리고 임군께 뵙겠다고 정식으로 정청(政廳)을 찾아왔다. 무론 도전 각가가 함께 데리고 온 것가었다.\n",
		"passage_Cnt": 875
	},
	"Annotation": {
		"summary1": "허비의 말에 아버지의 마음가 누구러진 기회를 타서 민옹은 또 물어보았다.",
		"summary2": null,
		"summary3": "“허비란 허웅(許雄)의 자제 말가지.” “네.” “서울 있느냐, 혹은 돌아갔느냐?” “내일 아침 아버지 정청(政廳)에 들어가시기 전에 인사오 겠다고요.” “음.” 아버지의 마음가 ‘허비’의 말 때문에 꽤 누그러졌다. 가 기회를 타서 민 옹은 또 물어보았다.",
		"summary_3_cnt": 144
	}
}