{
	"Meta(Acqusition)": {
		"doc_id": "REPORT-literature-07291",
		"doc_category": "REPORT",
		"doc_type": "literature",
		"doc_name": "낙조(落潮)",
		"author": "채만식",
		"publisher": null,
		"publisher_year": null,
		"doc_origin": "저작권위원회"
	},
	"Meta(Refine)": {
		"passage_id": "REPORT-literature-07291-07291",
		"passage": " “과히 염려하실랸 마시우. 본다치면 대갠 앞문으루 묶어들면 뒷문으루 풀어놔 주군 하니깐.” 아버지는 그러고 나서 잠깐 사이를 떼였다 다시 “이왕 그 공산당 말이 났으니 말이지만, 나는 실상 금년허구 명년허구 이태만 지나구 나서 내 명년쯤일랑, 거 공산당을 좀 해볼까 하는 참인데……” “오온 말씀만이래두.” 황주 아주머니는 기급을 하게 놀란다. 입에 국수를 듬뿍 문 채 야단스럽게 고갯짓, 눈짓, 손짓을 갖추 하며 아버지를 가로막으면서 “제발 덕분, 제발 덕분, 말씀이래두 그런 끔찍하구 숭헌 말씀일랑 애야 입밖에 내지두 마시우. 오온 글쎄, 어떡허시자구 세상에 그런, 세상에 그런.” “그야 낸들 어디 그, 내 토지 약간 조금 있는 걸 거저 뺏어설랑 촌 무지랭이 농사꾼눔들한테 노나주자구 드는, 멀쩡한 불한당 패엘, 하 그리 탑탑해 참엘 하자구 들겠소만.” “그럼! 그러시다뿐이겠에요? 불한당허구두 그럼 불한당이 어딨에요!” “내가 금년엔, 이 집, 이걸 마저 팔아먹구. 명년엔 토지 2백 석거리 그걸 안 팔아먹구. ……할 수 있나요. 집이래두 팔구, 논이래두 팔아 위선 당장 입에 풀필을 해야죠. ……그래, 그렇게 다 팔아먹구 난다치면, 내 명년쯤 가선, 한 푼 껀지 없는 가난방이가 될 판이어든요. 뺏길래 뺏길 거 없는 사람이니 공산당 두렬 거 없잖아요?” “공산당, 좌익, 빨강이, 그눔들 말만 들어두 난 차가 떨려요! 에이 불공대천지 원수. ……그 눔들은 내가 갈아먹어두 분이 아니 풀려.” 황주 아주머니는 과연 몸을 푸르르 떨었다.\n",
		"passage_Cnt": 753
	},
	"Annotation": {
		"summary1": "이태 지나 내 명년쯤 공산당을 해볼까 한다는 아버지의 말씀에 황주 아주머니는 기급을 하게 놀란다.",
		"summary2": null,
		"summary3": "“과히 염려하실랸 마시우. 본다치면 대갠 앞문으루 묶어들면 뒷문으루 풀어놔 주군 하니깐.” 아버지는 그러고 나서 잠깐 사이를 떼였다 다시 “이왕 그 공산당 말이 났으니 말이지만, 나는 실상 금년허구 명년허구 이태만 지나구 나서 내 명년쯤일랑, 거 공산당을 좀 해볼까 하는 참인데……” “오온 말씀만이래두.” 황주 아주머니는 기급을 하게 놀란다.",
		"summary_3_cnt": 192
	}
}