{
	"Meta(Acqusition)": {
		"doc_id": "REPORT-literature-07432",
		"doc_category": "REPORT",
		"doc_type": "literature",
		"doc_name": "선화공주",
		"author": "현진건",
		"publisher": null,
		"publisher_year": null,
		"doc_origin": "저작권위원회"
	},
	"Meta(Refine)": {
		"passage_id": "REPORT-literature-07432-07432",
		"passage": " “그러면 모른단 말인가? 아무리 궁중지밀한 분부시지만 파진 찬 수품의 귀 에는 들어오거든. 자네가 맏부마로 뽑힌 것을 내가 모를 줄 아나?” 하고 수품은 한 번 뽐내었다. “자네가 덕만 공주님의 배필로 뽑혔단 말을 듣고 나는 춤이라도 출 듯이 기뻐하였다네. 친구에게 좋은 일이 내게도 해로울 것은 없거든.” “흥, 좋은 일!” “좋다 이를 뿐인가? 장래 나랏님이 되실 덕만 공주님의 남편이 되었으니 세상에 이보담 더 좋은 일이 또 어디 있겠는가……?” 칠부는 귀라도 막고 싶었다. “……눌문과 나도 그 물망에 오르기는 올랐다네마는, 인품으로 보나 나이 로 보나 자네가 뽑히는 것이 의당당한 일이라고 나는 진정 좋아하였다네.” “자네는 떨어지고 내가 뽑힌 것이 그렇게 좋더란 말인가. 안될 말.” “거짓말이라면 내 목이라도 베어 바침세. 공주님이라도 그런 높으신 어른 을 뫼실 감도 못되거니와,그 판에 내가 낙선이 된 게 내심으론 해롭지도 않았다네.” “그 건 또 웬 말인가?” “내가 자네께야 무엇을 기이겠나? 꽃 애기 씨야말로 나에게는 생명일세.\n자네는 벌써 짐작을 하였겠지만, 한가위 잔치 끝에 눌문과 칼부림을 한 것 도 꽃 애기 씨 때문. 목숨까지 떼어내 놓고 꽃 애기 씨를 사랑하는 내가 만일 맏부마로 뽑혀 보게. 아주 절망이 아닌가? 생목숨을 끊는 수밖에는 다시 무 슨 수가 있는가? 이번에 낙선된 것이 다행이라면 큰 다행이거든. 기쁘다는 게 참말 진정일세. 칠부는 실심한 사람 모양으로 아무런 대꾸도 없이 우두머니 서 있었다. 어 찌하면 제 생각과 수품의 생각이 부절을 합한 듯이 이렇게 같을까? 제 속을 꼭 집어내어 수품의 입을 통하여 제 귀에 들려주는 것 같았다.\n",
		"passage_Cnt": 829
	},
	"Annotation": {
		"summary1": "칠부는 자신이 공주님의 배필로 정해져서 춤을 출 듯이 기쁘다는 친구의 말에 귀라도 막고 싶었다.",
		"summary2": null,
		"summary3": "“자네가 덕만 공주님의 배필로 뽑혔단 말을 듣고 나는 춤이라도 출 듯이 기뻐하였다네. 친구에게 좋은 일이 내게도 해로울 것은 없거든.” “흥, 좋은 일!” “좋다 이를 뿐인가? 장래 나랏님이 되실 덕만 공주님의 남편이 되었으니 세상에 이보담 더 좋은 일이 또 어디 있겠는가……?” 칠부는 귀라도 막고 싶었다.",
		"summary_3_cnt": 172
	}
}