{
	"Meta(Acqusition)": {
		"doc_id": "REPORT-literature-07237",
		"doc_category": "REPORT",
		"doc_type": "literature",
		"doc_name": "꿈 - 세째권",
		"author": "이광수",
		"publisher": null,
		"publisher_year": null,
		"doc_origin": "저작권위원회"
	},
	"Meta(Refine)": {
		"passage_id": "REPORT-literature-07237-07237",
		"passage": " 이 모양으로 얼마나 지났는지 모르나 조신은 벌써 숨이 끊어진 미력을 그 런 줄도 모르고 안고 있었다. 달례가 미력의 몸을 만져본 때에야 비로소 그 가 식은 몸인 것을 알았다. \"미력아, 미력아.\" 하고 두어 번 불러보았으나 눈물도 나오지 아니하였다. 조신은 미력의 눈을 손으로 쓸어 감기며, \"미력아, 네야 무슨 죄 있느냐. 부디 왕생 극락하여라. 나무아미타불, 나 무아미타불.\" 하고 염불을 하면서 그 시체를 안고 일어나서 허둥지둥 묻을 곳을 찾았다. 땅을 팔 수도 없거니와, 팔 새도 없었다. 조신은 여기가 좋을까, 저기가 좋을까 하고 나무 그늘로 이리저리 헤메었다. 볕이나 잘 들 데, 물에 씻기 지나 아니할 데, 이 다음에 와서 찾을 수 있는 데―이러한 곳을 찾노라고 이리저리 헤매었다. 조신은 무섭고 미운 생각으로 평목의 시체를 안고 가던 한 달 전 일을 생각하였다. 이제 그는 슬픔과 아까움과 무서움을 품고 아들 의 시체를 안고 헤매는 것이다. 조신은 두드러진 바위 밑 늙은 소나무 그늘에 미력을 내려놓았다. 그러고 는 혹시나 살아 있지나 아니한가 하고 미력의 가슴에 귀를 대어 보았으나 잠잠하였다. <정말 죽었고나.> 하고 조신은 벌떡 일어났다. 조신은 미력의 손발을 모았다. 아직도 굳어지 지 아니하여 나긋나긋하였다. 생명이 다시 돌아올 것만 같았다. 조신은 미력의 시체를 눈으로 파묻었다. 아무리 두 손으로 눈을 쳐덮어도 미력의 검은 머리가 덮이지 아니하였다. 미력이가 몸을 흔들어서 눈이 흘러 내리는 것 같았다.\n",
		"passage_Cnt": 746
	},
	"Annotation": {
		"summary1": "조신은 숨이 끊어져 몸이 식은 미령을 안고 있다가 손으로 쓸어 눈을 감기고 시체를 묻을 곳을 찾으며 염불을 하였다.",
		"summary2": null,
		"summary3": "이 모양으로 얼마나 지났는지 모르나 조신은 벌써 숨이 끊어진 미력을 그 런 줄도 모르고 안고 있었다. 달례가 미력의 몸을 만져본 때에야 비로소 그 가 식은 몸인 것을 알았다. 조신은 미력의 눈을 손으로 쓸어 감기며, \"미력아, 네야 무슨 죄 있느냐. 부디 왕생 극락하여라. 나무아미타불, 나 무아미타불.\" 하고 염불을 하면서 그 시체를 안고 일어나서 허둥지둥 묻을 곳을 찾았다.",
		"summary_3_cnt": 213
	}
}