{
	"Meta(Acqusition)": {
		"doc_id": "REPORT-literature-07331",
		"doc_category": "REPORT",
		"doc_type": "literature",
		"doc_name": "도정",
		"author": "지하련",
		"publisher": null,
		"publisher_year": null,
		"doc_origin": "저작권위원회"
	},
	"Meta(Refine)": {
		"passage_id": "REPORT-literature-07331-07331",
		"passage": "기뿌잖어요? 그는, 이, 약간은 짓궂은 우슴까지 뛰우며 말을 뭇는 소년이, 금시로 나히 다섯 살 쯤 더 먹어 뵈는 것 같은, 이러한 것을 느끼며 당황하게 말을 받었 다.\n왜? 왜 ─ 기뿌지! … 기뿌잖구! … 너두 기뿌냐? 그러믄요.\n그럼 웨 울었어? 그는 기어히 뭇고 말었다.\n소년은 좀 열적은 듯이 머리를 숙이며 대답하였다.\n징 와가 신민 또 도모니, 하는데 그만 눈물이 나서 울었어요. …덴노우 헤이까가 참 불상해요.\n덴노우헤이까는 우리 나라를 빼서갔고, 약한 민족을 사십 년 동안이나 괴롭혔는데, 불상 허긴 뭐가 불상허지? 그래도 고 ─ 상을 허니까 불쌍해요.\n… …목소리가 아주 가엽서요.\n그는 무어라 얼른 대답할 말이 생각나지 않었다. 설사 소년의 보드라운 가 슴이 지나치게 “인도적”이라고 해서 이상 더(미운 자를 미워하라) 고 “어 른의 진리”를 역설할 수는 없었다. 그는 내가 약한 탓일까, 반성해 보는 것이었으나, 역시 “복수”란 어른의 것인 듯 싶었다. 착한 소년은 그 스스 로가 너무 순수허기 때문에 미차 “미운 것”을 가리지 못한다, 느껴젔다.\n…넌 덴노우헤이까보다도 더 훌융허다.\n그는 소년의 머리를 쓰담고 이러섰다.\n소년은 칭찬을 해주니까 좋은지, 그렇지만 우리 회사에 사이상허구 긴상허고 기무라상, 가와지마상 이런 사람들은 주먹을 쥐고 야 ─ 야 ─ 하면서, 막 내놓구 좋아했어요. ─ 하고, 따라 이러서며, 야 ─ 긴상 저기 있다 ─ 하고는 인해 정거장 쪽으로 다라 났다.\n…그 사람들은 너보다 더 훌융하고… 그는 소년이 이미 있지 않은 곳에 소년의 말의 대답을 혼자 중얼거리며 자 기도 정거장을 향하고 거름을 옴겼다.\n",
		"passage_Cnt": 812
	},
	"Annotation": {
		"summary1": "왜 우냐는 그의 물음에 소년은 덴노우 헤이까가 불상 하다는 대답을 했고 우리나라를 빼서 갔는데 뭐가 불상허냐고 했다.",
		"summary2": null,
		"summary3": "…덴노우 헤이까가 참 불상해요. 소년은 좀 열적은 듯이 머리를 숙이며 대답하였다. 그럼 웨 울었어? 그는 기어히 뭇고 말었다. 덴노우헤이까는 우리 나라를 빼서갔고, 약한 민족을 사십 년 동안이나 괴롭혔는데, 불상 허긴 뭐가 불상허지?",
		"summary_3_cnt": 134
	}
}