{
	"Meta(Acqusition)": {
		"doc_id": "REPORT-literature-07672",
		"doc_category": "REPORT",
		"doc_type": "literature",
		"doc_name": "독와사",
		"author": "김정진",
		"publisher": null,
		"publisher_year": null,
		"doc_origin": "저작권위원회"
	},
	"Meta(Refine)": {
		"passage_id": "REPORT-literature-07672-07672",
		"passage": "그 날 저녁에 경성 안의 여러 신문은 일제히 한 치각의 봉변한 기사를 보도 하였다. 어떤 신문에는 주먹 같은 큰 활자로 ‘한 부호의 아들을 습격’했 다는 제목을 첫 머리에 쓰고 한 치각이 철권의 제재를 받던 그 현장의 사실 을 치밀하게 목도한 것 같이 보도한 것 같이 보도한 신문도 있고 또 어떤 신문에는 ‘모 학교 교장의 부호 협박’이라는 제목 밑에 리민영을 진범처 럼 만들어서 어떠한 비밀 결사원들이 한 치각을 습격한 것 같이 보도한 신문 도 있어 한 치각의 습격사건이 그 날 여러 신문의 사회면을 번화하게 하였 다. 이와 같이 여러 신문이 모두 신문기자들에게 육감에서 나온 기사를 보 도하고 있는 중에 오직 ××신문만은 거의 진상에 가까운 기사를 보도하였 다. ‘방탕아의 말로’라는 제목 밑에 한 치각의 색마성을 자세히 기재하고 그 끝에는 ‘사회가 제재한 통쾌한 철권’이라고 보도하였다. 여러 신문에 기재된 한 치각의 사건은 ××신문이 가장 그 진상에 가까운 보도를 하였다.\n그러나 그 ××신문사에서만 특별히 현장의 광경을 본 것은 아니지마는 한 치각의 평일의 행동을 세밀히 조사한 결과가 이와 같은 진상을 보도하게 된 것이다. 평소에 신문을 들여다보지 않던 한 치각은 그 날에 비로소 신문을 손에 들게 되었다. 몸에 큰 중상은 없지마는 사지가 늘씬해서 자리 속에 누 웠던 한 치각은 상노 만돌을 동독하려 여서 신문을 모아놓고 자기의 기사를 들여다보고 있는 중이다. 안으로 통한 복도 문이 빠끔히 열리며 자기 딸 복 희가 들어온다. 복희의 손에는 ××신문을 들고 있다. 사랑에는 한 치각이 며칠 동안 정양을 하게 되어 모이던 병정들도 다 돌아가고 한 치각 한 사람 만 아랫목에 누워 있다. 복희는 한 치각의 누운 앞으로 앉으며 “아버지, 어디가 아프시지는 않아요?” “글쎄.” “그때, 퍽 놀라셨지요?” 하며 한 치각을 들여다보는 두 눈에는 눈물이 어 려 있다.\n",
		"passage_Cnt": 934
	},
	"Annotation": {
		"summary1": "경성 안의 여러 신문은 한 치각의 봉변한 기사를 보도하였고 방탕아의 말로라는 제목 밑에 한 치각의 평소 행동을 면밀히 조사해 색마성을 자세히 기재했다.",
		"summary2": null,
		"summary3": "그 날 저녁에 경성 안의 여러 신문은 일제히 한 치각의 봉변한 기사를 보도 하였다. ‘방탕아의 말로’라는 제목 밑에 한 치각의 색마성을 자세히 기재하고 그 끝에는 ‘사회가 제재한 통쾌한 철권’이라고 보도하였다. 특별히 현장의 광경을 본 것은 아니지마는 한 치각의 평일의 행동을 세밀히 조사한 결과가 이와 같은 진상을 보도하게 된 것이다.",
		"summary_3_cnt": 190
	}
}