{
	"Meta(Acqusition)": {
		"doc_id": "REPORT-literature-07374",
		"doc_category": "REPORT",
		"doc_type": "literature",
		"doc_name": "오리온과 능금",
		"author": "이효석",
		"publisher": null,
		"publisher_year": null,
		"doc_origin": "저작권위원회"
	},
	"Meta(Refine)": {
		"passage_id": "REPORT-literature-07374-07374",
		"passage": " “무엇이란 말요?” “무엇인 듯해요?” “글쎄 ⎯” 그러나 ‘나오미’ 는 거기서 곧 대답은 하지 않고 피곤한 듯한 손짓으로 이지러진 옷자락과 모양을 고치면서 탄식하였다. “하루에 열 시간 이상의 노동을 하려니까 피곤해서 못 곱겠어요.” “그러니까 부르짖게 되지요.” “십 시간 이상 노동 절대 반대 ⎯ 그러나 지내 보니까 이 속에는 한 사람 도 똑똑한 아이가 없어요. 결국 이런 곳의 조직의 필요성은 아직 제 시기에 이르지 못한 것 같아요.” “⎯ 그것은 그렇다고 해두고 지금 나에게 줄 것이 대체 무엇이란 말요?” “참, 드릴 것을 드려야지요.” 하면서 ‘나오미’ 는 새까만 원피스 주머니 속에 손을 넣었다. “일전에 제가 선생님께서 능금을 받았지요. ⎯ 그러니까 저도 능금을 드 려야지요.” 그의 바른손에는 한 개의 새빨간 능금이 들려 있었다. “능금?” “왜 실망하세요. 능금같이 귀한 것이 세상에 또 있을까요?” 동의를 구하려는 듯이 ‘나오미’ 는 나를 반듯이 바라보았다. “저 곳을 내려다보세요. 번잡한 거리에서 헤매이고 꾸물거리는 저 많은 사람들의 찾는 것이 결국 무엇일까요 ⎯ 한 그릇의 밥과 한 개의 능금이 아 닌가요. 번잡한 이 거리의 부감도(俯瞰圖)는 아름다운 능금의 탐색도(探索 圖)인 것 같아요.” 하면서 ‘나오미’ 는 거리로 향한 몸을 엇비슷이 틀면서 손에 든 능금을 높 이 쳐들었다. 두어 오리 흐트러진 머리카락과 옆얼굴의 윤곽과 부드러운 다 리와 손에 든 능금에 찬란한 석양이 반사되어 완연 그의 전신에서 황금빛 햇발이 발사되는 듯도 하여 그의 자태는 마치 능금을 든 이브와도 같이 성 스럽고 신비로운 한 폭의 그림같이 보였다.\n",
		"passage_Cnt": 816
	},
	"Annotation": {
		"summary1": "하루에 열 시간 이상의 노동을 하는 나오미가 대답은 하지 않고 피곤한 듯한 손짓으로 옷자락을 고치며 탄식했다. ",
		"summary2": null,
		"summary3": "“무엇이란 말요?” “무엇인 듯해요?” “글쎄 ⎯” 그러나 ‘나오미’ 는 거기서 곧 대답은 하지 않고 피곤한 듯한 손짓으로 이지러진 옷자락과 모양을 고치면서 탄식하였다. “하루에 열 시간 이상의 노동을 하려니까 피곤해서 못 곱겠어요.” “그러니까 부르짖게 되지요.” “십 시간 이상 노동 절대 반대 ⎯ 그러나 지내 보니까 이 속에는 한 사람 도 똑똑한 아이가 없어요.",
		"summary_3_cnt": 206
	}
}