{
	"Meta(Acqusition)": {
		"doc_id": "REPORT-literature-07666",
		"doc_category": "REPORT",
		"doc_type": "literature",
		"doc_name": "체향초",
		"author": "지하련",
		"publisher": null,
		"publisher_year": null,
		"doc_origin": "저작권위원회"
	},
	"Meta(Refine)": {
		"passage_id": "REPORT-literature-07666-07666",
		"passage": "산호리에 있는 오라버니는 삼히가 어렸을 적 유난히 따르든 오라버니일 뿐 아니라, 형제들 중 제일 몸이 약한 분인데다가 한때 불행(不幸)한 일로 해 서, 등을 상우고, 그래서 지금은 이렇게 시가지(市街地)와 떠러진 산 밑에 서 나무와 김생들을 기르고 날을 보내는 셈이다. 이러고 보니 어쩐지 이 오 라버니에게 대해서는 상구도 그의 감상벽(感傷癖)이 가시지를 않고, 그 어 덴지 차고 잠잠한 것 같은 생활표정(生活表情)이 이상하게 그의 마음에 언 잖음을 가저다 줄 뿐 아니라, 그 언잖은 마음은 또한 어렸을 적 그가 따르 든 것과는 달리, 별다른 의미의 관심을 가지게 해서, 이래서 이제는 그의 다정한 고향 바다와, 산과 들을 생각할 때마다, 먼저 나무와 꽃이 욱어지 고, 양(羊)과 도야지와 닭들이 살고 있는 양지바른 산호리, 그 축사(畜舍) 와 같은 적은 집에 살고 있는 얼골 흰 오라버니를 잊을 수는 없게 되었다.\n아무튼 그의 마음이 이러했기에 그랬던지, 그가 이리로 옴겨 왔을 때 오라 버니 뿐 아니라, 올케까지도 그를 즐겁힐 것이면 무었이던지 하려구 하였 다. 가든 날로 도배를 말장히 했고, 뜰에 놓인 나무토막이라든가, 철사나부 랭이도 죄다 치이게 하고, 또 삼히를 위해서 광선(光線)의 드라듦이 가장 알맞고, 바다가 잘 보히고 하는 이러한 좋은 조건을 가진 방을 그에게 주었 었다.\n처음 이 방에서 삼히는 정말 즐거웠다. 어쩌면 오월(五月)이 이처럼 오월 다울 수가 있고, 어쩌면 구름이 이처럼 한가할 수가 있단 말인가? 그런데 하나 이상한 것은, 이리로 온 후 날이 갈스록 그는 웬일인지, 점점 오라버니의 마음이 알 수 없어졌다. 전에 그렇게 상냥하든 오라버니가, 어 쩐 일로 몹시 까다롭고, 서먹서먹해 갔다.\n",
		"passage_Cnt": 852
	},
	"Annotation": {
		"summary1": "삼히가 옴겨왔을 때 오라버니와 올케는 무었이던지 해주려고 했고 처음엔 정말 즐거웠지만 그녀는 날이 갈수록 오라버니의 마음을 알 수 없게 되었다.",
		"summary2": null,
		"summary3": "아무튼 그의 마음이 이러했기에 그랬던지, 그가 이리로 옴겨 왔을 때 오라 버니 뿐 아니라, 올케까지도 그를 즐겁힐 것이면 무었이던지 하려구 하였 다. 처음 이 방에서 삼히는 정말 즐거웠다. 그런데 하나 이상한 것은, 이리로 온 후 날이 갈스록 그는 웬일인지, 점점 오라버니의 마음이 알 수 없어졌다.",
		"summary_3_cnt": 169
	}
}