{
	"Meta(Acqusition)": {
		"doc_id": "REPORT-literature-07695",
		"doc_category": "REPORT",
		"doc_type": "literature",
		"doc_name": "광공자",
		"author": "김동인",
		"publisher": null,
		"publisher_year": null,
		"doc_origin": "저작권위원회"
	},
	"Meta(Refine)": {
		"passage_id": "REPORT-literature-07695-07695",
		"passage": " 동궁의 대답은 간단하였다―. “늙은이 냄새가 역해서 안 갑니다.” 황희는 가슴이 서늘하였다. 부러 부리는 광태지만 좀 과한 말이었다. 임금 의 성격을 잘 아는 황희에게는, 이런 말이 임금께까지 가면 ‘폐사’는 둘 째 두고 어떤 일이 생겨날지 예측키 힘들므로서였다. 지인지 능(知人之能)이 있는 황희의 눈에 비친, 동궁과 충년대군 형제 분의 우열(優劣)은 막상막하 난형난제였다. 동궁의 현철하기나 충녕대군의 현철 하기나, 누가 더 낫고 누가 더 못하달 수 없으리만치 막상막하였다. 동궁의 위라 하는 것은 손쉽게 갈기 힘든 것이라, 약간쯤은 충녕대군이 우 승하다손 치더라도 신중히 일을 행하여야지, 경솔히 폐립하는 것은 부당한 것이어늘, 더구나 막상막하한 이 형제분을 단지 부왕 전하의 애증(愛憎)으 로써 변경하면 이는 말대까지 말썽을 남길 그릇된 일이다. 겉으로 광인을 가장하고 있는 이 동궁의 앞에, 황희는 묵연히 눈물만 흘리며 앉아 있었다. × 어느 무르익은 가을날이었다. 임금은 편전(便殿)에 좌어 하시고, 문무 재상들이 적지 않게 모여서 파탈하 고 한담들을 할 때였다. 이 사람의 이야기, 저 사람의 이야기― 순서 없이 귀를 기울이시며 밖을 내 다 보고 계시던 임금은, 저 편 금중(禁中) 감나무로 안정을 옮기셨다. 거기는 감나무 몇 그루가 있는데, 잎은 모두 떨어져서 성기게 된 나무에, 감 여름 만 새빨갛게 여러 알이 달려 있었다. 그런데 가마귀 몇 마리가 거기서 감을 쪼아 먹고 있다.\n",
		"passage_Cnt": 727
	},
	"Annotation": {
		"summary1": "임금의 성격을 잘 아는 황희는 늙은이 냄새가 역해서 안 간다고 과한 말을 하는 동궁의 대답에 가슴이 서늘하였다.",
		"summary2": null,
		"summary3": "동궁의 대답은 간단하였다―. “늙은이 냄새가 역해서 안 갑니다.” 황희는 가슴이 서늘하였다. 부러 부리는 광태지만 좀 과한 말이었다. 임금 의 성격을 잘 아는 황희에게는, 이런 말이 임금께까지 가면 ‘폐사’는 둘 째 두고 어떤 일이 생겨날지 예측키 힘들므로서였다.",
		"summary_3_cnt": 149
	}
}