{
	"Meta(Acqusition)": {
		"doc_id": "REPORT-literature-07305",
		"doc_category": "REPORT",
		"doc_type": "literature",
		"doc_name": "허영",
		"author": "홍난파",
		"publisher": null,
		"publisher_year": null,
		"doc_origin": "저작권위원회"
	},
	"Meta(Refine)": {
		"passage_id": "REPORT-literature-07305-07305",
		"passage": " 무슨 소리요? 도적질을 한다든지 남을 모해하는 것만 죄악인 줄 아오? 여 자의 몸으로 정조를 깨뜨리고 남의 일생을 그르치게 하고도 오히려 아무 죄 가 없다고 해요? 알아듣겠읍니다. 제가 저의 정조를 깨뜨렸는지 안 깨뜨렸는지 말씀할 필 요가 없습니다마는 설사 내가 정조를 깨뜨렸기로 우식씨의 일생에 무엇이 그다지 그릇될 일이야 있겠읍니까. 그러면 옥지는 남자의 정조라는 것은 모른단 말이요? 일시의 간교한 수 단으로 남자를 농락하여 그의 마음을 더럽게 하고도 지금 아무 책임이 없다 하니 나는 결코 그대로 있지는 못해요. 그러면 어떻게 하시렵니까? 그것이야 나 하고 싶은 대로 할 것이지요. 하고 싶은 대로 어떻게 해요? 지금이라도 나의 말을 들어서 나에게 온 몸과 온 마음을 허락하겠다면 모르겠거니와 그렇지 않으면 나는 내 몸이 부서지는 한이 있더라도 그대의 운명을 빼앗을 터이니 맘대로 하시오. 우식씨, 우식씨는 어찌하여 그다지도 비겁하십니까? 아까 편지하실 때에 무엇이라고 했어요? 증거 서류를 무조건으로 내어주마고 하지 않았어요? 물론 내어 주지요. 내어 주어요. 그렇지만 내 말을 종시 거절하는 자리 에는 결코 내어 주지 못해요. 그러니까 우식씨는 거짓말을 하신 것이지요? 거짓말? 그것은 다만 일시의 수단이어요. 옥지는 나를 끝끝내 못 생긴 놈으로만 알았읍니까? 그렇게 말씀하실 것이 아니라 우식씨는 당당한 대장부이시니까 저같은 여자에게 다소간 동정을 해 주셔야 하지 않습니까.\n",
		"passage_Cnt": 722
	},
	"Annotation": {
		"summary1": "우식은 옥지가 정조를 깨뜨리고 남의 일생을 그르치게 했다고 말했다.",
		"summary2": null,
		"summary3": "무슨 소리요? 도적질을 한다든지 남을 모해하는 것만 죄악인 줄 아오? 여 자의 몸으로 정조를 깨뜨리고 남의 일생을 그르치게 하고도 오히려 아무 죄 가 없다고 해요? 제가 저의 정조를 깨뜨렸는지 안 깨뜨렸는지 말씀할 필 요가 없습니다마는 설사 내가 정조를 깨뜨렸기로 우식씨의 일생에 무엇이 그다지 그릇될 일이야 있겠읍니까. 그러면 옥지는 남자의 정조라는 것은 모른단 말이요?",
		"summary_3_cnt": 212
	}
}