{
	"Meta(Acqusition)": {
		"doc_id": "REPORT-literature-07263",
		"doc_category": "REPORT",
		"doc_type": "literature",
		"doc_name": "참된 용자-9",
		"author": "연성흠",
		"publisher": null,
		"publisher_year": null,
		"doc_origin": "저작권위원회"
	},
	"Meta(Refine)": {
		"passage_id": "REPORT-literature-07263-07263",
		"passage": " “내가 지금 저 동산 꼭대기로 올라가 서서 있을 테니 쫓아 올라와서 나를 이 동산 아래로 밀쳐 떨어트려 보아라. 저기 있는 애들은 다 약해빠져서 나 하고 맞붙어 장난할 만한 애들이 못 된단 말이다. 그러니 나하고 한바탕 장 난이나 하고 가란 말이다.” 하고 삼보는 명남이의 멱살 잡았던 손을 놓았습니다. “나도 너같이 한가한 몸일 것 같으면 장난을 하고 가겠다마는 나는 잠시도 장난할 틈이 없다. 그러니 요담에 만나는 것이 좋겠다.” 하고 명남이는 슬슬 꽁무니 빼는 수작을 하였습니다. “이런 겁쟁이 녀석! 아마 나 하나를 당해낼 기운이 없는 게로구나. 그렇지만 오늘은 너를 그냥 놓아 보내지는 않을 테다.” 하고 삼보는 또다시 명남이의 멱살을 잡았습니다. “놓아 보내지 않으면 어쩔 테냐? 너는 얼마나 기운이 많은지는 모르겠다만 공연히 지나가는 사람을 붙잡고 이렇게 괴롭히는 것이 좋은 일인 줄 아느 냐?” 하고 명남이는 끝까지 점잖은 태도를 보였습니다.\n“그까짓 겁쟁이 수작은 그만두고 자, 나하고 한 번 싸워보자꾸나. 그까짓 골 생원 행세는 집어치워버리고 너도 싸움 싸울 줄 아는 사람이 되어 나중에 훌륭한 병정이 될 생각을 해라. 오늘은 병정 될 준비 겸 연습으로 나하고 한 번 싸우잔 말이다.” 하고 삼보는 억지로 명남이를 붙잡았습니다. “네 말처럼 어떤 나라를 물론하고 병정이 필요하지 않은 것은 아니지만 그 나라가 아무리 힘이 세다 하더라도 정의로는 것이 없으면 그 나라는 망하고 만다. 주먹 힘이나 팔 기운도 물론 잘 길러야 하겠지만 먼저 품성을 잘 길러 야 할 줄 안다. 그러니까 나는 싸움 연습 같은 것은 하기 싫다.” 삼보는 명남이의 말을 듣자마자 화가 나는 듯이 팔을 부 들거리면서 “건방진 수작일랑 그만두어 버려라. 너는 남이 연설하던 말 구절을 외워가 지고 온 모양이로구나. 너같이 주둥이만 놀릴 줄 아는 놈에게는 팔 기운을 좀 보여주어야 하겠다.” 하면서 명남이의 팔을 잡아끌고 동산 꼭대기로 올라갔습니다.\n",
		"passage_Cnt": 972
	},
	"Annotation": {
		"summary1": "삼보는 명남이의 멱살을 잡았던 손을 놓으며 자기가 지금 동산 꼭대기로 올라가 서서 있을 테니 쫓아와서 나를 아래로 밀쳐보라고 말했고 명남이는 한가하지 않다며 꽁무니를 뺐다.",
		"summary2": null,
		"summary3": "“내가 지금 저 동산 꼭대기로 올라가 서서 있을 테니 쫓아 올라와서 나를 이 동산 아래로 밀쳐 떨어트려 보아라. 저기 있는 애들은 다 약해빠져서 나 하고 맞붙어 장난할 만한 애들이 못 된단 말이다. 그러니 나하고 한바탕 장 난이나 하고 가란 말이다.” 하고 삼보는 명남이의 멱살 잡았던 손을 놓았습니다. “나도 너같이 한가한 몸일 것 같으면 장난을 하고 가겠다마는 나는 잠시도 장난할 틈이 없다. 그러니 요담에 만나는 것이 좋겠다.” 하고 명남이는 슬슬 꽁무니 빼는 수작을 하였습니다.",
		"summary_3_cnt": 272
	}
}