{
	"Meta(Acqusition)": {
		"doc_id": "REPORT-literature-07307",
		"doc_category": "REPORT",
		"doc_type": "literature",
		"doc_name": "유서",
		"author": "김동인",
		"publisher": null,
		"publisher_year": null,
		"doc_origin": "저작권위원회"
	},
	"Meta(Refine)": {
		"passage_id": "REPORT-literature-07307-07307",
		"passage": " 생각하다가 나는 호떡의 아내에게 가서 봉투를 써 달라려고 작정하였다. 이렇게 생각하고 곧(벌써 저녁때였지만) 호떡의 집을 찾아가서 ‘마님’을 찾았다. (이전 처녀 적에 한때 나를 퍽 러브하여 본)호떡의 아내는 나와서 나를 보고 얼굴이 새빨갛게 되며 어떻게 왔느냐고 물었다. 잠깐 무슨 부탁할 일이 있어서 왔노라니까 그는 얼굴을 더욱 붉히며 들어오라고 자기의 방 으로 인도하였다. “군(호떡)한테서 편지나 옵니까?” “하, 한 번 왔어요.” 그는 숨찬 듯한 소리로 대답하였다. 자기가 이전 한때 대단히 사모하였지 만 그때는 안 체도 안 하던 사람이 지금(남편이 어디 가 있는) 갑자기 혼자 서 찾아온 것이 그의 마음을 대단히 격동시킨 듯하였다. “자미 있게 지내노 랍디까?” “네, 퍽 자미나다구요. 선생님은 왜 안 가셨에요?” “나요?” 나는 그의 얼굴을 피하여 방바닥을 내려다보면서 대답하였다. “가면 무얼 합니까? 온정 안가도 몸이 철석(鐵石) 같은데……. 신혼생활 이 재미가 어때요?” 즉 그는 이제라도 얼굴에서 피가 쏟아질 이만큼 새빨갛게 되며 머리를 수그 리고 말았다. 나는 자미스러워서 한마디 더 보내어 보았다. “군은 비길 데 없이 재미난다는데요.” 그의 머리는 더욱 수그러졌다. 머리를 넘어서 보이는 목까지 새빨갛게 되 었다. 보이지는 않았지만 눈에서는 부끄러워서 눈물이 나오려고 하는 것까 지 알았다. 나는 이 사기 없고 사랑스러운 어린 여인을 너무 부끄럽게 한 것을 깨닫고 곧 나의 요구를 말하였다.\n",
		"passage_Cnt": 739
	},
	"Annotation": {
		"summary1": "호떡의 아내에게 봉투를 써 달라려는 생각으로 호떡의 집을 찾았는데 호떡의 아내는 새빨갛게된 얼굴로 어떻게 왔냐고 물었다.",
		"summary2": null,
		"summary3": "생각하다가 나는 호떡의 아내에게 가서 봉투를 써 달라려고 작정하였다. 이렇게 생각하고 곧(벌써 저녁때였지만) 호떡의 집을 찾아가서 ‘마님’을 찾았다. (이전 처녀 적에 한때 나를 퍽 러브하여 본)호떡의 아내는 나와서 나를 보고 얼굴이 새빨갛게 되며 어떻게 왔느냐고 물었다.",
		"summary_3_cnt": 154
	}
}