{
	"Meta(Acqusition)": {
		"doc_id": "REPORT-literature-07334",
		"doc_category": "REPORT",
		"doc_type": "literature",
		"doc_name": "악부자",
		"author": "백신애",
		"publisher": null,
		"publisher_year": null,
		"doc_origin": "저작권위원회"
	},
	"Meta(Refine)": {
		"passage_id": "REPORT-literature-07334-07334",
		"passage": " “흥. 있고말 고. 나는 이마가 좀 넓은 까닭에 머리가 있으면 좋다고 상장 이가 그러던 것을 — 깍고 보니 당장에 화가 미친단 말이야…….” “그럴거 요. 나도 저 —.” 경춘이도 자기가 ‘택부자’라고 불리게 되자 가난해졌다는 이야기를 하려 다가 갑자기 입을 다물고 말았다. 너무 근거 없고 엉터리없는 말같이 생각된 까닭이었다. “아이구 나는 내려가네. 자네는 어디 가는가.” 첨지는 궁둥이를 툴툴 털며 일어섰다. “네 — 잘 내려가소. 그런데 청이 하나 있습니다.” 경춘이는 아무래도 먼저 허락을 받는 것이 옳으리라고 생각이 다시 곳 어 듬으로 “솔잎사귀를 좀 따게 해주소.” 하며 덩달아 일어섰다. 첨지는 눈을 뚱글하게 뜨면 “솔잎사귀? 뭣하려나?” “아내가 다리를 앓는데 찜질해 주렵니다.” “음, 자네 안에서 또 다리를 앓나. 어데 솔잎이 무슨 약효가 있어야지.” “아니랍니다. 산꼭대기에선 만리풍 씌인 솔잎을 따다 찜질을 하면 좋다두 마.” 경춘이는 말을 미처 마치지 못하여 몹시 기침을 하였다. 첨지는 얼굴을 찌 푸리며 조금 생각하더니 “나무는 상하지 말고 조금 따가게나.” 하고는 슬금슬금 가 버렸다. “그 놈의 첨지 과연 이마때기는 대우도 벗겨졌다. 저 놈의 첨지는 턱이 짧으니까 늦고생을 하는 게지. 내 턱이 이렇게 길지 말고 저 놈의 첨지의 이마가 저렇게 넓지 말고 했으면 피차 오죽 좋겠나.” 경춘이는 산꼭대기로 올라가며 이렇게 중얼거렸다. 이마는 넓고 턱은 짧은 첨지, 이마는 좁고 턱은 긴 경춘이, 그는 되는 수만 있다면 둘이 한데 섞어 서 다시 알맞게 갈라 가지고 싶었다.\n",
		"passage_Cnt": 784
	},
	"Annotation": {
		"summary1": "내려가려고 궁둥이를 털며 일어나는 첨지에게 경춘이는 솦잎사귀를 따게 해달라며 허락을 구했다. ",
		"summary2": null,
		"summary3": "“아이구 나는 내려가네. 자네는 어디 가는가.” 첨지는 궁둥이를 툴툴 털며 일어섰다. “네 — 잘 내려가소. 그런데 청이 하나 있습니다.” 경춘이는 아무래도 먼저 허락을 받는 것이 옳으리라고 생각이 다시 곳 어 듬으로 “솔잎사귀를 좀 따게 해주소.” 하며 덩달아 일어섰다. 너무 근거 없고 엉터리없는 말같이 생각된 까닭이었다.",
		"summary_3_cnt": 184
	}
}