{
	"Meta(Acqusition)": {
		"doc_id": "REPORT-literature-07570",
		"doc_category": "REPORT",
		"doc_type": "literature",
		"doc_name": "어머니 삼제(三題)",
		"author": "김남천",
		"publisher": null,
		"publisher_year": null,
		"doc_origin": "저작권위원회"
	},
	"Meta(Refine)": {
		"passage_id": "REPORT-literature-07570-07570",
		"passage": " “그럼 내 낯 닦고 잠시 다녀나 오죠.” 태권이는 세수를 하고 아침은 다녀나 와서 먹겠다고 그대로 양복을 입고 경 관을 따라 윗거리로 올라갔다. 어머니는 두 사람이 의좋게 대문을 나서는 것을 보고 다소 안심이 되었다.\n그러나 집안은 설뚱해서 불안한 공기가 떠돌고 있었다. 한 30분 지난 뒤에, 비가 제법 소리를 내어서 쏟아지기 시작할 무렵인데 아들 태권이는 경찰서에서 돌아왔다. 그러나 그의 뒤에는 각반까지 깍듯이 올려친 정복 경관이 따라 서 있었다. 그리고 대문 밖에는 평양 가는 승합 자동차가 머물러 있었다. 태권이는 평양으로 가는 것이다. “평양서 볼 일이 있다구 기별이 와서 지금 함께 자동차루 나갑니다.” 침착한 듯하였으나 얼굴은 어딘가 해쓱해진 것 같고, 목소리도 그럴싸해서 그런지 가느다랗게 떨리는 것 같았다. 어머니는 벌써 당황해서 침착성을 잃어버렸다. 호송가는 정복 순사는 이 고을 출신이어서 그는 대문에 들어서자, “어머니 날 새 안녕하십니까.” 하고 인사를 하였으나, 어머니는 인사도 변변히 받지 못하고, 아니 그것이 인사인지 또 인사를 하는 사람이 누구인지도 딱히 모르는 사람처럼, 방석을 들고 나오더니, “나리 여기 좀 앉으십시오. 우리 아이가 아직 조반을 먹지 못했는데 무어 좀 국물이래두 따끈히 먹여 보내게, 나리 좀, 잠시 동안만 지체해주십시 오.” 경관의 얼굴도 쳐다보지 않고 연해 허리를 굽실거렸다. 그러고는 집안 사 람뿐 아니라 당자인 경관까지 당황해 있는 가운데서, “얘애 너 뭘 보구 그렇게 멍청하니 서 있니. 어서 상 차려 내와야지.” 하고 부엌을 향하여 핀잔조로 말하였다.\n",
		"passage_Cnt": 794
	},
	"Annotation": {
		"summary1": "어딘가 해쓱해진 얼굴과 떨리는 듯한 목소리로 평양서 볼 일이 있어 나간다는 태권이 뒤에 정복 경관이 따르자 어머니는 당혹스러워했다.",
		"summary2": null,
		"summary3": "그러나 그의 뒤에는 각반까지 깍듯이 올려친 정복 경관이 따라 서 있었다. 태권이는 평양으로 가는 것이다. “평양서 볼 일이 있다구 기별이 와서 지금 함께 자동차루 나갑니다.” 침착한 듯하였으나 얼굴은 어딘가 해쓱해진 것 같고, 목소리도 그럴싸해서 그런지 가느다랗게 떨리는 것 같았다. 어머니는 벌써 당황해서 침착성을 잃어버렸다.",
		"summary_3_cnt": 186
	}
}