{
	"Meta(Acqusition)": {
		"doc_id": "REPORT-literature-07460",
		"doc_category": "REPORT",
		"doc_type": "literature",
		"doc_name": "왕부의 낙조",
		"author": "김동인",
		"publisher": null,
		"publisher_year": null,
		"doc_origin": "저작권위원회"
	},
	"Meta(Refine)": {
		"passage_id": "REPORT-literature-07460-07460",
		"passage": "편조는 딱하였다.\n어떻게 하면 이 왕으로 하여금 조금이라도 마음을 돌려서 수라를 진어케 하나.\n공주 승하한 뒤에는, 마치 산 송장으로 자처하는 이 왕을 어떻게 하면 잠시라도 인간다운 감성과 감각을 회복하도록 하게 하나.\n본시부터 공주 한 사람만을 사랑하고 다른 여인을 눈 거듭떠보지 않던 왕이라 공주 승하한 뒤부터는 여인이란 여인은 모두 악마로만 보는 모야이었다.\n이번 공주 승하한 뒤로는, 왕은 모두 아리따운 후궁들까지도 악마같이 보았다. 공주 이미 없는 이 세상에, 다른 계집들은 어째서 존재하느냐, 저런 계집들은 왜 살아 있고 공주는 왜 없어졌느냐. 이러한 마음으로써 여인들을 빈전 가까이는 얼씬도 하지 못하게 하였다. 공주 승하하였는지라 당연한 순서로 인젠 왕후의 자리에 오르게 된 '혜비 이씨'가 빈전에 들어오다가 왕에게 쫓겨 난 이래로 이 빈전에는 여인이라고는 왕의 모후되는 명덕태후 한 사람이 들어오는 뿐, 다른 여인은 얼씬하지를 못하였다.\n지금에 있어서 가장 근심되는 것은 왕의 건강이었다.\n벌써 팔구 일간을 수라를 진어치 않았으매 어떻게 하여서든 수라반을 대하게 하도록 하는 것이 제일 급무였다.\n수라를 권키 위하여, 왕께 생자필멸의 이치를 강조하던 편조는 이 돌부처와 같은 왕을 우러러보며 잠시 가만 있다가 한 걸음 무릎으로 나아가서 왕의 딱 맞은편에 앉았다.\n\"전하!\" \"…….\" \"전하!\" 편조는 왕의 양 손(무릎 위에 합장하고 있는)을 꽉 잡았다. \"전하! 전하!\" \"대사―.\" 왕은 비로소 입을 열었다. 그러나 이것은 폭발하려는 통곡의 그 서곡이었다. 대사― 한 마디 부른 뿐 왕은 체면을 내던지고 당신의 손을 뽑아서 얼굴을 덮고 울었다.\n",
		"passage_Cnt": 820
	},
	"Annotation": {
		"summary1": "왕은 공주가 승하한 뒤로 다른 계집들은 왜 존재하냐며 모든 후궁들을 악마같이 보고 얼씬도 못하게 하였다.",
		"summary2": null,
		"summary3": "공주 이미 없는 이 세상에, 다른 계집들은 어째서 존재하느냐, 저런 계집들은 왜 살아 있고 공주는 왜 없어졌느냐. 이러한 마음으로써 여인들을 빈전 가까이는 얼씬도 하지 못하게 하였다. 이번 공주 승하한 뒤로는, 왕은 모두 아리따운 후궁들까지도 악마같이 보았다.",
		"summary_3_cnt": 147
	}
}