{
	"Meta(Acqusition)": {
		"doc_id": "REPORT-literature-07283",
		"doc_category": "REPORT",
		"doc_type": "literature",
		"doc_name": "마음의 꽃",
		"author": "방정환",
		"publisher": null,
		"publisher_year": null,
		"doc_origin": "저작권위원회"
	},
	"Meta(Refine)": {
		"passage_id": "REPORT-literature-07283-07283",
		"passage": "마음의 꽃 옛날 옛적 어느 나라에 어질고 착하신 나라님이 한 분 계셨습니다.\n그 나라님이 다스리고 계신 나라는 그리 넓지는 아니한 조그마한 나라였으 나 경치든지 무어든지 그린 , 그림같이 아름답고 깨끗한 좋은 나라였습니다.\n그리고, 토지가 몹시 기름져서 곡식이 잘 되므로, 일반 백성들은 늘 좋은 옷을 입고, 늘 좋은 음식을 먹고 놀면서 일이라고는 1년에 봄과 가을, 두 번밖에는 하지 않았습니다. 그러면서도, 모두들 부자 살림을 할 뿐이요, 구 차하게 지내는 사람은 별로 없었습니다. 그래서 백성들은 참말로, 우리 나라님이 덕이 많으셔서 하느님께서 특별히 우리 나라를 보호해 주신다고 생각하면서, 우리는 유독하게 하느님의 총애 를 받는 백성이라 생각하면서, 결코 다른 곳 일은 알려고도 아니하고, 알아 야 소용도 없어, 평화롭게 그 나라 안에서만 태평 세월을 보내고 있었습니 다. 그렇게 백성들이 부자롭게 지내는 것이 나라님 마음에는 대단히 기꺼운 일이었습니다. 그러나, 그 대신 다른 좋은 일이나 지식이 적고, 다만 돈 많 은 것을 제일로 알고, 돈만 많으면 귀하고 좋은 줄 아는 것을 나라님께서는 늘 심려하시며 걱정하시는 일이었습니다. 쌀쌀하고 춥던 겨울이 지나가고, 따뜻한 봄이 이 조그마한 평화로운 나라 에도 왔습니다. 새파란 바다 위를 봄철이 건너와서 언덕과 수풀에 말쑥말쑥 한 새파란 싹이, 의논한 듯이 일시에 나뭇가지에 솟아서 따뜻한 해님을 향 하고 움쩍 움쩍 자라기 시작하였습니다.\n",
		"passage_Cnt": 727
	},
	"Annotation": {
		"summary1": "어질고 착한 나라님의 땅은 몹시 기름져 백성들이 모두 구차함 없이 부자 살림을 할 뿐이었다.",
		"summary2": null,
		"summary3": "옛날 옛적 어느 나라에 어질고 착하신 나라님이 한 분 계셨습니다. 그리고, 토지가 몹시 기름져서 곡식이 잘 되므로, 일반 백성들은 늘 좋은 옷을 입고, 늘 좋은 음식을 먹고 놀면서 일이라고는 1년에 봄과 가을, 두 번밖에는 하지 않았습니다. 그러면서도, 모두들 부자 살림을 할 뿐이요, 구 차하게 지내는 사람은 별로 없었습니다.",
		"summary_3_cnt": 185
	}
}