{
	"Meta(Acqusition)": {
		"doc_id": "REPORT-literature-07600",
		"doc_category": "REPORT",
		"doc_type": "literature",
		"doc_name": "나의시베리아방랑기",
		"author": "백신애",
		"publisher": null,
		"publisher_year": null,
		"doc_origin": "저작권위원회"
	},
	"Meta(Refine)": {
		"passage_id": "REPORT-literature-07600-07600",
		"passage": " 무서운 것은 인간이다. 이 세상에 도대체 무엇이 인간보다 더 무섭다고 할 수 있을까! 나는 드디어 병사가 가르쳐준 농가에 당도할 수 있었다. 누가 이런 나를 잠자리라고 부를 수 있을까! 그 농가에서는 나를 진심으로 위로해주어 그제야 겨우 살았다는 느낌이 들었다. 몸과 얼굴은 꽁꽁 언데다 긁혀서 까지고 부딪혀 멍이 들어 꼭 문둥이 같 았다. 밤은 무시무시한 북풍 소리와 함께 깊어갔다. 나는 온 몸이 아파 이리저리 뒤척이며 끙끙댈 뿐 자는 것은 생각도 할 수 없었다. “또각또각.” 바람 소리 속에 말발굽 소리가 들려왔다. “그 병사다!” 나는 직감적으로 알아차리고 일어나 다리를 끌며 밖으로 나왔다. “야!” 틀림없는 그 병사였다. 그는 말에서 내리자 내 어깨를 쓰다듬으며 몹시 기뻐해주었다. 그는 밀항자를 국외로 추방해야 하는 자신의 임무를 어긴 것이다. 그날 밤 병사는 농가주인과 보드카를 마시며 재미있게 이야기를 나누고 나를 꼭 잘 부탁한다고 당부를 하고는 새벽에 떠나가버렸다. 나는 눈물을 흘리며 그에게 감시를 전하고 작별했다. 숲 저편으로 떠오르는 아침 해를 받으며 우물물을 걷고 달을 바라보며 들 똥을 누고……그러는 사이 한 달이 지나가버렸다. 농가 주인의 호의로 여권을 얻을 수가 있었다. 나는 ‘쿠세레야 김’ 이라 는 이름으로 다시 블라디보스토크로 들어갈 수 있었다. 배에서 내려 사람 물결에 휩쓸리며 도시 입구에 서자 양두마차 이것이 포 ( 장마차이리라.) 가 달려가는 것이 정말로 러시아다운 느낌이었다.\n",
		"passage_Cnt": 742
	},
	"Annotation": {
		"summary1": "이리저리 뒤척인 나는 말발굽 소리에 직감적으로 그 병사라는 것을 알아차리고 밖으로 나왔다.",
		"summary2": null,
		"summary3": "나는 온 몸이 아파 이리저리 뒤척이며 끙끙댈 뿐 자는 것은 생각도 할 수 없었다. “또각또각.” 바람 소리 속에 말발굽 소리가 들려왔다. “그 병사다!” 나는 직감적으로 알아차리고 일어나 다리를 끌며 밖으로 나왔다.",
		"summary_3_cnt": 122
	}
}