{
	"Meta(Acqusition)": {
		"doc_id": "REPORT-literature-07690",
		"doc_category": "REPORT",
		"doc_type": "literature",
		"doc_name": "큰 수수께기",
		"author": "김동인",
		"publisher": null,
		"publisher_year": null,
		"doc_origin": "저작권위원회"
	},
	"Meta(Refine)": {
		"passage_id": "REPORT-literature-07690-07690",
		"passage": " 순이는 얼른 물을 독에 부은 뒤에 방 안으로 뛰어들 어와 거울을 보았다.\n그러나 얼굴에는 흙도 먼지도 묻지 않았다. 순이는 수건으로 얼굴을 한 번 씻은 뒤에 다시 동이를 이고 우물로 갔다. 순이가 동이에 물을 길어가지고 머리에 이려 할 때에 뒤에서 딱하니 혀를 치는 소리가 들렸다. 돌아다보니 뒤에는 베 장수가 얼굴에 웃음을 담아가지고 서 있었다. ‘귀찮은 녀석이다.’ 이렇게 생각하며 순이도 조금 웃어 보였다. 그런 뒤에 못 할 짓을 한 듯이 황망히 동이를 이고 집으로 돌아왔다. 그의 집 뒤뜰에는 세 그루의 복사나무에 꽃이 만개되어 있었다. 집으로 돌아온 순이는 동이의 물을 처분한 뒤에 정신 나간 사람같이 뒤뜰로 나가서 우두커니 서 있었다. ‘봄날도 좋기도 하다.’ 이런 생각이 때때로 그의 마음을 스치고 지나갔다. 그러나 그 생각이 그로 하여금 이렇듯 뜰에 서 있게 한 바가 아니었다. 그러면 그의 마음을 지배한 것은 무엇? 그것은 순이도 몰랐다. 그것은 봄날의 탓일까? 그것은 젊음의 탓일까? 그것은 베 장수의 탓일까? 그것은 나무에서 죄죄거리는 새들의 탓일까? 순이는 알 수 없었지만 몹시도 근심스럽고도 상쾌한 듯한 생각은 그의 마음을 이리 주물고 저리 주물렀다. “저녁 안 짓나?” 남편이 그의 등 뒤에 와서 어깨를 툭 친 때에도 그는 한순간 깜짝 놀랄 뿐 더 움직이지를 않았다. 이전과 같으면 에이구 놀랐다, 하면서 정도 이상의 놀람과 애교와 원망을 남편의 위에 던질 그였지만 이번에는 억지로 조금 웃음을 얼굴에 나타냈을 뿐이었다.\n",
		"passage_Cnt": 755
	},
	"Annotation": {
		"summary1": "순이는 세 그루의 복사나무가 있는 뒤뜰에서 상쾌하고도 근심스러운 생각으로 우두커니 서 있었다.",
		"summary2": null,
		"summary3": "그의 집 뒤뜰에는 세 그루의 복사나무에 꽃이 만개되어 있었다. 집으로 돌아온 순이는 동이의 물을 처분한 뒤에 정신 나간 사람같이 뒤뜰로 나가서 우두커니 서 있었다. 순이는 알 수 없었지만 몹시도 근심스럽고도 상쾌한 듯한 생각은 그의 마음을 이리 주물고 저리 주물렀다.",
		"summary_3_cnt": 151
	}
}