{
	"Meta(Acqusition)": {
		"doc_id": "REPORT-literature-07417",
		"doc_category": "REPORT",
		"doc_type": "literature",
		"doc_name": "망국인기",
		"author": "김동인",
		"publisher": null,
		"publisher_year": null,
		"doc_origin": "저작권위원회"
	},
	"Meta(Refine)": {
		"passage_id": "REPORT-literature-07417-07417",
		"passage": " 전쟁이 끝난 뒤, 우리 민족의 운명, 어찌될 것은 예측할 바 없지만, 그사 이 여러 해 전쟁을 겪느라고 극도로 곤궁하고, 저축의 여유도 못 가졌던 우 리의 작가들은, 갑자기 이런 혼란 시기에 봉착하면 그야말로 어찌할 바를 모를 것이오. 그러한 우리의 작가들이, 2만원씩만 받아 쥐면 그래도 나라 가 정돈되기까지는 무사히 지낼 수가 있을 것이오. 춘원의 패트런도 50만원을 이렇게 썼다 하면 과히 나무라지도 않을 것이 오. 어서 이 등 모가 강원도에서 돌아오면 그와 의논하여 양해를 얻어서 작가 단 을 조직하고……. 그 이 등 모는 4월 열나흗날에야 돌아왔소. 그러나 뜻밖에도 그는 작가 단에 대하여 절대 반대를 하는 것이었소. ‘문인 보국회’의 중심을 이룩하는 소설 작가만 뽑아낸다면 문인 보국회 는 무력화하고 유명무실하게 되어 문인 보국회의 이사장의 입장으로는 절대 찬성할 수 없다 하는 것이었소. 이 완고에 도저히 대적할 수가 없어서, 다시 정보과장과 교섭하기로 그날 은 그만치 하고, 이튿날 다시 총독부 정보과장실로 아부를 만나러 갔었소. 운명의 8월 보름날. 고관들 중에는 벌써 항복하기로 내정된 것을 암 직한 데도 불구하고 아부는 그날 내색도 비치지 않고 시치미를 딱 떼고, “이 등 이사장이 양해할 수 없다면 총독부 당국으로도 할 수 없다.” 는 것이었소. 토론은 차차 격론으로 화하여, ‘이 등, 이 같은 무능한 늙은 이의 비위를 거슬리지 않기 위하여 이렇듯 굴하니 이게 무슨 일이냐. 일 소까지 개전되어 일본의 운명이 풍전등화 같은 이 찰나에, 조선 2,600만 인 구의 마음에 티끌만 한 만족이라도 어서 주어서 조선의 환심을 조금이라도 더 붙들어라. 도대체 긁어 부스럼으로, 가망 없는 조선어 박멸 정책을 써서 조선인의 반격심만 조장해떼어 너희들도 대체 위정가냐’고 책상을 두드리 며 그에게 육박하였소.\n",
		"passage_Cnt": 908
	},
	"Annotation": {
		"summary1": "4월 열나흗날에야 돌아온 이등모는 문인 보국회의 중심을 이룩하는 작가만 뽑으면 문인 보국회가 유명무실하게 된다며 작가 단에 대하여 절대 반대를 한다.",
		"summary2": null,
		"summary3": "그 이 등 모는 4월 열나흗날에야 돌아왔소. 그러나 뜻밖에도 그는 작가 단에 대하여 절대 반대를 하는 것이었소. ‘문인 보국회’의 중심을 이룩하는 소설 작가만 뽑아낸다면 문인 보국회 는 무력화하고 유명무실하게 되어 문인 보국회의 이사장의 입장으로는 절대 찬성할 수 없다 하는 것이었소.",
		"summary_3_cnt": 161
	}
}