{
	"Meta(Acqusition)": {
		"doc_id": "REPORT-literature-07467",
		"doc_category": "REPORT",
		"doc_type": "literature",
		"doc_name": "청해의 객",
		"author": "김동인",
		"publisher": null,
		"publisher_year": null,
		"doc_origin": "저작권위원회"
	},
	"Meta(Refine)": {
		"passage_id": "REPORT-literature-07467-07467",
		"passage": "일찍이 흥덕왕은 왕위에 오르기 전에 장화(章和)부인이라는 사랑하는 배필 이 있었다. 흥덕왕이 왕위에 오르자, 부인은 ‘왕후’의 영화를 누려볼 겨 를도 없이 불행히 승하하였다.\n장화부인을 끔찍이 사랑하던 왕은 부인 떠난 뒤 다시 새 왕후를 맞지 않 고, 먼저 간 장화부인을 사모하는 쓸쓸하고 애타는 왕생애를 십일 년 간 보 내다가, 당신도 부인의 뒤를 따른 것이었다.\n그런지라 적(嫡)출 왕자가 없었다. 따라서 왕이 승하하면 국가적으로 뒤를 이을 주인이 없었다. 왕족 중에서 가장 가깝고 영특한 분을 모시어다가 위 를 맡길밖에 없었다. 왕후라도 있으면, 이 중임의 일부를 의논이라고 할 것 이나, 이 왕께는 왕후도 없었다. 가까운 종친으로는 당제(堂弟) 상대등(上 大等) 김균정(金均貞)과 균정의 아들 시중(侍中) 우징(祐徵) 및 또다른 당 제(堂弟)의 아들 김제륭(金悌隆)(제륭의 아버지는 세상 떠났다)이 있었다.\n김균정과 우징의 부자, 김제륭―이렇게가 가까운 종친이었다. 따라서 흥덕 왕이 승하하면, 김균정과 김제륭 가운데 후계 임금이 날 것이었다. 균정이 나 제륭이나 둘 가운데 한 사람이 양보하지 않으면 당연히 왕위계승의 쟁탈 전이 벌어질 것이었다.\n태종무열왕의 2세 손이요, 이 나라 가장 명문의 하나인 김양(金陽)은, 흥 덕왕 승하 때에 무주도독(武州都督)으로 임지(任地)에 있었다.\n국왕 승하의 슬픈 보도를 받고 그는 서울로 달려 올라왔다. 현왕 승하하면 당연히 왕위계승의 문제로 분쟁이 일어날 것을 짐작하고, 거기 한 팔 쓰려고 달려온 것이었다.\n",
		"passage_Cnt": 761
	},
	"Annotation": {
		"summary1": "장화부인을 끔찍이 사랑하던 흥덕왕은 부인이 승하한 후 다시 새 왕후를 맞지 않고 십일 년 간 보내다가 부인의 뒤를 따랐다.",
		"summary2": null,
		"summary3": "장화부인을 끔찍이 사랑하던 왕은 부인 떠난 뒤 다시 새 왕후를 맞지 않 고, 먼저 간 장화부인을 사모하는 쓸쓸하고 애타는 왕생애를 십일 년 간 보 내다가, 당신도 부인의 뒤를 따른 것이었다. 흥덕왕이 왕위에 오르자, 부인은 ‘왕후’의 영화를 누려볼 겨 를도 없이 불행히 승하하였다.",
		"summary_3_cnt": 158
	}
}