{
	"Meta(Acqusition)": {
		"doc_id": "REPORT-literature-07696",
		"doc_category": "REPORT",
		"doc_type": "literature",
		"doc_name": "행랑자식",
		"author": "나도향",
		"publisher": null,
		"publisher_year": null,
		"doc_origin": "저작권위원회"
	},
	"Meta(Refine)": {
		"passage_id": "REPORT-literature-07696-07696",
		"passage": "아범은 문 밖으로 나갔다. 그러더니 다시 들어오며, “삼태기 어쨌니? 응, 삼태기?” 하며 안팎으로 들락날락하는 서슬에 안부엌에서 어멈이 설거지를 하면서, “왜 아까 진태가 마당을 쓴다고 가지고 나갔는데.” 하고, “걔더러 물어 보구려.” 한다. 아범은 화가 나는 듯이, “그런 데 쭉쭉 울고 있으니 무엇이라고 그랬나?” 하며 어멈을 본다.\n그러자 안마루에서 마님이 무엇을 보다가 운다는 소리를 듣더니 미안한 생각이 났던지, “아까 눈인가 무엇인가 친다고 나리마님 발등에다가 눈을 쏟아뜨렸다네. 그래서 어멈이 말 마디나 한 것인 게지.” 아범의 눈은 실룩해졌다. 그리고는 잡아먹을 짐승에게 덤비려는 호랑이 모양으로 고개가 쓱 내밀리더니 어깨가 으쓱 올라간다. 그리고는 아무 말 없이 바깥 행랑으로 나간다.\n바깥으로 나온 아범은 다짜고짜로 방문을 열어 젖뜨렸다. 그의 생각에는 주인나리의 발등 에 눈 엎은 것은 외려 둘째이다. 삼태기 하나 잃어버린 것이 자기 자식을 쳐죽이고 싶도록 아깝고 분하고 망할 자식이다.\n“이 녀석.” 자기 아들을 움켜잡았다.\n“이리 나오너라.” 진태는 두 손 두 다리를 가슴에다 모으고서 발발 떨면서 자기 아버지만 쳐다본다.\n“이 망할 자식, 울기는 애비를 잡아먹었니, 에미를 잡아먹었니? 식전아침부터 홀짝홀짝 울게.” 하더니 돌덩이 같은 주먹이 그의 등줄기를 보기 좋게 울리었다.\n“에그 아버지, 에그 아버지.” 하며 볶아치는 소리가 줄을 대어 나왔으나 그 뒷말은 없었다. 매를 맞는 진태도 잘못했습 니다를 조건 없이할 수는 없었다.\n",
		"passage_Cnt": 762
	},
	"Annotation": {
		"summary1": "아범은 삼태기를 잃어버린 자식에게 화가 나서 매질을 했다.",
		"summary2": null,
		"summary3": "아범은 화가 나는 듯이, “그런 데 쭉쭉 울고 있으니 무엇이라고 그랬나?” 하며 어멈을 본다. 삼태기 하나 잃어버린 것이 자기 자식을 쳐죽이고 싶도록 아깝고 분하고 망할 자식이다. 매를 맞는 진태도 잘못했습 니다를 조건 없이할 수는 없었다. 바깥으로 나온 아범은 다짜고짜로 방문을 열어 젖뜨렸다.",
		"summary_3_cnt": 168
	}
}