{
	"Meta(Acqusition)": {
		"doc_id": "REPORT-literature-07487",
		"doc_category": "REPORT",
		"doc_type": "literature",
		"doc_name": "젊은 날의 한 구절",
		"author": "채만식",
		"publisher": null,
		"publisher_year": null,
		"doc_origin": "저작권위원회"
	},
	"Meta(Refine)": {
		"passage_id": "REPORT-literature-07487-07487",
		"passage": " 사세가 그러나 불리함을 알아채고는 붙잡히지 않으려고 마당 가운데로 우 선 도망빼기를 잊지 않는다. 요년, 요년 벼르면서 도저히 붙잡을 가망은 없이 뒤를 쫓고, 어머니 다신 안 그러께 다신 하면서 빌며 웃으며 연방 피해 달아나고, 거기에 두식이 활 개를 쩌억 벌이고는 앞장을 지르면서 몰아주고…… 용이히 붙잡지 못하는 것을, 보고 있던 도영과 윤달이 나도 나도 한꺼번에 가세를 하고 나선다. 소진은 등의자로 도로 가 앉아서, 그들의 장난질이 시끄런 줄을 모르겠고, 차라리 재미스러 얼굴엔 미소가 가득히 드러나 마지않는다. 좁은 울안인데 원체 돌이꾼이 많아놔서, 그래 마당으로 장독대 뒤로 마루 로 안방 건넌방으로 우당퉁탕 한동안 더 닥개비질은 하고 다니다가 필경 마 루 한복판에서 어머니한테 붙들리고라야 말았다. 꾼들 셋은, 방금 남수가 당하는 형벌 구경을 즐기느라고 대뜰로 주욱 늘어 섰고. 남수는 펄씬 주저앉아 어머니의 아랫도리를 얼싸안고는 애기처럼 “엄마야! 다신 안 그래! 엄마!” 하면서 어리광을 부린다. “요년!……” 강씨 노인은, 엉성하니 부챗살같이 손바닥을 편 팔을 잔뜩 쳐들고는…… “……넥 요년!” “때리니 마아! 엄마아……” “요년!” “다신 안 그리께, 엄마……” “아, 요년!” “한 번만 때린다믄 내 맞지?” “요년을……” “다신 안 그래, 엄마!” “넥 요년!” 딸의, 꼭 엉덩짝을 겨냥해 찰싹찰싹 붙여 주려고만 연신 벼르던 것이나, 요리 꼬는다 치면 조리 피하고 조리 겨눈다 치면 요리 배틀고, 자꾸만 이래 싸서 한 번도 따악 때릴 틈이 나질 않았다.\n",
		"passage_Cnt": 773
	},
	"Annotation": {
		"summary1": "도영과 윤달이 한꺼번에 가세를 하고 나서자 소진은 등의자에 앉아서 그들의 장난질이 재미있어 미소가 가득히 드러났고 남수는 어머니의 아랫도리를 얼싸안고는 어리광을 부린다.",
		"summary2": null,
		"summary3": "남수는 펄씬 주저앉아 어머니의 아랫도리를 얼싸안고는 애기처럼 “엄마야! 다신 안 그래! 엄마!” 하면서 어리광을 부린다. 소진은 등의자로 도로 가 앉아서, 그들의 장난질이 시끄런 줄을 모르겠고, 차라리 재미스러 얼굴엔 미소가 가득히 드러나 마지않는다. 용이히 붙잡지 못하는 것을, 보고 있던 도영과 윤달이 나도 나도 한꺼번에 가세를 하고 나선다.",
		"summary_3_cnt": 195
	}
}