{
	"Meta(Acqusition)": {
		"doc_id": "REPORT-literature-07273",
		"doc_category": "REPORT",
		"doc_type": "literature",
		"doc_name": "노다지",
		"author": "김유정",
		"publisher": null,
		"publisher_year": null,
		"doc_origin": "저작권위원회"
	},
	"Meta(Refine)": {
		"passage_id": "REPORT-literature-07273-07273",
		"passage": "“이게 일터면 노눈 건가!” 어두운 구석에서 어떤 놈이 이렇게 쥐어박는 소리를 하는 것이다. 제딴은 욱기를 보이느라 고 가래침을 배앝는다.\n“그럼.” 꽁보는 하 어이없어서 그쪽을 뻔히 바라보았다. 이건 우리가 늘 하는 격식인데 이제 와서 새삼스럽게 게정을 부릴 것이 아니다.\n“아니, 요게 내 거야?” “그럼 누군 감벼락을 맞았단 말인가?” “아니, 이 구덩이를 먼저 낸 것이 누군데 그래?” “누구고 새고 알 게 뭐 있나, 금 있으니 땄고, 땄으니 노났지!” “알 게 없다? 내가 없어도 느가 왔니? 이 새끼야?” “이런 숭맥 보래, 꿀되지 제 욕심 채기로 너만 먹자는 거야?” 바로 이 말에 자식이 욱하고 들이 덤볐다. 무지한 두 손으로 꽁보의 멱살을 잔뜩 움켜쥐고, 흔들고 지랄을 한다. 꽁보가 체수가 작고 좀팽이라 쳐들고 한창 얕본 모양이다. 비를 맞아 가며 숨이 콕 막히도록 시달리니 꽁보도 화가 안 날 수 없다. 저도 모르게 어느 덧 감석을 손에 잡자 놈의 골통을 패뜨렸다. 하니까, 이놈이 꼭 황소같이 식, 하더니 꽁보 를 피언한 돌 위에다 집어 때렸다. 그리고 깔고 앉더니 대뜸 벽채를 들어 곁갈빗대를 힉, 하 도록 아주 몹시 조겼다. 죽질 않기만 다행이지만 지금도 이게 가끔 도지어 몸을 못 쓰는 것 이다. 담에는 왼편 어깨를 된통 맞았다. 정신이 다 아찔하였다. 험하고 깊은 산속이라 그대 로 죽여 버릴 작정이 분명하다. 세 번째에는 또다시 가슴을 겨누고 내려올 제, 인제는 꼬박 죽었구나 하였다. 참으로 지긋지긋하고 아슬아슬한 순간이었다. 그때 천행이랄까 대문짝 처럼 크고 억센 더펄이가 비호같이 날아들었다. 자분참 그놈의 허리를 뒤로 두 손에 쥐어 들더니 산비탈로 내던져 버렸다. 그놈은 그때 살았는지 죽었는지 이내 모른다. 꽁보는 곧 바로 감석과 한꺼번에 더펄이 등에 업히어 마을로 내려왔던 것이다.\n",
		"passage_Cnt": 909
	},
	"Annotation": {
		"summary1": "자식이 덤벼들며 꽁보의 멱살을 두 손으로 움겨쥐고 지랄을 한다.",
		"summary2": null,
		"summary3": "“아니, 요게 내 거야?” “그럼 누군 감벼락을 맞았단 말인가?” “아니, 이 구덩이를 먼저 낸 것이 누군데 그래?” “누구고 새고 알 게 뭐 있나, 금 있으니 땄고, 땄으니 노났지!” “알 게 없다? 내가 없어도 느가 왔니? 이 새끼야?” “이런 숭맥 보래, 꿀되지 제 욕심 채기로 너만 먹자는 거야?” 바로 이 말에 자식이 욱하고 들이 덤볐다. 무지한 두 손으로 꽁보의 멱살을 잔뜩 움켜쥐고, 흔들고 지랄을 한다",
		"summary_3_cnt": 233
	}
}