{
	"Meta(Acqusition)": {
		"doc_id": "REPORT-literature-07327",
		"doc_category": "REPORT",
		"doc_type": "literature",
		"doc_name": "분녀(粉女)",
		"author": "이효석",
		"publisher": null,
		"publisher_year": null,
		"doc_origin": "저작권위원회"
	},
	"Meta(Refine)": {
		"passage_id": "REPORT-literature-07327-07327",
		"passage": "“너 옷섶이 얼마나 넓으냐? 내가 네게 매였단 말이냐. 왕가와 너와 못 하고 나은 것이 무엇 있니” 6 그 후로 천수와의 사이가 뜬 것은 물론이거니와 분녀에게는 여러 가지 궁리가 많아서 얼마간 거리와 일절 발을 끊었다. 아침 저녁으로 관사에 다니는 것도 일부 러 궁벽한 딴 길을 골랐다. 관사에서 일하는 이외의 여가는 전부 집에서 보냈다.\n빈집을 지키며 울밑 콩포기도 가꾸고 우물물을 길어 몸도 핏질 씻고 하는 동안 에 열이 식어지고 마음도 차차 잡혔다. 몸이 깨끗하고 정신이 맑은데다 뜰 앞의 조촐한 화초포기를 바라보고 있으면 지난 일이 꿈결같이밖에는 생각나지 않는다.\n그 무슨 무더운 대병이나 치르고 난 것같이 몸이 거뿐하다. 모든 것이 지나간 꿈 이었다면 차라리 다행이겠다고 생각해 보면 머리채를 땋아 내린 몸으로 엄청난 짓 을 한 것이 새삼스럽게 뉘우쳐진다. 명준, 만갑, 천수, 왕가. 머릿속에 차례로 떠 오르는 환영을 힘써 지워 버리려고 애쓰면서 날을 보냈다.\n그러나 사람의 마음처럼 조화 많은 것은 없는 듯하다. 언제까지든지 찬 우물물 을 끼얹어 식히고 얼리울 수는 없었다. 견물생심으로 다시 분녀의 마음을 움직이 게 한 변괴가 생겼다. 망측스런 꼴이 눈에 불을 붙여 놓았다.\n여름의 관사는 까딱하면 개망신처가 되기 쉽다. 문이란 문, 창이란 창은 죄다 열어 젖히고 대신에 얇은 발이 치이면 방 안의 변이 새기 맞춤이다. 문이란 벽 속 의 비밀을 귀띔하는 입이다. 그 안에 사는 임자가 밤과 낮조차 구별할 주책이 없 을 때에 벽은 즐겨 망신 주기를 좋아하는 것 같다.\n",
		"passage_Cnt": 773
	},
	"Annotation": {
		"summary1": "화초 포기를 바라보면 지난 일이 꿈결같이 생각나지만 생각해 보면 머리채를 땋아 내린 몸으로 새삼 엄청난 짓을 한 것이 뉘우쳐진다.",
		"summary2": null,
		"summary3": "몸이 깨끗하고 정신이 맑은데다 뜰 앞의 조촐한 화초포기를 바라보고 있으면 지난 일이 꿈결같이밖에는 생각나지 않는다. 모든 것이 지나간 꿈 이었다면 차라리 다행이겠다고 생각해 보면 머리채를 땋아 내린 몸으로 엄청난 짓 을 한 것이 새삼스럽게 뉘우쳐진다.",
		"summary_3_cnt": 141
	}
}