{
	"Meta(Acqusition)": {
		"doc_id": "REPORT-literature-07517",
		"doc_category": "REPORT",
		"doc_type": "literature",
		"doc_name": "성암의 길",
		"author": "김동인",
		"publisher": null,
		"publisher_year": null,
		"doc_origin": "저작권위원회"
	},
	"Meta(Refine)": {
		"passage_id": "REPORT-literature-07517-07517",
		"passage": " 그러나 안해의 마음에 차차 가정에 대한 요구가 생겨 나는 것을 성암은 인 식하였다. “마누라. 본시 우리가 길 떠나기를 나는 시도(詩道)를 더 닦고 임자는 화 도(畵道)에 더 정진키 위해서야. 우리 장차 남국(南國) 구주까지 휘돌아서 좀 더 견문을 넓히고 수양을 쌓은 뒤에, 그 뒤에, 집두 장만하세, 자식두 낳 세. 너무 일찍이 집 장만하면 건사하기 귀찮고, 너무 일찍이 자식 낳으면 기르기 숨차느니. 자 일어서게. 가만 앉아 있자니, 차차 추워 오는구만. 매 향도 너무 맡으니까 코가 저리이 인젠 여사에 돌아가 이번은 처향(妻香)좀 맡세. 코가 저리도록 좀 맡겨 주게.” 성암은 일어섰다. 홍란도 따라 일어섰다. 그러나. “좀 더 돌아다니 세요. 이 매화동산 두고 여사에 돌아가시기가 아깝지 않아 요?” “아무케나. 홍란의 분부니 내 어찌 거역하리.” 아지랑이같이 부옇게 전개된 매화의 동산을 성암과 홍란은 날이 기울기까 지 거닐었다.\n43 시간에 구속되지 않고, 지역(地域)에 구속되지 않은 그들의 표박은 이곳 서 하루이틀, 저곳서 나흘닷새 더듬고 더듬으며, 하오 월에는 옛 서울 나라 (奈良)에 이르렀다. “옛날, 천자 계오시던 곳일세.” “좀 쓸쓸하지만, 역시 지난날의 위엄이 어딘지 모르게 감추여 있구먼 요.” “예를 조 상하며 이리저리 돌아다녀 보세.” 나무에서는 꾀꼬리 운다. 나무 아래 시냇가에서는 사슴이 떼를 지어 거닐 고 있다. 무심한 거리의 악동들은, 돌을 던져 사슴이를 희롱하고 있다.\n",
		"passage_Cnt": 734
	},
	"Annotation": {
		"summary1": "선암과 홍란은 하오월에 옛 서울 나라에 도착했다. ",
		"summary2": null,
		"summary3": "43 시간에 구속되지 않고, 지역(地域)에 구속되지 않은 그들의 표박은 이곳 서 하루이틀, 저곳서 나흘닷새 더듬고 더듬으며, 하오 월에는 옛 서울 나라 (奈良)에 이르렀다. “좀 더 돌아다니 세요. 이 매화동산 두고 여사에 돌아가시기가 아깝지 않아 요?” “아무케나. 홍란의 분부니 내 어찌 거역하리.” 아지랑이같이 부옇게 전개된 매화의 동산을 성암과 홍란은 날이 기울기까 지 거닐었다.",
		"summary_3_cnt": 217
	}
}