{
	"Meta(Acqusition)": {
		"doc_id": "REPORT-literature-07224",
		"doc_category": "REPORT",
		"doc_type": "literature",
		"doc_name": "호수의 여왕",
		"author": "방정환",
		"publisher": null,
		"publisher_year": null,
		"doc_origin": "저작권위원회"
	},
	"Meta(Refine)": {
		"passage_id": "REPORT-literature-07224-07224",
		"passage": " 그러나, 에베에 유는 그리 기뻐하지도 아니하고 걱정스런 얼굴로, “어여쁘기도 하다. 그렇지만 이걸로 어머님께까지 신고 갈 수 있을까 요?” 하였습니다. 그러니까 작은 왕은, “이 구두는 돌부리 많은 길로 신고 다니는 것은 아니란다. 산 속의 평평 한 길을 걷는 구두다. 이 산 속에는 너에게 보여 줄 이상한 곳이 많으니 깐!” 하였습니다. 아베에 유는 애타는 소리로 “조그만 로크 임금님. 어여쁜 구두는 그만두고, 그 대신 나무 구두를 신 겨 주십시오. 그리고, 어머님께로 돌아가게 하여 주십시오.” 하였습니다. 그러나, 왕은 고개를 좌우로 흔들었습니다. “조그만 로크 임금님!” 하고, 아베에 유가 말하였습니다. 이번에는 목소리가 울음에 떨리고 눈물이 글썽글썽하였습니다. “나를 어머님과 유우리에게로 돌아가게 하여 주세요. 그러면 그들과 한 가지로 당신도 사랑하여 드릴 터이니…….” “유우리란 누구냐?” 고 왕이 물었습니다. 아베에 유는 왕이 어째서 유우리를 다 모르나 하여 이 상하게 생각하면서, 그 애는 날때부터 이 때까지 함께 길리운 동무라고 하 였습니다. 왕은 속으로 아베에 유를 왕비로 삼으려고 생각하고 있는 터이었으므로, 아 베에 유에게 그렇게 친하게 못 잊어 하는 사내 동무가 있단 말을 듣고 몹시 성이 나서 얼굴을 찡그리고는 입을 꽉 다물고는 다시 아무 말도 하지 않았 습니다. 왕이 성낸 것을 보고 아베에 유는 그만 소리쳐 울었습니다. 작은 왕은 아베 에유를 남에게 빼앗길까 겁이 나서 영영 이 산 밖에는 내어 보내지 않기로 하였습니다.\n",
		"passage_Cnt": 761
	},
	"Annotation": {
		"summary1": "아베에 유가 유우리는 함께 길리운 동무라 하자 왕이 아베에 유가 친하게 못 잊어하는 사내 동무가 있단 말을 듣고 성이 나서 입을 다물고 아무 말도 하지 않았다.",
		"summary2": null,
		"summary3": "아베에 유는 왕이 어째서 유우리를 다 모르나 하여 이 상하게 생각하면서, 그 애는 날때부터 이 때까지 함께 길리운 동무라고 하 였습니다. 왕은 속으로 아베에 유를 왕비로 삼으려고 생각하고 있는 터이었으므로, 아 베에 유에게 그렇게 친하게 못 잊어 하는 사내 동무가 있단 말을 듣고 몹시 성이 나서 얼굴을 찡그리고는 입을 꽉 다물고는 다시 아무 말도 하지 않았 습니다.",
		"summary_3_cnt": 206
	}
}