{
	"Meta(Acqusition)": {
		"doc_id": "REPORT-literature-07352",
		"doc_category": "REPORT",
		"doc_type": "literature",
		"doc_name": "화염에 싸인 원한",
		"author": "나도향",
		"publisher": null,
		"publisher_year": null,
		"doc_origin": "저작권위원회"
	},
	"Meta(Refine)": {
		"passage_id": "REPORT-literature-07352-07352",
		"passage": "숙정이 간 뒤에 상인은 그제야 종아를 보고, \"왜 왔어. 무슨 할 말이야\" 하였다. 그 말소리는 조금 따뜻한 맛이 있고 풀어졌다.\n\"대관절 이리로 들어오지.\" 종아는 들어가려고도 않는 것을 상인을 끌어들였다.\n\"지금 그이가 누구이에요?\" 종아는 앉자마자 그말부터 물었다.\n\"그가 부인이시라죠.\" 종아의 입에서는 거퍼 말이 나왔다. 그는 두 손을 얼굴을 가리면서, \"그렇게 사람을 속이세요\" 하고 고꾸라져 울었다.\n\"저같이 아무것도 모르는 계집년이라고 공연한 사람을 버려 놓으셨으니인제부터 저는 어떻게 하란 말씀이에요?\" 상인은 두 계집의 호소를 듣기에 얼떨떨하였다. 그는 어떻게 이 순결한 계 집애의 가슴에 받은 의심의 상처를 고쳐 줄 수 있으랴 하였다.\n\"이게 무슨 짓이야. 남부끄럽지도 않아. 무슨 일인지 자세히 알지도 못하 고 그러거든. 자 울지 말아, 응 울지 말아요.\" 상인은 정성껏 종아의 어깨를 흔들면서 타이른다.\n\"그만 두세요. 그만 두세요.\" 종아의 목이 메어서 말이 잘 안 들린다.\n\"제가 모두 들었어요\" 하더니 울음 소리가 더 높아간다.\n\"듣기는 무엇을 들어 글쎄.\" 상인은 기가 막혀서 웃음을 웃었다.\n\"아까 그이가 부인이시죠? 그렇죠?\" 종아는 다짐이나 받듯이 말에 힘을 준다.\n\"그런 부인이 계시니까 저 같은 것은 생각이나 하시겠어요. 한때 풍정으 로 이럭저럭 하시다가 휙 떠나 버리시면 저는, 구만 리 같은 전정이 있는 젊은 년은 어떻게 하라는 말씀이에요. 제 눈이 뒤집혀서 분수에 당하지도 않 는 생각을 먹었다가 그런 꼴 당하는 것을 누구를 원망해요. 하지만 분해요.\n",
		"passage_Cnt": 782
	},
	"Annotation": {
		"summary1": "그가 부인이시냐며 말하고 고꾸라져 우는 두 계집의 호소에 상인은 얼떨떨하였다.",
		"summary2": null,
		"summary3": "\"그가 부인이시라죠.\" 종아의 입에서는 거퍼 말이 나왔다. 그는 두 손을 얼굴을 가리면서, \"그렇게 사람을 속이세요\" 하고 고꾸라져 울었다. \"저같이 아무것도 모르는 계집년이라고 공연한 사람을 버려 놓으셨으니인제부터 저는 어떻게 하란 말씀이에요?\" 상인은 두 계집의 호소를 듣기에 얼떨떨하였다.",
		"summary_3_cnt": 166
	}
}