{
	"Meta(Acqusition)": {
		"doc_id": "REPORT-literature-07408",
		"doc_category": "REPORT",
		"doc_type": "literature",
		"doc_name": "사의행렬",
		"author": "이무영",
		"publisher": null,
		"publisher_year": null,
		"doc_origin": "저작권위원회"
	},
	"Meta(Refine)": {
		"passage_id": "REPORT-literature-07408-07408",
		"passage": " 복판에 있는 녀석이 소리를 꽥 질렀다. “다들 잘 들어라. 너희는 지금 제2심사를 받으러 가는 것이다. 최후 심사 란 말은 놈들이 해방 후 오 년 간, 우리의 애국자들을 얼마나 용감하게 학 대학살했는가를 심사한다는 말이다. 너희들한테는 이제 위대한 상이 내릴 것이다.” 그는 이렇게 말하고 앞뒤를 쫘악 둘러본다. 그러더니 이번에는 아까보다도 한결 거드름을 피우면서, “그런 데 말이다. 내가 하나를 부르거든 일제히 두 무릎을 세워야 한다.\n둘을 부르거들랑 두 손으로 눈을 가리고, 셋을 부르건 쪼그린 무릎 새에다 얼굴을 처박으란 말야. 알았지! 늦는 놈은 몽둥이에 해골이 바셔질 줄 알 아! 중간에 고개를 들거나 옆을 보는 놈의 해골도 무사치는 않을 줄 알아야 한다. 그럼 자, 준비, 하나, 둘… 셋.” 해골이 깨어지기를 원하는 사람은 없었다, 그자들의 명령은 절대였다. 그 러나 단 한 사람 명령에 채 좇지 못한 사람이 있었던 모양이었다. 어쩌면 늦지도 않았는데 본보기로 때렸는지도 모를 일이다. 어쨌든“이놈아”소리와 함께 소리가 났다. “딱!” 그 소리가 끝나기가 무섭게 보위대원은 의기당당하게 명했다. “발차!” 액셀러레이터를 밟는 소리를 부릉부릉 내더니만 차가 우쭐하고 미끄러져 나갔다. “잘 들어라. 머릴 들거나 옆을 보는 놈은 없다! 없어!” 차는 초스피드다. 인적 하나 없는 넓은 거리를 살같이 달린다. 최소한 사 십 마일은 되는 속력이었다. 몇 번인가 꾸부러지고 꼬부라졌고 포물선을 그 리었다. 시간으로도 한 시간은 충분히 달렸을 것이고 보니 제대로 갔다면 백리 길은 넘었을 것이었다. 누구 하나 본 사람이 없고 보니 방향이 알려질 리 만무다. 그들이 오직 직감하고 있는 것이란 남쪽이 아니라는 것뿐이었 다. 한강은 국군이 후퇴하면서 철교를 폭파했다는 것을 알고 있었으니까 ─ 차가 급정거를 했다. 통 속의 물처럼 사람이 출렁한다.\n",
		"passage_Cnt": 924
	},
	"Annotation": {
		"summary1": "복판에서 제2심사를 받으러 가는 너희들한테 위대한 상이 내릴 것이라는 말을 한 녀석은 앞뒤를 쫘악 둘러본다.",
		"summary2": null,
		"summary3": "복판에 있는 녀석이 소리를 꽥 질렀다. “다들 잘 들어라. 너희는 지금 제2심사를 받으러 가는 것이다. 최후 심사 란 말은 놈들이 해방 후 오 년 간, 우리의 애국자들을 얼마나 용감하게 학 대학살했는가를 심사한다는 말이다. 너희들한테는 이제 위대한 상이 내릴 것이다.” 그는 이렇게 말하고 앞뒤를 쫘악 둘러본다.",
		"summary_3_cnt": 175
	}
}