{
	"Meta(Acqusition)": {
		"doc_id": "REPORT-literature-07673",
		"doc_category": "REPORT",
		"doc_type": "literature",
		"doc_name": "허영",
		"author": "홍난파",
		"publisher": null,
		"publisher_year": null,
		"doc_origin": "저작권위원회"
	},
	"Meta(Refine)": {
		"passage_id": "REPORT-literature-07673-07673",
		"passage": " 그야 다하실 말씀입니까. 물론 이 세상에는 이런 사람도 있고 저런 사람 도 있지요. 그렇기 때문에 선악이 구별되는 것이 아닙니까. 그렇지 오마는 우리의 서이로 말씀할 것 같으면 결코 이 세상사람들의 보통 인정과는 다를 것이올시다. 저는 다만 형제로 이때까지 오라버니라는 말을 못해 보았읍니 다. 그러므로 저는 우식씨를 한편으로는 오라버니처럼 믿습니다. 또 우식씨 는 부모와 친척이 아니 계신 독신이며 으례히 이 몸을 친누이나 다름 없이 사랑해 주실 줄 알고 있습니다. 옳습니다. 옥지씨의 말씀에 나는 탄복치 아니할 수 없습니다. 그러나, 옥지 씨는 지금의 우식이만 족하다고 생각지 않을 줄 압니다. 그러므로 옥지 씨의 따듯한 참사랑을 맡으려면 나도 그만치 애쓰고 힘써서 성공하여야 될 줄 압니다. 아 ─ 우리의 앞길은 망망합니다. 태평양보다 넓고 히말라야산 보다 높습니다. 우리의 앞에는 무한한 희망과 쾌락과 사랑의 빛이 비칩니 다…… 비록 이 노송은 그 절개를 변할지언정 우리의 사랑이야 변할 수가 있읍니까. 왜 그런 말씀만 자꾸 하셔요. 저는 자꾸만 슬픈 마음이 생깁니다. 허허 그렇습니까? 너무 쓸데없는 잔소리를 해서 옥지씨를 또 괴롭게 합 니다그려…… 자, 저 손을 좀 내밀어 주시오.\n하고 우 식은 한 손으로는 옥지의 손목을 잡아당긴 후 한 손으로는 포켓트에 서 다이야몬드(금강석) 반지를 꺼내어 옥지의 손에 끼워 주었다. 그리고는 사랑과 이별의 뜨거운 눈물을 흘렸다. 두 사람은 꼭 껴안았다.\n",
		"passage_Cnt": 731
	},
	"Annotation": {
		"summary1": "우식은 쓸데없는 소리로 옥지씨를 괴롭게 했다며 손을 내밀라 하여 다이야몬드 반지를 끼워주고 사랑과 이별의 뜨거운 눈물로 서로 꼭 껴안았다. ",
		"summary2": null,
		"summary3": "자, 저 손을 좀 내밀어 주시오. 하고 우 식은 한 손으로는 옥지의 손목을 잡아당긴 후 한 손으로는 포켓트에 서 다이야몬드(금강석) 반지를 꺼내어 옥지의 손에 끼워 주었다. 그리고는 사랑과 이별의 뜨거운 눈물을 흘렸다. 두 사람은 꼭 껴안았다. 너무 쓸데없는 잔소리를 해서 옥지씨를 또 괴롭게 합 니다그려……",
		"summary_3_cnt": 176
	}
}