{
	"Meta(Acqusition)": {
		"doc_id": "REPORT-literature-07448",
		"doc_category": "REPORT",
		"doc_type": "literature",
		"doc_name": "수평선 너머로",
		"author": "김동인",
		"publisher": null,
		"publisher_year": null,
		"doc_origin": "저작권위원회"
	},
	"Meta(Refine)": {
		"passage_id": "REPORT-literature-07448-07448",
		"passage": "생각하면 생각할수록 더욱 미스 영의 정체는 막연하여 갔다. 그러면 미스 영의 그 모두를 그의 일시적 허풍선으로 단정하여 버릴까.\n그러나 그렇다면 또한 거기는 그렇지 못할 내력이 있었다.\n미스 영은 영국서 출생하였다 한다. 독일서 대학을 마치었다 한다. 그의 영어와 독일어에 대한 정확한 발음과 유창한 말씨는 이것이 결코 거짓이 아 니라는 것을 증명한다.\n그 위에 그에 학식과 견식은 그가 고등한 교육을 받았다는 것을 증명한다.\n그의 왼편 무명지에 끼워 있는 커다란 금강석을 박은 반지는 그로 하여금 이미 결혼한 여자라는 점과 그의 결혼 상대자가 상당한 재산을 가졌다는 것 을 증명한다.\n단지 그의 눈에 나타나는 처녀로서의 명랑한 빛은 그의 말에 얼마만치 에 누리를 두지 않지 못하게 하지만 그것은 도리어‘더 좋은 편’으로의 에누 리지 결코‘더 나쁜 편’으로의 에누리는 아니었다.\n더구나 그의 말의 마디마디도 모두 그의 섬세한 감정과 높은 교양을 나타 내는 것으로써 임시로 자기를 꾸미기 위한 가식적 행동으로는 볼 수 가 없 을 뿐더러 근본적 교양이 없이 임시로는 꾸미지도 못할 종류의 것이었다.\n그러면 이러한 알 수 없는 여러 가지의 면을 가진 미스 영을 어떤 여인으로 해석해야 하나? 물론 의심하자면 자기의 혓바닥이라도 의심할 수가 있으니 미스 영이라도 의심치 못할 바는 아니다.\n자기도 조선 사람이라 하나 조선 사람인 증거가 어디 있나? 미스 영이라 하며 박영애라 하며 매켄지 부인이라 하지만 그런 증거는 어 디 있나? 더욱 나아가서는 베를린대학의 학위를 가졌다 하나 그 학위라도 협잡을 하 자면 못할 바가 아니다.\n",
		"passage_Cnt": 795
	},
	"Annotation": {
		"summary1": "미스 영은 독일어와 영어에 대한 유창한 말씨와 정확한 발음을 구사하고 상당한 재산을 가진 결혼 상대자가 있다.",
		"summary2": null,
		"summary3": "미스 영은 영국서 출생하였다 한다. 그의 영어와 독일어에 대한 정확한 발음과 유창한 말씨는 이것이 결코 거짓이 아 니라는 것을 증명한다. 그의 왼편 무명지에 끼워 있는 커다란 금강석을 박은 반지는 그로 하여금 이미 결혼한 여자라는 점과 그의 결혼 상대자가 상당한 재산을 가졌다는 것 을 증명한다.",
		"summary_3_cnt": 167
	}
}