{
	"Meta(Acqusition)": {
		"doc_id": "REPORT-literature-07248",
		"doc_category": "REPORT",
		"doc_type": "literature",
		"doc_name": "성군",
		"author": "안석영",
		"publisher": null,
		"publisher_year": null,
		"doc_origin": "저작권위원회"
	},
	"Meta(Refine)": {
		"passage_id": "REPORT-literature-07248-07248",
		"passage": "“이게 무슨 짓이에요, 여자의 팔목을.” “집안 사람의 팔목을 좀 잡았기로 욕될 것이 뭐 있겠소. 허허허.” “제가 왜 댁 사람이에요. 놓으세요, 놓아요.” 영애는 구렁이한테나 감긴 것처럼 몸에 소름이 끼쳤다. 자동차는 어느새 청운동 청운산장이라는 요리집 앞에 멈추었다. 영애는 신 감독에게 끌려서 자동차에서 내렸다.\n“전화하거든 다시 와 주오.” 자동차는 신 감독의 부탁을 받고 돌아갔다.\n“자, 공연히 그러지 말고 들어가 차나 마시며 얘기나 합시다.” “아니에요, 저는 가겠어요.” “진정하라니까 그러는구려.” 영애가 아무리 막무가내라 하더라도 여자를 제멋대로 하는 신가가 놓아 줄 리가 없었다. 그들은 청운장 뒷채로 갔다. 뚝 떨어진 다다미방 하나가 그들 을 기다리고 있었다.\n따라 들어온 사내아이에게 신 감독은 돈 이백 원을 주며 눈짓을 하였다.\n영애는 속에서 불이 났지만 하는 수 없이 주저앉아 버렸다. 신 감독은 술을 청하였다. 영애는 그가 술을 청하는 것에 더욱 화가 치밀었다.\n“차를 마시러 오신다더니 술이 웬 술이에요?” 신 감독은 음흉하게 웃었다.\n“몸이 찌뿌드해서, 이런 때는 술이 들어가야 확 풀리는 것이오. 더구나 이런 데까지 와서 차만 마셔서야 쓰겠소? 영애 씨는 온종일 서서 지내는 일 이니까 오죽 시장하시겠소. 밥을 좀 들여오라고 할까?” “먹고 싶지 않아요. 저는 그만 갔으면 좋겠어요.” “기왕 왔는데, 이 비 오는 밤중에 혼자 어떻게 가겠소. 얘기도 좀 하고 놀 다가 가십시다. 자, 그렇게 거북하게 앉아 있지 말고 다리를 쭉 펴고 앉아 서 편히 쉬시오. 이곳엔 보는 이도 없으니.” “괜찮아요. 이렇게 앉는 게 제 버릇이 되어서 도리어 편해요. 집에서 무 척 기다리시겠네, 어서 가야 할 텐데요!” “앗따, 그렇게 초조하게 굴 것이 뭐 있소. 젊었을 때에 이런 곳도 와 봐 야 하고, 별별 경험을 다 맛보아야 사는 보람이 있는 게 아니겠소? 인생이 길면 얼마나 길다구, 더구나 청춘이라는 것은 눈 깜짝할 사이에 번개같이 지나가는 때여서, 영애 씨도 얼마만 지내 보시오. 후회되는 일이 많으리 다.” 신 감독이 웬일인지 슬슬 구슬리려는 데서 영애는 슬며시 긴장이 되었다.\n",
		"passage_Cnt": 1067
	},
	"Annotation": {
		"summary1": "자동차에서 내린 영애와 신 감독은 청운장 뒷채에 가서 주저앉아버린 영애에게 신 감독이 술을 권하자 영애는 웬 술이냐고 화가 치밀었다.",
		"summary2": null,
		"summary3": "영애는 신 감독에게 끌려서 자동차에서 내렸다. 그들은 청운장 뒷채로 갔다. 영애는 속에서 불이 났지만 하는 수 없이 주저앉아 버렸다. 신 감독은 술을 청하였다. 영애는 그가 술을 청하는 것에 더욱 화가 치밀었다. “차를 마시러 오신다더니 술이 웬 술이에요?” 신 감독은 음흉하게 웃었다.",
		"summary_3_cnt": 165
	}
}