{
	"Meta(Acqusition)": {
		"doc_id": "REPORT-literature-07310",
		"doc_category": "REPORT",
		"doc_type": "literature",
		"doc_name": "광화사",
		"author": "김동인",
		"publisher": null,
		"publisher_year": null,
		"doc_origin": "저작권위원회"
	},
	"Meta(Refine)": {
		"passage_id": "REPORT-literature-07310-07310",
		"passage": "자, 그러면 이 골짜기에서 아까 그 이야기의 꼬리를 마저 지을까.\n화공은 처녀를 데리고 오막살이로 돌아왔다.\n그의 마음은 너무도 긴장되고 또한 기뻐서 저녁도 짓기 싫었다. 들어와 보매 벌써 여러 해를 멀리 달리기를 기다리는 족자의 여인의 몸집조차 흔연히 화공을 맞는 듯하였다.\n“자, 거기 앉어라.” 수 년 간 화공을 힐책하던 머리 없는 그림이 화공의 앞에 펴졌다. 단청도 준비되었다.\n터질 듯 울렁거리는 마음으로 폭 앞에 자리를 잡은 화공은 빛이 비추이도록 남향하여 처녀를 앉히고 손으로는 붓을 적시며 이야기를 꺼내었다.\n벌써 황혼은 인제 얼마 남지 않은 오늘 해로써 숙망을 달하려 하는 것이었다. 십 년 간을 벼르기만 하면서 착수를 못하기 때문에 저축되었던 화공의 힘은 손으로 모였다.\n“그러구― 알겠지?” 눈으로는 처녀의 얼굴을 보며 입으로는 용궁 이야기를 하며 손은 번개같이 붓을 둘렀다.\n“용궁에는 여의주(如意珠)라는 구슬이 있구나. 이 여의주라는 구슬은 마음에 있는 바는 다달할 수 있는 보물로서 그 구슬을 네 눈 위에 한 번 구을리면 너도 광명한 일월을 보게 된다.\n” “네? 그런 구슬이 있습니까?” “있구 말구. 네가 내 말을 잘 듣고 있기만 하면 수일 내로 너를 데리고 용궁에 가서 여의주 를 빌려서 네 눈도 고쳐 주마.” “그러면 저도 광명한 일월을 볼 수가 있겠습니까.” “그럼. 광명한 일월, 무지개라는 칠색이 영롱한 기묘한 것, 아름다운 수풀, 유수한 골짜기무엇인들 못 보랴.” “아이구, 어서 그 여의주를 구해서.” 아아. 놀라운 아름다운 표정이었다. 화공은 처녀의 얼굴에 나타나 넘치는 이 놀라운 표정 을 하나도 잃지 않고 화폭 위에 옮겼다.\n",
		"passage_Cnt": 824
	},
	"Annotation": {
		"summary1": "숙망을 달성하려는 화공은 이야기를 통해 나타나는 처녀의 얼굴 표정을 빠짐없이 화폭에 담았다.",
		"summary2": null,
		"summary3": "터질 듯 울렁거리는 마음으로 폭 앞에 자리를 잡은 화공은 빛이 비추이도록 남향하여 처녀를 앉히고 손으로는 붓을 적시며 이야기를 꺼내었다. 벌써 황혼은 인제 얼마 남지 않은 오늘 해로써 숙망을 달하려 하는 것이었다. 화공은 처녀의 얼굴에 나타나 넘치는 이 놀라운 표정 을 하나도 잃지 않고 화폭 위에 옮겼다.",
		"summary_3_cnt": 173
	}
}