{
	"Meta(Acqusition)": {
		"doc_id": "REPORT-literature-07354",
		"doc_category": "REPORT",
		"doc_type": "literature",
		"doc_name": "원고료 이백원",
		"author": "강경애",
		"publisher": null,
		"publisher_year": null,
		"doc_origin": "저작권위원회"
	},
	"Meta(Refine)": {
		"passage_id": "REPORT-literature-07354-07354",
		"passage": " K야, 어느 여름인데 내일같이 방학을 하고 고향으로 떠날 터인데 동무들은 떠날 준비에 바뿌구나. 그 때는 인조견이 나지 않았을 때이다. 모두가 쟁친 모시 치마 적삼을 잠자리 날개처럼 가볍게 해 입고 흰 양산 검은 양산을 제 각기 사두구나. 그 때에 나는 어째야 좋을지 모르겠더라. 무엇보다도 양산이 가지고 싶어 영 죽겠두구나. 지금은 여염집 부인들도 양산을 가지지만 그 때 야말로 여학생이 아니구서는 양산을 못 가지는 줄로 알었다. 그러니 양산이 야말로 무언중에 여학생을 말해주는 무슨 표인 것같이 생각되었니라. 철없 는 내 맘에 양산을 못 가지면 고향에도 가고 싶지를 않두구나. 그래서 자꾸 만 울지 않었겠니. 한방에 있는 동무 하나가 이 눈치를 채었음인지 혹은 나 를 놀리누라구 그랬는지는 모르나 대부러진 낡은 양산 하나를 어데서 갖다 주더구나. 나는 그만 기뻤다. 그러나 어쩐지 화끈 달며 냉큼 그 양산을 가 질 수가 없두구나. 그래서 새침하고 앉았노라니 동무는 킥 웃으며 나가두구 나. 그 동무가 나가자마자 나는 얼른 양산을 쥐고 펼쳐보니 하나도 성한 곳 이 없더라. 그 때 나는 무어라 말할 수 없는 울분과 슬픔이 목이 막히도록 치받치더구나. 그러나 나는 그 양산을 버리지는 못하였다. K야, 나는 너무나 딴 길로 달아나는 듯싶다. 이만 하면 나의 과거 생활을 너는 짐작할 터이지…… 나의 현재를 말하려니 말하기 싫은 과거까지 들추 어 놓았다. 그런데 K야, 아까 말한 그 원고료가 오기 전에 나는 밤 오래도록 잠을 못 이루고 그 돈으로 무엇을 할까? 하고 생각하였다. 지금 생각하 면 부끄러운 말이지만 ‘우선 겨울이니 털외투나 하고, 목도리, 구두, 내 앞니가 너무 새가 넓으니 가늘게 금니나 하고, 가늘게 금반지나 하고, 시계 나…… 아니 남편이 뭐랄지 모르지. 그래두 뭘 내 벌어서 내 해 가지는데야 제가 입이 열이니 무슨 말을 한담. 이번 기회에 못하면 나는 금시계 하나도 못 가지게. 눈 딱 감고 한다. 그러고 남편의 양복이나 한 벌 해줘야지, 양 복이 그 꼴이니.’ 나는 이렇게 깡그리 생각해 두었구나. 그런데 어느 날 원고료가 내 손에 쥐어졌구나. K야, 남편과 나와는 어쩔 줄을 모르게 기뻐 했다.\n",
		"passage_Cnt": 1077
	},
	"Annotation": {
		"summary1": "고향으로 떠나는 동무들이 제각기 양산을 사는 와중에 양산이 가지고 싶은 나는 어째야 좋을지 모르겠다.",
		"summary2": null,
		"summary3": "K야, 어느 여름인데 내일같이 방학을 하고 고향으로 떠날 터인데 동무들은 떠날 준비에 바뿌구나. 모두가 쟁친 모시 치마 적삼을 잠자리 날개처럼 가볍게 해 입고 흰 양산 검은 양산을 제 각기 사두구나. 무엇보다도 양산이 가지고 싶어 영 죽겠두구나. 그 때에 나는 어째야 좋을지 모르겠더라.",
		"summary_3_cnt": 163
	}
}