{
	"Meta(Acqusition)": {
		"doc_id": "REPORT-literature-07389",
		"doc_category": "REPORT",
		"doc_type": "literature",
		"doc_name": "그날밤",
		"author": "방정환",
		"publisher": null,
		"publisher_year": null,
		"doc_origin": "저작권위원회"
	},
	"Meta(Refine)": {
		"passage_id": "REPORT-literature-07389-07389",
		"passage": " 주변없는 사나이! 이 소리로 더 마음을 울리고, 끓이고, 태우고 하는 영식 이는 두 번째나 부친의 문갑을 열고 한성 은행(漢城銀行)의 통장과 소절 수 책(小切手冊)을 주물렀으나, 부친의 허리띠에 달린 염낭[囊] 속에 들어 있 는 인장을 어쩌지 못하여 만질 때마다 낙심하였다. 그것도 틀렸다! 하고 절 망의 소리를 발할 때 그의 머리는 벌써 단말마(斷末魔)에 미쳤다. 벌써 겨우 1주일 남았다. 파멸의 날이 절박해 왔다. 고민 고민하다가 영식 이는 에에 얼른 시집이나 가 버렸으면, 이런 생각까지 하였다. 그러나 그러 나 그 날 밤의 일을 언뜻 생각할 때에 그는 몸이 쭈뼛하였다. 죄악이다! 그의 머리는 이 전기에 찔려 떨렸다. 아아 어떻게 할까……. 주 변없는 남자! 이 소리는 또 그를 몰아세웠다. 어떠한 수단으로든지 이 주일 안에 처단을 하여야 한다. 어떠한 희생을 바치든지……. 단말마에 미친 그는 기어코 윗집 백부의 철궤를 생각하였다. 집어만 가지 고 달아나서 자세한 상서를 드리면 그만이지, 설마 나를 고발을 하려고 ……. 그 집에 가면 사랑 전당포에도 돈궤가 있고, 안방에도 철궤가 있다.\n기회를 엿보아 틈만 있으면……, 하고 이렇게 생각을 정하니까, 마음이 조 금 덜 무거운 것 같다. 전부터 자주 가지는 않았지마는 허와의 일을 그 집 사촌 형이 조모님께 여 쭈었다는 뒤부터는 같은 모화관(慕華館) 한 동리건마는 일체 가지 아니하던 터이라, 이제 새삼스럽게 가는 것도 우습고 이상하지마는 그래도 어쩌는 수 없어 다만 사촌 형만을 피하기 위하여 매일 저녁 때 가까워서 그가 일수 받 으러 나가고 없을 때에 갔다. 백부는, “공부하느라고 그 새 한 번도 아니 왔니?” 하시고 백모는, “아이구, 너 오래간만에 보겠구나, 그런데 얼굴이 왜 그렇게 못 됐니” 하시는 말씀을 들을 때에 저절로 주춤하기도 하였으나 가족답게 친척다운 친하고 사랑스런 맛을 그윽히 느꼈다. 누구보다도 모든 일에 동정까지 해 주실 것 같다. 그러나 잠자코만 있었다.\n",
		"passage_Cnt": 979
	},
	"Annotation": {
		"summary1": "영식이는 부친의 문갑을 열고 은행과 수책을 주물렀으나 허리띠에 달린 염낭 속에 들어있는 인장을 어떻게 하지 못해서 낙심했다.",
		"summary2": null,
		"summary3": "이 소리로 더 마음을 울리고, 끓이고, 태우고 하는 영식 이는 두 번째나 부친의 문갑을 열고 한성 은행(漢城銀行)의 통장과 소절 수 책(小切手冊)을 주물렀으나, 부친의 허리띠에 달린 염낭[囊] 속에 들어 있 는 인장을 어쩌지 못하여 만질 때마다 낙심하였다. 그것도 틀렸다! 하고 절 망의 소리를 발할 때 그의 머리는 벌써 단말마(斷末魔)에 미쳤다.",
		"summary_3_cnt": 195
	}
}