{
	"Meta(Acqusition)": {
		"doc_id": "REPORT-literature-07560",
		"doc_category": "REPORT",
		"doc_type": "literature",
		"doc_name": "허영",
		"author": "홍난파",
		"publisher": null,
		"publisher_year": null,
		"doc_origin": "저작권위원회"
	},
	"Meta(Refine)": {
		"passage_id": "REPORT-literature-07560-07560",
		"passage": " 그런데 형님께서는 어디 가셨읍니까? 아마 김 자작 댁에 가셨나 보아요. 그렇습니까…… 그런데 무엇을 그렇게 재미있게 보십니까? 신약전서이어요. 신약전서? …… 그러면 옥매 씨는 크리시챤이십니다그려. 허허허…… 크리스챤도 아닙니다마는 연전에 제 친구가 신약전서 한 권을 보내 주었 으므로 그때부터 친구 생각이 날 때면 읽어 봅니다. 저도 가끔 읽습니다마는 참 좋은 말씀입니다. 사람이 세상에 살아 있을 동안에는 별별 일이 다 많지요마는 신약에 쓴 것대로만 하면 그야말로 성인 이 될 것입니다. ………… 그 책에도 말하였지요마는 이 세상에서 악한 일을 하는 사람은 나중에 지옥 형벌을 면치 못한다고 했듯이 실상이 그렇습니다. 저는 크리스챤도 아 니지마는 매일 한두 장씩 읽어 보니까 이익되는 점도 많고 깨닫는 것도 많 아요. 그러하실 터이지요. 그렇지만 어디 사람으로야 그 말씀 대로 지킬 수가 있어야지요. 그야 그렇지요. 그 말씀 대로만 지키고 행하면 다 성인일 것이니까. ………… 그런데, 옥매 씨는 국화를 대단히 사랑하시는 모양입니다그려. 어떻게 아세요? 그런 것이 아니라 언제든지 이곳에 나오셔서 국화꽃을 구경도 하시고 향 기를 맡아 보시는 듯하던데요. 옥매는 이 말을 듣고 얼굴이 별안간에 붉어졌다. 사실상 매일 이곳에 와서 국화를 구경하고 사랑스럽게 기르는 일이 없지 않다. 그러나 어찌하여 석구 가 내 모양을 여러 번 보았을까? 이곳으로 말하면 백작이 첫 아침에 한 번씩 산보할 뿐이고 아무도 들어오는 사람이 없는데…… 하고 이상스럽게 생각하 였다.\n",
		"passage_Cnt": 762
	},
	"Annotation": {
		"summary1": "옥매가 이곳에 나와 국화꽃 구경도 하고 향기도 맡는 듯하다는 석구의 말에 옥매는 얼굴이 붉어졌다.",
		"summary2": null,
		"summary3": "그런 것이 아니라 언제든지 이곳에 나오셔서 국화꽃을 구경도 하시고 향 기를 맡아 보시는 듯하던데요. 옥매는 이 말을 듣고 얼굴이 별안간에 붉어졌다. 사실상 매일 이곳에 와서 국화를 구경하고 사랑스럽게 기르는 일이 없지 않다. 그러나 어찌하여 석구 가 내 모양을 여러 번 보았을까?",
		"summary_3_cnt": 159
	}
}