{
	"Meta(Acqusition)": {
		"doc_id": "REPORT-literature-07456",
		"doc_category": "REPORT",
		"doc_type": "literature",
		"doc_name": "여류음악가",
		"author": "현진건",
		"publisher": null,
		"publisher_year": null,
		"doc_origin": "저작권위원회"
	},
	"Meta(Refine)": {
		"passage_id": "REPORT-literature-07456-07456",
		"passage": "여류 음악가 (8회) “엄마! 인제 와?” 두 번째 보채는 애 소리에 주저하던 경애의 손은 필경 방문을 열고 말았 다.\n　이때껏 어머니를 찾던 귀동이는 정작 어머니가 제 눈앞에 나타나매 의아 한 듯이 또는 놀랜 듯이 말끄러미 경애를 바라볼 뿐이었다. 이윽고 꽃잎 같 은 입술이 조금 위로 치뜨이는 듯하며 눈물 흔적이 아롱진 두 뺨엔 기쁘고 반가워하는 빛이 역력히 움직이었다. 경애는 못 견디겠다는 듯이 방안에 펄 쩍 뛰어들며 덥석 귀동이를 안아 치술렀다. 경애의 얼골 밑으로 작은 얼골 은 마치 바람 맞는 달리아 꽃과 그 봉오리 모양으로 서로 비비대며 흔들었 다. 귀동은 어머니 고개 밑에서 갸웃이 얼골을 쳐들며 그제야 생각난 듯이, “엄마!” 하고 불렀다. 그러자 그리던 어머니가 정말 제 앞에 있는 것을 시험이나 하 려는 것처럼 그 고사리 같은 손으로 경애의 분 묻은 뽀얀 목덜미를 들어 안 고 또 한 번, “엄마!” 하고 신기한 듯이 부르자 그 조그만 얼골에 터질 듯한 웃음빛이 흘렀다.\n　경애는 모든 것을 잊었다. 인천에서 일어난 추악한 사내의 싸움, 자기가 당한 한끝 가는 망신, 또는 며츨을 두고 신기루와 같이 제 머리 속에 서리 었던 호화로운 꿈! 모든 것이 가뭇없이 사라지고 말았다. 웬 일인지 안슬픈 생각이 들었다. 가슴속에서 무슨 덩어리가 스르르 풀리는 듯하며 눈시울이 서물서물해짐을 느끼었다. 귀동의 우단결 같은 손을 쓰담는 경애의 손등에 눈물 한 방울이 구을렀다. 문득 등뒤에서 헐떡헐떡하는 쉬인 목소리가 들린다.\n",
		"passage_Cnt": 748
	},
	"Annotation": {
		"summary1": "귀동이는 놀란 듯이 경애를 바라보다 이내 두 뺨에 반갑고 기뻐하는 빛이 역력했고 경애가 못 견디겠다는 듯이 귀동이를 덥석 안았다.",
		"summary2": null,
		"summary3": "이때껏 어머니를 찾던 귀동이는 정작 어머니가 제 눈앞에 나타나매 의아 한 듯이 또는 놀랜 듯이 말끄러미 경애를 바라볼 뿐이었다. 이윽고 꽃잎 같 은 입술이 조금 위로 치뜨이는 듯하며 눈물 흔적이 아롱진 두 뺨엔 기쁘고 반가워하는 빛이 역력히 움직이었다. 경애는 못 견디겠다는 듯이 방안에 펄 쩍 뛰어들며 덥석 귀동이를 안아 치술렀다.",
		"summary_3_cnt": 188
	}
}