{
	"Meta(Acqusition)": {
		"doc_id": "REPORT-literature-07238",
		"doc_category": "REPORT",
		"doc_type": "literature",
		"doc_name": "생명(生命)",
		"author": "채만식",
		"publisher": null,
		"publisher_year": null,
		"doc_origin": "저작권위원회"
	},
	"Meta(Refine)": {
		"passage_id": "REPORT-literature-07238-07238",
		"passage": " 그러나 자라기를 단순히 자랐기 때문에 그는 이 다음에는 몰라도 아직은 그런 곳으로 발을 두를 담보가 없다. 더러 그리해볼까 생각해 본 적도 있었으나 겁이 나고 무서워서 주저앉아 버리곤 했다. 그래서 오월이가 애꿎이 그 밥이 된 것이다. 작년 겨울이었었다. 서방님이 사랑채에서 기침을 콜록콜록하는 것을 아씨는 행여 자기의 정성을 알아줄까 하고 알심을 부리느라고 부랴부랴 식혜를 달여서 일부러 이슥한 뒤에 오월이를 시켜 사랑으로 내어 보냈다. 서방님은 깊어가는 겨울밤에 잠을 잃어버리고 이리 뒤척 저리 뒤척 하던 판이다. 그는 들어오는 오월이를 힐끔 보았다. 그는 아씨만 못잖게 추물로 생긴 오월이를 그새까지는 한 번도 눈 거듭떠본 적이 없었다. 그러니까 사람이 들어오는 인기척에 그렇게 힐끔 한 번 보았으면 그만이었을 텐데 다시 한 번 짯짯이 바라보던 것이다. 오월이가 식혜 그릇을 들고 바싹 옆으로 와서 놓는 것을 서방님은 손목을 잡아끌었다. 오월이는 처음은 놀랐고 다음은 바르르 떨었다. 그러나 터럭 하나만한 힘 으로도 항거는 안 했다. 서방님은 석유좌등의 불을 입으로 훅 불어 껐다. 오월이는 영문 모를 순간을 겪었다. 서방님은 오월이를 내보내고 나서 아직도 퀴퀴하고 쩝쩔한 냄새가 이부자 리에 밴 것이 비위가 역해 연신 침을 뱉었다. 그 뒤로도 영 아 쉰 때면 오월이가 사랑방에 나온 틈에 잡아끌었다. 도무지 말 한마디하는 법 없었다. 그리고 두 번 세 번 거듭해갈수록 그는 불쾌한 생각에 다시는 그리하지 않으려니 하고 퉤퉤 침을 뱉으면서 마음을 도사려먹었다.\n",
		"passage_Cnt": 766
	},
	"Annotation": {
		"summary1": "그는 그런 곳에 발을 두를 담보가 없고 더러 생각해 본 적도 있으나 겁이 난 바람에 애꿎은 오월이가 그 밥이 되었고 그 뒤로도 아쉬운 때면 오월이를 잡아끌었다.",
		"summary2": null,
		"summary3": "그러나 자라기를 단순히 자랐기 때문에 그는 이 다음에는 몰라도 아직은 그런 곳으로 발을 두를 담보가 없다. 더러 그리해볼까 생각해 본 적도 있었으나 겁이 나고 무서워서 주저앉아 버리곤 했다. 그래서 오월이가 애꿎이 그 밥이 된 것이다. 그 뒤로도 영 아 쉰 때면 오월이가 사랑방에 나온 틈에 잡아끌었다.",
		"summary_3_cnt": 172
	}
}