{
	"Meta(Acqusition)": {
		"doc_id": "REPORT-literature-07684",
		"doc_category": "REPORT",
		"doc_type": "literature",
		"doc_name": "집",
		"author": "채만식",
		"publisher": null,
		"publisher_year": null,
		"doc_origin": "저작권위원회"
	},
	"Meta(Refine)": {
		"passage_id": "REPORT-literature-07684-07684",
		"passage": " 득수는 우리 종씨를 어디서 그런 귀떨어진 종씨가 생겼느냐고, 사람 싱겁고 못 나기로 동네서 아주 호가 났느니라고 노상 입버릇같이 비양을 했다. 종 씨는 또 득수를, 어디서 그런 알량한 한 고향 사람이 생겼느냐고, 사람 싱겁고 못나기로 동네서 아주 호가 났느니라고 노상 입버릇같이 비양을 했다. 안양으로 와서 살면서 그 둘이가 나에게는 유일한 가까운 사람들이었다. 그런데 둘이의 말이 다 같이 사실이라고 한다면, 결국 나는 못난 사람만 둘을 골라서 사 귀는 셈쯤 되었었다. 그러나 우리 종씨를 못났다고 하다니 그건 득수의 괘씸한 방언일 것이고, 다만 종씨가 양반 자랑은 무던히 잘 하는 종 씨는 종씨였었다. “아, 첨에 여길 왔더니, 아 눔들이 날 타관쇠라구 쌍눔 괄셀 할 양으루 들겠 죠? 내 그래, 호령을 했죠. 임들 느인 임들, 느이 조상 할애비가 아무리 양반이 기루서니 지끔 와설랑은 자갈이 나 파먹는 눔들이 쥐뿔이나 양반은 뭐가 양반이냐 구. 난두 임들, 우리 ✕대조께선 ✕✕판설 지나시구, ✕조께선 ✕✕감살 지나시 구, 다아 그랬은 깐 조상 뼉다구 자랑으루두 느이만 못할 거 없다구. 난 그리구, 이래뵈두 증왕에 판임관 9급을 다녔은깐 양반이면 당장 내가 양반이지 느이 같 자갈꾼이 양반이냐구. 들입다 호령을 했죠. 하하, 그랬더니 그댐버틈은 연성, ✕ 주사 ✕주사 하믄서 꿈쩍 못하든군! 흐흐!” 우리 ✕씨는 일본으로, 한 할아버지의 자손인데 댁의 문패를 보고 동성이길래 반가와서 찾아왔노라고 인사를 하고는, 이런 이약 저런 이약하던 끝에 종 씨는 그 런 기염을 토했었다.\n",
		"passage_Cnt": 776
	},
	"Annotation": {
		"summary1": "사람 싱겁고 못나기로 소문이 났다며 종씨와 득수는 입버릇같이 서로 비난했다.",
		"summary2": null,
		"summary3": "득수는 우리 종씨를 어디서 그런 귀떨어진 종씨가 생겼느냐고, 사람 싱겁고 못 나기로 동네서 아주 호가 났느니라고 노상 입버릇같이 비양을 했다. 종 씨는 또 득수를, 어디서 그런 알량한 한 고향 사람이 생겼느냐고, 사람 싱겁고 못나기로 동네서 아주 호가 났느니라고 노상 입버릇같이 비양을 했다.",
		"summary_3_cnt": 164
	}
}