{
	"Meta(Acqusition)": {
		"doc_id": "REPORT-literature-07511",
		"doc_category": "REPORT",
		"doc_type": "literature",
		"doc_name": "꿈 - 둘째권",
		"author": "이광수",
		"publisher": null,
		"publisher_year": null,
		"doc_origin": "저작권위원회"
	},
	"Meta(Refine)": {
		"passage_id": "REPORT-literature-07511-07511",
		"passage": " \"아니 왜 그러우?\" 달례도 깜짝 놀라는 듯이 앉은 걸음으로 뒤로 물러나며 머리 가누던 두 손 을 앞으로 내어 밀었다. \"아니야.\" 하고 조신은 맥없이 도루 드러누웠다. 저도 제 행복이 부끄러웠고 아내에게 도 숨기고 있는 살인의 비밀이 혹시 이런 것으로 탄로가 되지나 않는가 하 여 겁만 났다. \"아니라니?\" 하고 달례는 남편의 수상한 행동에 마음이 놓이지 아니하였다. \"요새에 웬일이오? 밤마다 헷소리를 하고―자면서 팔을 내어 두르고. 몇 번이나 소스라쳐 놀랐는지 몰라. 참 이상도 하오. 아마 무슨 일이 있나보 아. 나도 꿈자리가 사납고. 어디 바로 말을 해보슈. 그 평목인가 한 중이 어디 갔소? 왜 식전 새벽에 아침도 안 먹고 간단말요. 암만해도 수상하더라 니. 그이 왔다 간다음부터 당신의 모양이 수상해요. 어디 바루 말을 해보 아요. 그 중은 어디로 갔소?\" 달례가 이렇게 하는 말은 마디마디 회초리가 되어서 조신의 등덜미를 후려 갈기는 것 같았다. \"내가 그 녀석 간 곳을 어떻게 알아? 저 갈 데로 갔겠지.\" 조신은 아무 관심 없는 양을 꾸미노라고 툭명스럽게 대답하였다. 그러나 그 가슴은 몹시 울렁거렸다. \"아니, 그이를 왜 그 녀석이라고 부르시오? 우리가 도망할 때에 관에 일 르지도 아니한 이를?\" 달례의 말은 한 걸음 조신의 가슴속으로 파고들었다. \"우리가 재미 있게 사는 것을 보고는 샘도 날 것 아니야?\" 조신은 아니 할 말을 하였다고 고대 뉘우쳤다.\n",
		"passage_Cnt": 716
	},
	"Annotation": {
		"summary1": "맥없이 드러누운 조신은 살인의 비밀이 달례에게 탄로 날까 봐 겁이 났다.",
		"summary2": null,
		"summary3": "저도 제 행복이 부끄러웠고 아내에게 도 숨기고 있는 살인의 비밀이 혹시 이런 것으로 탄로가 되지나 않는가 하 여 겁만 났다. \"아니야.\" 하고 조신은 맥없이 도루 드러누웠다. \"아니라니?\" 하고 달례는 남편의 수상한 행동에 마음이 놓이지 아니하였다.",
		"summary_3_cnt": 141
	}
}