{
	"Meta(Acqusition)": {
		"doc_id": "REPORT-literature-07571",
		"doc_category": "REPORT",
		"doc_type": "literature",
		"doc_name": "누이의 집",
		"author": "이무영",
		"publisher": null,
		"publisher_year": null,
		"doc_origin": "저작권위원회"
	},
	"Meta(Refine)": {
		"passage_id": "REPORT-literature-07571-07571",
		"passage": " “그래서 나는 저놈보 고도…” 하며 그는 윗목에서 이야기를 들으며 짚신총을 비비고 앉은 자기 아들을 가 리켰 습니다. “저놈 보고도 아예 물욕일랑 피지 말라 가르치네. 욕심은 일에 내야지 물 건에 내면 못 쓰느니라고 ―” 이때까지 덤덤히 앉아서 신총을 비비고만 있던 소년이 이때 아랫목 쪽으로 몸을 휙 돌리었습니다. 매형도 그랬겠지마는 나 역시 밤이 길어서 좀 쉬었 다할 요량인 양만 여겼던 것입니다. 그러나 소년은 그런 막연한 동기로만 돌아앉은 것이 아니었습니다. 그는 자기 아버지를 보고 말했습니다. “그러니까 우리는 이렇게 못살아요!” “뭣이?” “뭣에든지 남한테 지구만 사시니까 이렇게 남보다 잘살 대유. 왜 떡 버티 고 살지 못하구 내 밥 먹구 내 옷 입구 내 근력으루 살면서두 남한테 지기 를 못 펴구 사니까 모두 천치라구 그러니 뭐유.” 이 야무진 소년의 항의에 그는 오직 호탕한 웃음으로 대답을 하고 마는 것 이었습니다. 아버지와 아들 ― 이렇게 비교해보면서 나는 벽에 써 붙인 문구 들을 다시 한 번 눈여겨보았던 것입니다. “저놈은 즈 어머닐 닮았지.” 하고 실없는 아버지는 또 한바탕 웃어대는 것입니다. 그 말에는 소년도 대꾸가 없습니다. 그는 이번에는 벽에 걸렸던 새끼를 내 리어 익은 솜씨로 신 날을 틀더니 총을 넣어가며 바닥을 틀어가는 것입니 다. 아우는 묵묵히 그 손을 바라다보며 어쩐지 이 소년의 기개에 신삼기란 어 울리지 않는 것 같은 부자연을 느끼었습니다.\n",
		"passage_Cnt": 722
	},
	"Annotation": {
		"summary1": "소년은 내 밥 먹고살면서도 남한테 지기를 못 펴고 사니까 모두 천치라고 한다며 항의하자 그는 웃음으로 대답했다.",
		"summary2": null,
		"summary3": "“그러니까 우리는 이렇게 못살아요!” “뭣이?” “뭣에든지 남한테 지구만 사시니까 이렇게 남보다 잘살 대유. 왜 떡 버티 고 살지 못하구 내 밥 먹구 내 옷 입구 내 근력으루 살면서두 남한테 지기 를 못 펴구 사니까 모두 천치라구 그러니 뭐유.” 이 야무진 소년의 항의에 그는 오직 호탕한 웃음으로 대답을 하고 마는 것 이었습니다.",
		"summary_3_cnt": 185
	}
}