{
	"Meta(Acqusition)": {
		"doc_id": "REPORT-literature-07569",
		"doc_category": "REPORT",
		"doc_type": "literature",
		"doc_name": "왕부의 낙조",
		"author": "김동인",
		"publisher": null,
		"publisher_year": null,
		"doc_origin": "저작권위원회"
	},
	"Meta(Refine)": {
		"passage_id": "REPORT-literature-07569-07569",
		"passage": "\"납비합시다.\" 신돈의 의견은 간단하였다.\n\"그러니 지금 혜비도 혼자 공방을 지키는데, 또 한 과부를 만들면 무얼 하오?\" 적적한 듯이 왕이 이렇게 말하매 신돈은, \"그렇지만 전하께서 거절하시면 연달아 상계가 들어올 테니, 귀찮지 않사옵니까?\" 하여 무사주의를 취하기를 주장하였다.\n왕은 신돈의 이 의견에 대하여 무엇이라 말하지 않고, 한참을 가만 있다가, \"반― 무어? 반―.\" 거북한 모양이었다. 신돈은 알아들었다. 신돈은 씩 웃었다.\n\"전하 축하 드리옵니다. 거 이월에 왕자가 탄생하셨읍니다. 전하 이하로 고려 천만 창생의 행복이로소이다.\" 왕은 그냥 가만 있었다. 기쁜 듯한― 그러면서도 더 적적한 기괴한 심경이었다.\n이 왕자가 공주에게서 났으면 얼마나 기쁘랴.\n공주 생존 시에 늘 왕자를 보고 싶어하더니. 공주 자신의 몸에서 못 낳으면 다른 여인의 몸에서라도 왕의 혈사가 생기기를 그렇게도 기다리더니.\n지금 난 왕자가 하다못해 공주 생존 시에라도 났더면, 공주도 마음을 놓고 세상을 떠났을 것이다. 공주 임종의 마지막 말― \"마마께 사후 없으신 것이 죄송하옵니다.\" 왕은 문득 물었다―.\n\"언제요?\" \"네? 네, 이월 × × 일이옵니다. 원자께서도 건강하옵시고 반야도 산후 평안하옵니다.\" 왕은 눈을 구을려서 벽에 건 공주의 진영을 쳐다보았다.\n산 듯― 바야흐로 입을 움직이려는 듯 왕을 굽어보는 공주의 진영.\n× 신돈이 퇴궐할 때에, 왕은 원자를 축복하는 뜻으로, 왕이 원나라에 있을 때에 쓰던 옥띠를 주었다. 이름은 무니노(無尼奴)라 지었다.\n",
		"passage_Cnt": 759
	},
	"Annotation": {
		"summary1": "신돈은 전하께서 거절하시면 연달에 상계가 들어올 테니 귀찮지 않겠냐며 납비하자는 간단한 의견을 내었다.",
		"summary2": null,
		"summary3": "\"납비합시다.\" 신돈의 의견은 간단하였다. \"그러니 지금 혜비도 혼자 공방을 지키는데, 또 한 과부를 만들면 무얼 하오?\" 적적한 듯이 왕이 이렇게 말하매 신돈은, \"그렇지만 전하께서 거절하시면 연달아 상계가 들어올 테니, 귀찮지 않사옵니까?\" 하여 무사주의를 취하기를 주장하였다.",
		"summary_3_cnt": 158
	}
}