{
	"Meta(Acqusition)": {
		"doc_id": "REPORT-literature-07620",
		"doc_category": "REPORT",
		"doc_type": "literature",
		"doc_name": "환시기(幻視記)",
		"author": "이상",
		"publisher": null,
		"publisher_year": null,
		"doc_origin": "저작권위원회"
	},
	"Meta(Refine)": {
		"passage_id": "REPORT-literature-07620-07620",
		"passage": "나는 커다란 목소리로, 자네는 미친놈인가? 그럼 천친가? 그럼 극악무도한 사기한인가? 부처님 허리토막인가 이렇게 부르짖는 외에 나는 내 맵시를 수습하는 도리가 없지 안은가. 울음이 곧 터질 것 같았다.\n지난밤에 풀린 아랫도리가 덜덜 떨려 들어왔다.\n태산이 무너지는 줄만 알구 나는 십년감수를 하다시피 했네― 그래 이 병실 어느 구석에 쥐 한 마리나 있단 말인가 없단 말인가 순영은 창백한 얼굴을 푹 숙이고 있다. 송군은 우는 것도 같은 얼굴로 나를 쳐다보면서, 미안 허이― 나는 이 이상 더 이 방 안에 머무를 의무도 필요도 없어진 것을 느꼈다. 병실 뒤 종친부로 통하는 곳에 무성한 화단이 있다. 슬리퍼를 이끈 채 나는 그 화단 있는 곳으로 나갔다. 이름 모를 가지가 지 서양 화초가 유월 볕 아래 피어 어우러졌다. 하나같이 향기 없는 색채만의 꽃들― 그러나 그 남국적인 정열이 애타게 목말라서 벌들과 몇 사람의 환자가 화단 속을 초조히 거니는 것이었 다.\n어째서 나는 하는 족족 이 따위 못난 짓밖에 못하나― 그렇지만 이 허리가 부러질 희극두 인 제 아마 어떻게 종막이 되었나 보다.\n잔디 위에 앉아서 볕을 쬐었다. 피로가 일시에 쏟아지는 것 같다. 눈이 스르르 저절로 감기면서 사지가 노곤해 들어온다. 다리를 쭉 뻗고, 이번에야말루 동경으루 가버리리라― 잔디 위에는 곳곳이 가제와 붕대 끄트러기가 널려 있었다. 순간 먹은 것을 당장에라도 게우지 안 고는 견디기 어려울 것 같은 극도의 오예감(汚穢感)이 오관(五官)을 스쳤다. 동시에 그 불붙는 듯한 열대성 식물들의 풍염한 화판조차가 무서운 독을 품은 요화(妖花)로 변해 보였다. 건드리 기만하면 그 자리에서 손가락이 썩어 문드러져서 뭉청뭉청 떨어져 나갈 것만 같았다.\n",
		"passage_Cnt": 853
	},
	"Annotation": {
		"summary1": "순간 오예감과 오관이 스친 동시에 열대성 식물들이 무서운 독을 품은 요화로 보여 건드리기만 하면 손가락이 떨어져 나갈 것만 같았다. ",
		"summary2": null,
		"summary3": "순간 먹은 것을 당장에라도 게우지 안 고는 견디기 어려울 것 같은 극도의 오예감(汚穢感)이 오관(五官)을 스쳤다. 동시에 그 불붙는 듯한 열대성 식물들의 풍염한 화판조차가 무서운 독을 품은 요화(妖花)로 변해 보였다. 건드리 기만하면 그 자리에서 손가락이 썩어 문드러져서 뭉청뭉청 떨어져 나갈 것만 같았다.",
		"summary_3_cnt": 173
	}
}