{
	"Meta(Acqusition)": {
		"doc_id": "REPORT-literature-07253",
		"doc_category": "REPORT",
		"doc_type": "literature",
		"doc_name": "거지",
		"author": "김동인",
		"publisher": null,
		"publisher_year": null,
		"doc_origin": "저작권위원회"
	},
	"Meta(Refine)": {
		"passage_id": "REPORT-literature-07253-07253",
		"passage": " 이 기이한 동물에 대하여 여가 경이와 불안의 눈을 던질 때에 그의 입에서는 또 무슨 알아듣기 힘든 흥얼거리는 소리가 들렸다. 여는 다시 방 안으로 들어와서 지갑에서 일전 한 닢을 꺼내가지고 나왔다.\n그리고 그의 앞으로 그 선물을 던지려다가 극도로 쇠약하여 몸의 동작조차 마음대로 못하는 듯한 그의 모양을 보고 좀 그에게 가까이 가서 팔을 길게 해가지고 그의 앞으로 적선품을 내밀었다. 그는 그 돈을 힐끗 보았다. 그러나 받으려도 아니하였다. 또 무엇이라 흥얼흥얼하였다. “무얼?” 여는 반문하였다. 그는 또 무엇이라 흥얼거렸다. “무얼?” 여는 재차 반문하였다. 그리고 귀를 기울여서 겨우 알아들은 바는 돈보다 도 한 덩이의 찬밥을 달라는 것이었다. 여는 그를 다시 보았다. 아직 익숙지 않은 표랑객이었다. 혹은 오늘의 이 길이 그에게 있어서 처녀 구걸인지도 알 수 없었다. 40이 조금 넘었음직한 아직 건장한 사나이지만, 주림과 영양 불량으로 혈색이 몹시 나쁘고 허리가 굽었다. 그는 걸인에게 특유한 애원적 비명을 내지 않았다. 비열한 눈자위 를 보이지 않았다. “나흘을…… 굶었습니다.” “일자리를…… 떼었습니다.” 주림으로 인하여 그 발음은 비록 분명하지 못하나마 한 마디씩 한 마디씩 끊어서 말하는 그의 호소는 현대에 처한 사람의 공통적 애소로서 그것은 여의 마음을 움직였다. 여는 내밀었던 일전을 도로 움치고 부엌으로 들어갔다. 그러나 부엌에 익숙지 못한 여는 무엇이 어디 있는지 알 수가 없었다. 시렁, 찬장 등을 모두 뒤졌다. 그리고 시렁에서 무슨 찌개를 얻어내고 찬장에서 여의 먹다 남은 밥을 발견하였다. 여는 그것을 그대로 내다줄까 하였으나 다시 생각을 돌이 켜서 밥그릇에다가 찌개를 절반쯤 부어서 비비기 좋게 해가지고 숟갈을 꽂아다가 그 표랑객에게 내다 주었다.\n",
		"passage_Cnt": 886
	},
	"Annotation": {
		"summary1": "일자리를 떼이고 나흘을 굶었다는 그의 호소에 마음이 움직인 여는 먹다 남은 밥에 비비기 좋게 찌개를 부어서 주었다. ",
		"summary2": null,
		"summary3": "“나흘을…… 굶었습니다.” “일자리를…… 떼었습니다.” 주림으로 인하여 그 발음은 비록 분명하지 못하나마 한 마디씩 한 마디씩 끊어서 말하는 그의 호소는 현대에 처한 사람의 공통적 애소로서 그것은 여의 마음을 움직였다. 여는 그것을 그대로 내다줄까 하였으나 다시 생각을 돌이 켜서 밥그릇에다가 찌개를 절반쯤 부어서 비비기 좋게 해가지고 숟갈을 꽂아다가 그 표랑객에게 내다 주었다. 그리고 시렁에서 무슨 찌개를 얻어내고 찬장에서 여의 먹다 남은 밥을 발견하였다.",
		"summary_3_cnt": 259
	}
}