{
	"Meta(Acqusition)": {
		"doc_id": "REPORT-literature-07499",
		"doc_category": "REPORT",
		"doc_type": "literature",
		"doc_name": "고려 태조(高麗太祖)",
		"author": "차상찬",
		"publisher": null,
		"publisher_year": null,
		"doc_origin": "저작권위원회"
	},
	"Meta(Refine)": {
		"passage_id": "REPORT-literature-07499-07499",
		"passage": "고려 태조(高麗太祖) 우리 나라의 역대 무인사(戊寅史)를 돌이켜 볼 때에 가장 흥미 있고 가장 중요한 사실은 지금으로부터 일천 사십년 전 신라 경명왕 이년(新羅景明王 二年〓西紀九一八[서기구일팔]) 무인 유월에 왕건 태조(王建太祖)가 고려의 나라를 새로 창건한 것이다.\n이제 그 전말을 말하자면 먼저 왕건 태조의 인물이 어떠한 인물인가 하는 것을 잠간 말하는 것이 좋을가 한다. 태조의 성은 왕씨(王氏) 요 명은 건 (建)이요 자는 약천(若天)이니 금성태수 왕융(金城太守王隆)의 아들이었다.\n왕융이 일찍이 한 씨 부인(韓氏夫人)과 결혼하여 한 주 송악군(漢州松嶽郡〓 지금의 開城[개성]) 송악산 남쪽에서 살았더니 하루는 신승도선(神僧道詵) 이 우연히 지나가는 길에 그 집 문 앞에서 쉬다가 하는 말이 \"이 땅에서 반드시 성인이 나겠다.\" 고 하였더니 융이 듣고 크게 기뻐하며 그를 맞아 들이어 특별한 대우를 하 니 도선이 글 한 수(詩一首)를 써서 주며 말하되 \"당신이 명년에 반드시 귀한 아들을 낳을 터이니 장성 하거던 이 글을 주 시오……\" 하며 어디론지 가버리고 말았다.\n과연 그 이듬해 태조를 탄생하니 때는 바로 신라 헌강왕 삼년 정유(新羅憲 康王三年丁酉〓西紀八七七年[서기팔칠칠 년]) 이었다.\n그는 낳을 때에 이상한 빛과 붉은 기운(所謂神充紫氣[소위신충자기])이 마 치 큰 용이 꿈틀거리고 돌아 다니는 것과도 같이 집을 싸고 돌으니 일반이 모두 신기하게 여겼다.\n그는 천자(天姿)가 영명하고 용안일각(龍顏日角)의 이마와 모난 턱(廣額方 頤)으로 용모가 비범할 뿐 아니라 도량이 크고도 깊어서 제 세안민(濟世安 民)의 큰 뜻을 가졌었다.\n",
		"passage_Cnt": 808
	},
	"Annotation": {
		"summary1": "태조의 성은 왕 씨, 명은 건이요, 자는 약천이니 금성태수 왕융의 아들이었고 천자가 영명하고 용모가 비범할 뿐 아니라 크고 싶은 도량을 가져 제세안민의 큰 뜻을 가졌었다.",
		"summary2": null,
		"summary3": "태조의 성은 왕씨(王氏) 요 명은 건 (建)이요 자는 약천(若天)이니 금성태수 왕융(金城太守王隆)의 아들이었다. 그는 천자(天姿)가 영명하고 용안일각(龍顏日角)의 이마와 모난 턱(廣額方 頤)으로 용모가 비범할 뿐 아니라 도량이 크고도 깊어서 제 세안민(濟世安 民)의 큰 뜻을 가졌었다.",
		"summary_3_cnt": 160
	}
}