{
	"Meta(Acqusition)": {
		"doc_id": "REPORT-literature-07607",
		"doc_category": "REPORT",
		"doc_type": "literature",
		"doc_name": "고려(高麗)의 기품(氣品)",
		"author": "차상찬",
		"publisher": null,
		"publisher_year": null,
		"doc_origin": "저작권위원회"
	},
	"Meta(Refine)": {
		"passage_id": "REPORT-literature-07607-07607",
		"passage": "그 큰 남자는 풀위에 두 다리를 쩍 펴고 앉어서 눈를 감고 무엇를 생각하 더니 다시 눈를 뜨고 엽사를 불렀다.\n엽사는 원래 겁를 집어 먹고 있던 중이라 옳지 인제는 정말 죽었고나 하고 는 할 수 없이 머리를 굽히고 단두대(斷頭台)에 가는 사형수 모양으로 걸리 지 않는 걸음를 어정어정 걸어 갔다.\n그러나 그 남자는 뜻밖에도 공손한 태도로 나지막한 말로 하는 말이 \"여보시오 손님 ─ 그리 놀라지 마시고 이리 좀 가까이 오십시오. 손님은 참으로 행복한 사람이올시다. 실상 당신이 이곳에 오시게 된 것도 내가 나 의 술법(術法)으로 오시게 한 것입니다. 나의 딸이 비록 미거하지만 당신 이 처(妻)를 삼를 것 같으면 내가 여태까지 저축하였던 호피(虎皮) 웅담 등속를 다 당신에게 드리리다.\" 하고는 즉시 그 집 건너 편의 바위 굴에서 산더미 같이 쌓인 귀중한 피물 (皮物)를 꺼내 가지고 와서는 또 하는 말이 \"이것이 무거워서 당신은 도저히 가지고 가기가 어려우니 내가 이 동구 (洞口)의 선두(船頭)까지 져다 줄터이니 당신은 내 딸과 같이 손에 손를 잡고 선두(船頭)로 가시오.\" 하였다.\n엽사는 이것이 꿈인지 생시인지 알지 못하고 다만 그의 말대로 복종하여 자기는 그 처녀와 동행하고 그 남자는 각종의 피물를 가지고 선두까지 갔었 다.\n그 남자는 엽사의 부부를 친절하고 사랑스럽게 선중으로 안내하며 자기가 가지고 온 피물(皮物)도 일일이 잘 실어 주고는 자기는 일이 있어서 어디로 간다 하고 작별하게 되었는데 그는 엽사의 손를 잡고 최후로 부탁하되 \"이 피물를 팔면 적어도 몇 천금 되는 대금(大金)를 얻를 터이니 그 때에 는 나에게 소 두필과 소금 백석만 보내 주오.\"하였다. 그리고 또 기한은 그날로부터 닷새동안으로 하되 장소는 그 도선장(渡船場)으로 하기로 약속하였다.\n",
		"passage_Cnt": 882
	},
	"Annotation": {
		"summary1": "겁을 먹고 있던 엽사는 큰 남자의 부름에 단두대로 향하는 사형수처럼 어정어정 걸어갔다.",
		"summary2": null,
		"summary3": "그 큰 남자는 풀위에 두 다리를 쩍 펴고 앉어서 눈를 감고 무엇를 생각하 더니 다시 눈를 뜨고 엽사를 불렀다. 엽사는 원래 겁를 집어 먹고 있던 중이라 옳지 인제는 정말 죽었고나 하고 는 할 수 없이 머리를 굽히고 단두대(斷頭台)에 가는 사형수 모양으로 걸리 지 않는 걸음를 어정어정 걸어 갔다.",
		"summary_3_cnt": 166
	}
}