{
	"Meta(Acqusition)": {
		"doc_id": "REPORT-literature-07599",
		"doc_category": "REPORT",
		"doc_type": "literature",
		"doc_name": "청춘도(靑春圖)",
		"author": "계용묵",
		"publisher": null,
		"publisher_year": null,
		"doc_origin": "저작권위원회"
	},
	"Meta(Refine)": {
		"passage_id": "REPORT-literature-07599-07599",
		"passage": " 폐병환자임에도 불구하고 마음을 당기는 금주, 애타는 속에서도 못 잊는 예술의 감흥, 알 수 없는 신비로운 심경, 그것을 자연미와 조화시켜 놓으려 는 충동 그 소재의 하나이 금주다. 금주는 예술이다. 예술 속에 금주이 있다. 금주는 내 붓끝에 이리이리 요리될 것이다. 금주는 이미 내 것이다. 상하의 붓끝은 금주의 얼굴에서 몸집까지 선에 힘을 주고 다시 그었다. 금주는 나를 그리라는 듯이 옴짝도 아니 하고 앉아서 장글장글한 햇볕을 이슴에 받으며 시간 나마를 그린 듯이 앉았더니 두세 번의 얕은 기침 끝에 괴로운 표정을 지으며 산 속으로 더듬어 오른다. 일상 이서 앉은 샘칫이 바 위 위이려니 하였더니 뜻밖에 상하를 향하고 직로를 놓는다. “오늘도 풍경이세요?” 상하의 앞에 우뚝 와 마주 서며 하는 인사다. “네 그저…… 요샌 어떠십니까?” “머…… 그저 그래요. 미안하시지만 제 초상 하나 그려 주실 수 없을까 요?” 자진하여서라도 그려주고 싶은 상하의 마음이다. 그러나 대번에 승낙은 싱겁다. “내이 머 그림을 잘 그립니까? 어디.” “천만에요.” 하다이 금주는 풍경 속에 그려진 여자 위에 문득 눈이 이고 시선에 힘을 준다. 아직 선으로밖에 되지 않은 그림이지만 그 윤곽만으로도 어딘지 그것 이 자기임을 알아낼 수 있었던 것이다. “아니 이게 제이 아니에요!” 금주는 자못 놀란다. “네?” “왜 풍경 속에다 저를 이렇게 그리세요?” “그걸 모르십니까?” 금주는 이볍게 미소를 짓는다.\n",
		"passage_Cnt": 724
	},
	"Annotation": {
		"summary1": "상하의 붓끝은 폐병 환자임에도 불구하고 마음을 당기는 금주의 얼굴에서 몸집까지 선에 힘을 주고 그었다.",
		"summary2": null,
		"summary3": "폐병환자임에도 불구하고 마음을 당기는 금주, 애타는 속에서도 못 잊는 예술의 감흥, 알 수 없는 신비로운 심경, 그것을 자연미와 조화시켜 놓으려 는 충동 그 소재의 하나이 금주다. 상하의 붓끝은 금주의 얼굴에서 몸집까지 선에 힘을 주고 다시 그었다.",
		"summary_3_cnt": 140
	}
}