{
	"Meta(Acqusition)": {
		"doc_id": "REPORT-literature-07619",
		"doc_category": "REPORT",
		"doc_type": "literature",
		"doc_name": "양봉래 모친(楊蓬萊 母親)",
		"author": "차상찬",
		"publisher": null,
		"publisher_year": null,
		"doc_origin": "저작권위원회"
	},
	"Meta(Refine)": {
		"passage_id": "REPORT-literature-07619-07619",
		"passage": " 그러는 동안 도임 하기로 정한 날짜는 하루 저녁 밖에 남지 않았다.\n이른 새벽에 술국으로 해장만 하고 떠난 그는 중로에서 주막을 만나지 못하여 배가 고프며 힘이 지쳐서 허리가 저절로 굽혀지는 것을 이길 수가 없 었다. 주막을 찾으나 주막은 없고 고픈 배는 창자에서 소리가 나기 시작하여 아 무리 체면을 보는 군수의 행차라도 체면을 돌아볼 여가가 없이되었다. 시장기를 못 이긴 군수는 관속을 시켜 촌으로 들어가서라도 아침 밥을 먹고 가게 하라고 분부하였다. 이런 분부를 받은 관속은 여간 황송하고 여간 민망하지 않았다. 서울 보다 한철이 이른 전라도 영광은 벌써 한참 바쁜 농사철이 되었다.\n늙은이 젊은이 아이 어른할 것 없이 모조리 논이며 밭으로 일하러 나간 관 계로 동리는 즐비해도 사람을 구경하지 못하여 아침 식사를 시킬 곳이 없었 다. 관속은 이리 헤매고 저리 헤매다 다행히 집을 지키는 열 서너 살 되는 처녀 를 하나 만났다. 이 소녀를 보고 반긴 관속은 \"얘 여기 어디 아침 밥 좀 시킬데 없니?\" 하고 물었다. 이 말을 들은 그 소녀는 \"그건 왜 물으셔요.\" 하고 수집은 태도로 도리어 물었다. 관속은 황급한 말 소리로 \"신관 사또 행차가 마침 이리로 지나가시는데 아침 진지를 못 드리어서 여 간 민망하지 않다. 주막은 없고 여염집에서라도 아침을 시켜서 일행이 먹고 가야 하겠는데 어찌할 도리가 없겠느냐.\" 고 간청을 하다시피 말을 하니 그 소녀는 이 말을 듣고 고개를 푹 숙이다가 \"이 바쁜 농사 짓는 시기에 겻 밥 때가 지났는데 웬 사람이 있읍니까, 정 말 그렇게 딱한 사정이 계시면 저라도 해드리지요.\" 하면서 공손히 응락을 하였다.\n",
		"passage_Cnt": 813
	},
	"Annotation": {
		"summary1": "시장기를 못 이긴 군수는 체면을 돌아볼 여가도 없이 아침밥을 먹고 가게 하라고 분부하였으나 모조리 일하러 나간 관계로 동리는 즐비해도 사람이 없어 아침 식사를 시킬 곳이 없었다.",
		"summary2": null,
		"summary3": "주막을 찾으나 주막은 없고 고픈 배는 창자에서 소리가 나기 시작하여 아 무리 체면을 보는 군수의 행차라도 체면을 돌아볼 여가가 없이되었다. 시장기를 못 이긴 군수는 관속을 시켜 촌으로 들어가서라도 아침 밥을 먹고 가게 하라고 분부하였다. 늙은이 젊은이 아이 어른할 것 없이 모조리 논이며 밭으로 일하러 나간 관 계로 동리는 즐비해도 사람을 구경하지 못하여 아침 식사를 시킬 곳이 없었 다.",
		"summary_3_cnt": 219
	}
}