{
	"Meta(Acqusition)": {
		"doc_id": "REPORT-literature-07315",
		"doc_category": "REPORT",
		"doc_type": "literature",
		"doc_name": "동란의 거리",
		"author": "김동인",
		"publisher": null,
		"publisher_year": null,
		"doc_origin": "저작권위원회"
	},
	"Meta(Refine)": {
		"passage_id": "REPORT-literature-07315-07315",
		"passage": " 이리하여 처음에는 단지 한낱 폭동에 싹을 내인 이 사건이, 돌연히 변하 여 정치화하게 되었다. 폭발된 분노. 격동된 군심. 아직껏 받은 학대와 멸시를 깊이 마음 속에 아로새겨 두었던 오영 군졸들 은, 순식간에 모두 합심이 되었다. 부숴 버려라. 이미 저지른 일. 인젠 일로 반항과 투쟁으로 매진할 밖에는 도리가 없다. 차차 차차 수와 세력이 많아진 군졸들은 무고(武庫)로 달려가 서 창고를 깨뜨리고, 각각 무기들을 꺼내가지고 폭동을 일으켰다. 어느덧 모여든 수백 명의 군졸. 그 위에 일없는 시민들까지 합류를 하여, 수천 명의 이 난민은 파괴행동을 시작하였다. 먼저 전 선혜당상(前宣惠堂 上) 김보현을 잡아 죽이자고 그리로들 몰려갔으나, 김보현은 마침 입궐하여 제 집에 있지 않았으므로, 집과 가장집물만 모두 부수고, 그 다음에 민겸호 의 집으로 달려갔으나, 겸호 역시 대궐에 들어가 있어서 그 집만 부수고, 거기서 갈라진 일대는 금옥으로 가서 옥을 부수고 죄수들을 놓아주었다. 장안은 뒤끓었다. 무기를 가진 난민들이 동서남북으로 횡횅을 하며, 아직 껏의 세도가의 집들을 다 닥치는 대로 부쉈다. 봄내 여름내 가물어서 타는 듯하던 날씨가, 이날 저녁 갑자기 비가 오기 시작하였다. 이것은 원(寃)을 씻는 비라 하여 난민들의 의기는 더욱 높았 다. “민가들을 죽여라.” “대원군을 모셔 가자.” 함성! 함성! 동란의 군중에게서, 이구동성으로 나오는 이 소리. 대궐에서는 지 급히 어전에 중신회의를 열고 이 동란 진압책을 강구하여 보 았다.\n",
		"passage_Cnt": 750
	},
	"Annotation": {
		"summary1": "받은 학대와 멸시를 마음속에 새겨두었던 군졸들은 모두 합심을 하여 폭등을 일으키고 이 사건이 변하여 정치화 되었다.",
		"summary2": null,
		"summary3": "이리하여 처음에는 단지 한낱 폭동에 싹을 내인 이 사건이, 돌연히 변하 여 정치화하게 되었다. 폭발된 분노. 격동된 군심. 아직껏 받은 학대와 멸시를 깊이 마음 속에 아로새겨 두었던 오영 군졸들 은, 순식간에 모두 합심이 되었다. 차차 차차 수와 세력이 많아진 군졸들은 무고(武庫)로 달려가 서 창고를 깨뜨리고, 각각 무기들을 꺼내가지고 폭동을 일으켰다.",
		"summary_3_cnt": 200
	}
}