{
	"Meta(Acqusition)": {
		"doc_id": "REPORT-literature-07410",
		"doc_category": "REPORT",
		"doc_type": "literature",
		"doc_name": "K박사의 연구",
		"author": "김동인",
		"publisher": null,
		"publisher_year": null,
		"doc_origin": "저작권위원회"
	},
	"Meta(Refine)": {
		"passage_id": "REPORT-literature-07410-07410",
		"passage": " 생어(M.Sanger)라 하는 폭녀가 나타나서 산아제한을 주장한 것을 일부 인도주의자는 눈살을 찌푸렸지만 거기도 상당한 근거가 있는 것을 어찌하랴. 위생관념이 많아가면서 연년이 사람의 죽는 율은 주는데 그에 반하여 이 지구는 더 커지지 않으니까 여기 사람의 나아갈 세 가지의 길이 생겼으니 하나는 ‘도로 옛날로 돌아가서 이 세상에서 위생이라 하는 것을 없이하고 살인 기관으로 전쟁을 많이 하여 사람의 수효를 도태하는 것’이요, 또 하나는 ‘사람의 출세(出世)를 적게 하는 것’이요, 나머지는 ‘아직껏 돌아보지 않던 데에서 식원료를 발견하는 것’이다. 여인인 생어는 이미 있는 인명을 없이하자 할 용기는 못 가졌었다. 여인인 생거는 신국면 발견이라 하는 천재적 두뇌도 못 가졌었다. 그는 마지막으로 고식적 구제책을 발견하였으니 그것이 ‘산아제한론’이다. 그러나 독창력과 발명력을 가진 오인(吾人)은 그러한 고식책으로서는 만족하지 못할지니 오인의 연구는 여기서 비롯하였다. 오인의 매일 배설하는 대변에는 아직 많은 자양분이 남아 있으니 그 전 분량의 3할 내지 7할, 평균 잡아서 5할 약이나 되는 자양분은 헛되이 땅속에서 썩어버린다(그리고 대변에 대한 분석표며 그 밖 숫자가 있지만 그것은 약해버리세). 이것을 헛되이 썩혀버릴 필요는 없다. 이것을 자아낼 수만 있다 하면 자아내어가지고 오인의 식탁에 올리는 것이 오인의 가장 정당한 행위라 아니할 수 없다. 각가지로 각 방면에서 일어나는 온갖 고식적 문제도 그 근본을 캐자면 인류의 식료품 결핍이라는 무서운 예감 때문에 생겨난 신경과민적 부르짖음이라 할 수 있으니 인류의 생활이 유족해지면 온갖 문제와 그 문제의 근본까지 저절로 사라질 것이다. 오인의 연구는 여기서 출발하였다(그리고 연구의 경로도 약해버리지).\n",
		"passage_Cnt": 875
	},
	"Annotation": {
		"summary1": "인도주의자들은 생어가 주장한 산아제한론에 대해 눈살을 찌푸렸다.",
		"summary2": null,
		"summary3": "생어(M.Sanger)라 하는 폭녀가 나타나서 산아제한을 주장한 것을 일부 인도주의자는 눈살을 찌푸렸지만 거기도 상당한 근거가 있는 것을 어찌하랴. 그는 마지막으로 고식적 구제책을 발견하였으니 그것이 ‘산아제한론’이다.",
		"summary_3_cnt": 123
	}
}