{
	"Meta(Acqusition)": {
		"doc_id": "REPORT-literature-07324",
		"doc_category": "REPORT",
		"doc_type": "literature",
		"doc_name": "수평선 너머로",
		"author": "김동인",
		"publisher": null,
		"publisher_year": null,
		"doc_origin": "저작권위원회"
	},
	"Meta(Refine)": {
		"passage_id": "REPORT-literature-07324-07324",
		"passage": "3, 사복 경관을 준비해 둘 것.\n─ 이 세 가지였다.\n여기서 필호는 생각하였다. 윤 백작 댁 공채는 아직껏은 안전하다. 그런데 서인준 일당이 내일 탈출한다는 일과 윤 백작 댁의 경계를 풀어 달라는 세 가지의 일을 관련하여 생각하면 혹은 오늘 밤 경찰의 경계를 풀게 하고 그 틈에 공채를 훔쳐 내 가지고 명일 도망가는 것이 아닌가 ─ 이렇게 생각치 않을 수가 없었다.\n필호는 두 가지를 다 승낙하였다. 승낙은 하였다 하지만 그 사이에라도 윤 백작 댁 공채에 손가락 하나라도 대면 그때도 자기의 약속을 지킬 의무까지 는 없었다.\n문제는 차차 종말이 되어 가는 것이 분명하였다. 일양일 내로 LC당원 전부 를 잡도록 해주마 하는 인준이의 말은 믿을 만한 말이매 LC당 문제는 일양 일 내로 해결될 것이다.\n서인준 일당은 내일 낮차로 상해로 돌아간다. 아직까지는 아무런 일도 행 치 못하였다. 그런즉 내일 그들의 배가 인천 부두를 떠날 때까지만 지켜 두 면 문제는 없어진다.\n여기서 필호는 인준이의 그 세 가지의 의견을 다 듣기로 약속을 하고 헤어 졌다.\n인제 하루나 이틀 동안이면 끝이 난다. 그 일양일 간을 무사히 지키려고 쓴 필호의 수단은 간단하였다.\n표면 윤 백작 댁의 경계를 풀었다.\n그러나 그것은 표면뿐이었다. 이면으로는 자기 스스로 아무에게도 알리지 않고 윤 백작 댁에 가서 숨어 있었다. 무슨 사건만 생기면 직각으로 출동할 수 있도록 근처 파출소에 경관들을 배치해 두고서 ─.\n이리하여 표면 경계가 풀린 윤 백작 댁에는 이필호 형사가 든든히 무장을 하고 지키고 있었다.\n",
		"passage_Cnt": 772
	},
	"Annotation": {
		"summary1": "필호는 서인준 일당이 내일 탈출하는 일과 세 가지의 일을 관련하여 생각하니 경찰의 경계를 풀게 하고 그 틈에 공채를 훔쳐 도망가는 것이 아닌지 생각하지 않을 수 없었다.",
		"summary2": null,
		"summary3": "그런데 서인준 일당이 내일 탈출한다는 일과 윤 백작 댁의 경계를 풀어 달라는 세 가지의 일을 관련하여 생각하면 혹은 오늘 밤 경찰의 경계를 풀게 하고 그 틈에 공채를 훔쳐 내 가지고 명일 도망가는 것이 아닌가 ─ 이렇게 생각치 않을 수가 없었다. 여기서 필호는 생각하였다.",
		"summary_3_cnt": 153
	}
}