{
	"Meta(Acqusition)": {
		"doc_id": "REPORT-literature-07219",
		"doc_category": "REPORT",
		"doc_type": "literature",
		"doc_name": "수평선 너머로",
		"author": "김동인",
		"publisher": null,
		"publisher_year": null,
		"doc_origin": "저작권위원회"
	},
	"Meta(Refine)": {
		"passage_id": "REPORT-literature-07219-07219",
		"passage": "십 분 쯤 뒤에 필호에게서 전화가 왔다.\n매켄지 대좌는 × × 정 × 씨의 주택(주인은 지금 여행중으로 빈 집)을 숙소 로 정하고 있는 점.\n완쇠 살해의 흉기 송곳은 사계의 전문가에게 감정시키자고 의논한 결과 오 늘 하룻밤 뿐은 서 박사에게 빌릴 수가 있다는 점.\n그 송곳을 지금 경찰서 급사로 하여금 서 박사의 아파트로 가져가게 하였 다는 점 ─ 이 세 가지 사연이었다.\n필호와의 전화를 끊고 인준이는 전화를 걸어서 누님을 찾아서 저녁 여덟시 정각에 윤 백작 댁 후문 밖에 있는 잡화전까지 나와서 삼십 초 동안만 만나 달라는 당부를 하였다.\n일은 착착 진행되었다.\nLC당의 흉수를 눈앞에 보면서 인준이는 그 LC당과의 정면 경쟁에 착수를 하였다.\n삼십 분 쯤 지나서 경찰서 급사가 송곳을 가져왔다.\n몇 군데 더 다닐 곳을 다녀서 서인준이가 피아노 강습소에 온 때는 밤 열 시가 될까 말까 하는 때였다.\n얼마 지나서 LC당의 제사급 당원이 유인되어 왔다. 그것을 즉시 감금하였 다.\n한참을 더 기다린 뒤에 드디어 오늘의 목적물인 김소춘이가 안 군에게 끌 려 왔다.\n그 소춘이에게 향하여 “거기 앉으시지요.” 할 때는 인준이의 얼굴은 인준이에게서는 보기 드물도록 삼엄하고 쌀쌀하였 다.\n소춘이는 주저하지 않고 앉았다.\n인준이는 자기네 당원들에게 향하여 “다른 방에 가서들 기다리시오. 이 방에서 나는 보통 음성이 들리지 않을 만한 아랫방으로들 가시오.” 하고 명하였다.\n“자 소춘 씨, 당신네 당에서도 간부의 명령은 보통 당원은 절대 복종이지 요? 우리도 역시 일반, 이 방에서 소춘 씨와 무슨 이야기를 하더라도 다른 사람은 듣지를 못합니다. 그것을 첫째로 소춘 씨에게 알리고 또 둘째로.” 인준이는 자기 포켓을 두드려 보였다.\n",
		"passage_Cnt": 855
	},
	"Annotation": {
		"summary1": "LC당의 제사급 당원을 감금한 지 한참 후 김소춘이 끌려왔을 때 인준은 자기네 당원들에게 음성이 들리지 않을 만한 아랫방으로 가라고 명하였다.",
		"summary2": null,
		"summary3": "한참을 더 기다린 뒤에 드디어 오늘의 목적물인 김소춘이가 안 군에게 끌 려 왔다. 인준이는 자기네 당원들에게 향하여 “다른 방에 가서들 기다리시오. 이 방에서 나는 보통 음성이 들리지 않을 만한 아랫방으로들 가시오.” 하고 명하였다. 얼마 지나서 LC당의 제사급 당원이 유인되어 왔다. 그것을 즉시 감금하였 다.",
		"summary_3_cnt": 177
	}
}