{
	"Meta(Acqusition)": {
		"doc_id": "REPORT-literature-07618",
		"doc_category": "REPORT",
		"doc_type": "literature",
		"doc_name": "축권",
		"author": "강경애",
		"publisher": null,
		"publisher_year": null,
		"doc_origin": "저작권위원회"
	},
	"Meta(Refine)": {
		"passage_id": "REPORT-literature-07618-07618",
		"passage": " \"기다리셨지요.\" \"네.\" 곁으로 오는 희숙의 가는 숨결소리를 들으며 승호는 맘이 푹 놓였다. 그 들은 가즈런히 난간에 걸터앉았다. \"동무를 나오라고 한 것은…….\" 희숙이는 머리를 번쩍 들며 승호를 똑똑히 바라본다. \"이번 ××회 주최로 열리는 축구대회에 우리 학교도 참가하는 것이 좋을 듯한데 동무의 의견은 어떠합니까.\" 희숙이는 잠잠히 무엇을 생각하는 듯하더니 \"동무! 표면만이 ××회 주최이지 그 실은 이 Y시 안의 온갖 ×들이 주최 하는 것입니다.\" 승호는 말끝을 얼른 받았다. \"네 잘 압니다! 그러나 우리들이 그들 틈에 섞여서 뛰는다더라도 과오만 범치않으면 됩니다. 그런데 특히 이번에 나가야 할 필요를 말하겠습니다.\n…… 우리 학교가 작년 검거 사건 이래 너무나 죽은 듯한 감이 있었습니다.\n그래서 이번 출전하는 것은 하필 승리를 거두어 보겠다는 것보다도 우리들 의 꺾이지 않은 존재를 대중에게 알리어 주고자 함이외다!\" 승호는 기침을 칵 하였다. 그리고 계속하였다. \"지금과 같은 반동기에 있어서는 지배계급의 적극적 탄압에 대중이 낙망 을 하고 비관하게 됩니다. 그러므로 우리들의 활동이 어느 면으로나 더욱 게으르지 않아야 합니다.\" 희숙이는 작년 이때 검거가 일어났을 때 동무들을 숨겨 주노라 밤중에 돌 아 다니던 기억이 얼핏 떠오르며 그때에 몹시도 얄밉던 저 달이 또 솟았구 나! 하고 흘끔 쳐다보았다. 그리고 웬일인지 주위가 그날밤 같아 휘휘 돌아 보았다.\n",
		"passage_Cnt": 717
	},
	"Annotation": {
		"summary1": "승호의 곁으로 가서 난간에 앉은 희숙이 승호의 말에 머리를 들며 쳐다본다.",
		"summary2": null,
		"summary3": "\"기다리셨지요.\" \"네.\" 곁으로 오는 희숙의 가는 숨결소리를 들으며 승호는 맘이 푹 놓였다. 그 들은 가즈런히 난간에 걸터앉았다. \"동무를 나오라고 한 것은…….\" 희숙이는 머리를 번쩍 들며 승호를 똑똑히 바라본다.",
		"summary_3_cnt": 123
	}
}