{
	"Meta(Acqusition)": {
		"doc_id": "REPORT-literature-07614",
		"doc_category": "REPORT",
		"doc_type": "literature",
		"doc_name": "재생(再生)",
		"author": "차상찬",
		"publisher": null,
		"publisher_year": null,
		"doc_origin": "저작권위원회"
	},
	"Meta(Refine)": {
		"passage_id": "REPORT-literature-07614-07614",
		"passage": "그가 김해부사로 있는 중 어떤 악한이 문서를 위조하여 남의 전답을 빼앗으 려다가 서로 소송(訴訟)이 되었는데 그가 악한의 간상(奸狀)을 알고 공정하 게 판정하여 그 악한(惡漢)을 낙송(落訟)시켰더니 그 악한이 원한을 품고 서울에 가서 그가 역모한다고 무고하여 그리된 것이다.\n그때 중종(中宗)께서는 연산군(燕山君)을 몰아내고 새로 즉위(卽位)하신 해이므로 인심이 아직 불안한 중에 있던 까닭에 행여나 어떤 사람이 무슨 불측한 마음을 먹고 반역의 행동이나 하지 안나 하고 항상 불안과 의심을 가지고 사방으로 기찰을 놓아 일반 인물들의 행동을 살피던 중 특히 연산군시대부터 지방관리로 유력한 사람들을 특별히 감시하던 차에 마침 김해 부 사 박영이 반역음모를 한다는 고변이 들리니 중종(中宗)께서는 크게 놀라고 크게 노하여 그를 어명으로 당장 잡아 올려다 친히 국문(鞠問)을 하는데 어 찌나 심하게 고형(拷刑)을 하던지 불과 얼마 안 가서 장대한 그의 골절이 다 부러졌다.\n그러나 그는 원체 애매한 까닭에 아무런 고문을 하여도 절대로 불복하고 소리를 쳐서 왕께 묻되 어떤 자가 이런 고변을 하였냐고 하였더니 왕도 숨기 지 안고 아무개가 그렇게 고변하였다고 하셨다.\n그자는 물론 김해에서 문서를 위조해 가지고 남의 전답을 빼앗으려던 자였 다. 그는 그제야 안심하고 전후사실을 왕께 아뢰이고 이어서 또 여쭈되 \"만일 그 사실대로 소인이 죄를 입게 된다면 그때 그 사실을 적발하여 감 사(監司)에게 보고하고 또 형벌까지 받게한 경주부윤 유인숙(慶州府尹柳仁 淑)은 소인보다도 그자와 결원(結怨)이 더 심할 터이오니 유(柳)를 불러다 가 하문 하신다면 소신이 무죄한 것을 통촉하시오리다.\" 하니, 중종(中宗)께서도 그럴듯이 들으시고 다시 유인숙을 불러다 심문한즉 과연 박영 말과 부합하므로 중종께서도 그제야 무고한 것을 알으시고 석방하는 동시에 그 악한은 도리어 무고죄(誣告罪)로 엄형을 받게 되었다.\n",
		"passage_Cnt": 945
	},
	"Annotation": {
		"summary1": "김해부사로 있던 그가 내린 공정한 판정에 원한을 품은 악한이 그가 역모한다고 무고하여 그리된 것이다.",
		"summary2": null,
		"summary3": "그가 김해부사로 있는 중 어떤 악한이 문서를 위조하여 남의 전답을 빼앗으 려다가 서로 소송(訴訟)이 되었는데 그가 악한의 간상(奸狀)을 알고 공정하 게 판정하여 그 악한(惡漢)을 낙송(落訟)시켰더니 그 악한이 원한을 품고 서울에 가서 그가 역모한다고 무고하여 그리된 것이다.",
		"summary_3_cnt": 153
	}
}