{
	"Meta(Acqusition)": {
		"doc_id": "REPORT-literature-07359",
		"doc_category": "REPORT",
		"doc_type": "literature",
		"doc_name": "독와사",
		"author": "김정진",
		"publisher": null,
		"publisher_year": null,
		"doc_origin": "저작권위원회"
	},
	"Meta(Refine)": {
		"passage_id": "REPORT-literature-07359-07359",
		"passage": "“그런데 이 집 주인은 참 어디를 갔어? 아주 누가 집어가 버렸나? 세상에 뒤숭숭한데 돈냥이나 있다고 누가 모셔 가지나 아니했나?” “글쎄, 그래 이제 온다는 말도 없다니 아주 함흥차사인가?” 여러 사람이 이렇게 입씨름을 하는 중에 상노 만돌이가 들어 왔다.\n120회 아들 사랑하는 마음 연통 안의관을 비롯하여 한 치각의 집 사랑에 모이던 사람들이 한 치각이 쓰 는 사랑 마루 끝에 걸터앉아서 주인 한 치각의 이야기를 하는 중에 상노 만 돌이가 들어온 것을 기회로 여러 사람들은 한 치각의 소식을 묻기 시작한다.\n무슨 일이든지 먼저 참여하는 약밥 정주사가 “예, 나으리는 어느 시골을 가셨니?” “모르겠어요. 함, 함경도를 가셨다던가요?” “함경도라니? 삼수갑산으로 가셨단 말이야? 그래 입때 편지도 아니 왔 니?” “나으리께서 어디를 가시면 언제 댁에 편지를 하시나요? 돌아다니시다가 돈이나 떨어지면 돈 보내라는 전보나 들어오지요. 서양이나 상해로 몇 해를 돌아다니신 때도 댁에는 노 영감이 계시건만 일 년에 편지 한 번을 아니 하 셨는데요.” “그래 혼자 가셨니? 누구하고 같이 가셨니?” “모르겠어요. 떠나시던 전 날 어디서인지 분홍 봉투의 편지가 한 장 들어 왔는데 그 이튿날 별안간에 떠나셨으니까 누구를 데리고 가셨는지도 모르지 요.” 이러한 만돌의 말을 듣더니 여러 사람은 제 생각과 추측하는 말을 내 놓는 다.\n“그러면 그렇지 혼자야 갈리가 있나? 또 이것을 달고 산 속으로 들어갔 네.” 하며 연통 안의관은 새끼 손가락을 까딱거려 보인다.\n",
		"passage_Cnt": 758
	},
	"Annotation": {
		"summary1": "연통 안의관을 비롯하여 한 치각의 집 사랑에 모인 사람들이 한 치각의 소식을 상노 만돌이에게 묻기 시작한다.",
		"summary2": null,
		"summary3": "연통 안의관을 비롯하여 한 치각의 집 사랑에 모이던 사람들이 한 치각이 쓰 는 사랑 마루 끝에 걸터앉아서 주인 한 치각의 이야기를 하는 중에 상노 만 돌이가 들어온 것을 기회로 여러 사람들은 한 치각의 소식을 묻기 시작한다.",
		"summary_3_cnt": 125
	}
}