{
	"Meta(Acqusition)": {
		"doc_id": "REPORT-literature-07679",
		"doc_category": "REPORT",
		"doc_type": "literature",
		"doc_name": "기아와 살육(殺戮)",
		"author": "최서해",
		"publisher": null,
		"publisher_year": null,
		"doc_origin": "저작권위원회"
	},
	"Meta(Refine)": {
		"passage_id": "REPORT-literature-07679-07679",
		"passage": " 그는 어디서든지 처지가 절박한 사람을 보면 가슴이 찌르르하면서도, 그 무리를 짓밟는 흉악한 그림자가 눈앞에 뵈는 듯해서 퍽 불쾌하였다. (아아, 내가 왜 저주를 하나? 모두 다 집어치워라. 어머니, 처, 자식 ─ 그 조그마한 데 끌릴 것 없다. 내 식구만 불쌍하냐? 세상에는 내 식구보다 도 백배나 주리는 사람이 있다. 이것저것 다 돌볼 것 없이 모든 인류가 다 같이 살아갈 운동에 몸을 바치자!) 그는 속으로 이렇게 결심도 하고 분개도 하였으나 아직 그렇게 나서기에는 용기가 부족하였다. 아니 용기가 부족이라는 것보담 식구에게 대한 애착이 너무 컸다. 지금도 어수선한 광경에 자극을 받은 경수는 무릎을 끌어안은 두 손 엄지 가락을 맞이어 배배 돌리면서 소리 없는 아내의 꼴을 골똘히 보고 있다. 철없는 학실이는 그저 몸에 와서 지근지근한다. 아까는 귀엽던 학실이도 이제는 귀찮았다. 그는 학실이를 보고, “내가 자겠다. 할머니 있는 데로 가거라.” 하면서 부엌에서 불을 때는 어머니를 가리켰다. 그리고 그는 그냥 드러누웠 다. 그는 이 생각 저 생각 끝에, 모두 죽어라! 하고 온 식구를 저주했다.\n모두 다 죽어 주었으면 큰 짐이나 벗어떼어 듯이 시원할 것 같다. (아니다. 그네도 사람이다! 산 사람이다. 내가 내 삶을 아낀다 하면 그네 도 그네의 삶을 아낄 것이다. 왜 죽으라고 해! 그네들을 이 땅에 묻어? 내 가 데리고 이 북만주에 와서 그네들은 여기다 묻어 놓고 내 혼자 잘 살아 가? 아아, 만일 그렇다 해 보자! 무덤을 등지고 나가는 내 자국자국에 붉은 피가, 저주의 피가 콜작콜작 괴일 테니 낸들 무엇이 바로 되랴? 응! 내가 왜 죽으려고 했을까! 살자! 뼈가 부서져도 같이 살자! 죽으면 같이 죽고!) 그는 무서운 꿈이나 본 듯이 눈을 번쩍 떴다가 다시 감으면서 돌아누웠다.\n",
		"passage_Cnt": 893
	},
	"Annotation": {
		"summary1": "경수는 분개도 하고 결심도 했으나 용기가 부족하고 식구에 대한 애착이 컸다.",
		"summary2": null,
		"summary3": "그는 속으로 이렇게 결심도 하고 분개도 하였으나 아직 그렇게 나서기에는 용기가 부족하였다. 아니 용기가 부족이라는 것보담 식구에게 대한 애착이 너무 컸다. 지금도 어수선한 광경에 자극을 받은 경수는 무릎을 끌어안은 두 손 엄지 가락을 맞이어 배배 돌리면서 소리 없는 아내의 꼴을 골똘히 보고 있다.",
		"summary_3_cnt": 168
	}
}