{
	"Meta(Acqusition)": {
		"doc_id": "REPORT-literature-07482",
		"doc_category": "REPORT",
		"doc_type": "literature",
		"doc_name": "공장신문",
		"author": "김남천",
		"publisher": null,
		"publisher_year": null,
		"doc_origin": "저작권위원회"
	},
	"Meta(Refine)": {
		"passage_id": "REPORT-literature-07482-07482",
		"passage": " “저녁 안 먹고 어델 나가니?” 그가 고무신을 신을 때 그의 모친이 뜰에까지 쫓아 나왔다. “괜찮아요. 곧 댄겨 올걸!” 그는 공회당을 향하여 집을 나섰다. 관수는 길을 걸으며 생각하였다. 마음에 직각되는 것은 파업이 끝날 때 만났던 사나이의 생각이다. 그 사나인가? 만일 그 사나이라면 어떻게 길섭 이가 전할까? 그것은 그러나 물론 가능치 못할 일은 아니었다. 그러면 그 방울 같은 하나인가? 그렇지 않으면 내가 알 만한 누구일까? 타탸 줄 열한 획수의 어떤 사나인가? 그는 여러 가지로 상상하며 저물어가는 교외의 길을 걸었다. 그가 공회당 가까이 가서 어떤 상점의 시계를 들여다보았을 때 바 로 정한 시간에서 일 분을 남겨 놓았었다. 그는 마지막 일 분간을 뛰어갔다. 공회당 뒤를 휙 한 번 휘돌아서 포플러 나무 선 곳을 본즉 아무도 없었다. 그러나 곧 어떤 허름한 옷을 입은 사나 이가 그 앞에 와 서서 담배를 붙였다. 관수는 가슴에 뛰었다. 그래서 언덕을 뛰어내려가며 본즉 그것은 자기 옆 에서 일하는 창선이라는 직공이었다. “여!” 그는 담배를 후 배뿜으며 그에게 손짓했다. 관수는 좀 견주었던 곳이 어 그러진 듯한 낙망을 느꼈다. 창선이면 물론 잘 안다. 창선이는 파업 이후에 신직공 모집에 끼어서 들어와 자기네 공장에서 일하게 된 직공이다. 이 사 나이는 물론 타탸 줄과는 아무 상관도 없었다. 이 사나이가 내게 무슨 말이 있단 말인가? 관수는 마음속에 좀 불평을 느끼면서 창선 가는 길을 따랄 묵 묵히 걸어갔다.\n",
		"passage_Cnt": 744
	},
	"Annotation": {
		"summary1": "관수는 공회당에서 창선이라는 직공을 만나 창선 가는 길을 따라 묵묵히 걸어갔다.",
		"summary2": null,
		"summary3": "그가 공회당 가까이 가서 어떤 상점의 시계를 들여다보았을 때 바 로 정한 시간에서 일 분을 남겨 놓았었다. 그래서 언덕을 뛰어내려가며 본즉 그것은 자기 옆 에서 일하는 창선이라는 직공이었다. 관수는 마음속에 좀 불평을 느끼면서 창선 가는 길을 따랄 묵 묵히 걸어갔다.",
		"summary_3_cnt": 151
	}
}