{
	"Meta(Acqusition)": {
		"doc_id": "REPORT-literature-07287",
		"doc_category": "REPORT",
		"doc_type": "literature",
		"doc_name": "독와사",
		"author": "김정진",
		"publisher": null,
		"publisher_year": null,
		"doc_origin": "저작권위원회"
	},
	"Meta(Refine)": {
		"passage_id": "REPORT-literature-07287-07287",
		"passage": "창 밖에는 날이 새어 시냇가에서 산새들이 찍찍거리는 소리가 들린다.\n114회 전당국의 활극 강진사와 리민영의 두 사람은 ××경찰서에 갇히어 한 달이 넘도록 날마다 혹독한 신문을 받고 있으나 두 사람은 판에 박은 듯이 아무것도 모른다는 것이 그들의 일관한 대답이었다. 경찰서에서는 두 사람이 좀처럼 사실을 자 백치 아니하므로 한편으로는 진범인이 아닌가 하는 의심이 생기기 시작하여 수사 방면을 딴 방면으로 전환을 하게 되었다. 수일전부터 경성 시내에 있 는 전당국과 고물상에게 한 치각이 분실한 몸시계와 돈 지갑의 특색을 자세 히 설명하고 만일 그러한 물건이 발견되거든 곧 경찰서에 전화로 밀고하라 고 엄중한 주의를 내리어 두었다.\n남극에서 오는 봄빛은 날마다 깊어지며 자욱한 안개 속에서 실낱 같은 봄 비가 고요하게 내린다. 오랫동안 추위에 떨고 있던 초목은 마음껏 힘껏 봄 비를 마시며 다시 자연계의 즐거운 춤을 준비하고 있다. 찬 서리에 잎이 떨 어지고 무거운 눈에 가지가 힘없이 늘어지던 초목들은 소리 없이 내리는 봄 비의 그 한 방울 두 방울이 잎을 다시 재촉하여 꽃을 부른다. ××경찰서 유치장에서 밝은 봄빛을 등지고 어두운 운명에 매달린 강진사와 리민영은 오늘도 또 사법 주임 앞에 무시무시한 신문을 당하고 있다.\n사법 주임은 무거운 어조로 “네가 종시 자백을 아니하면 검사국까지 넘어서 이 년도 과요, 삼 년도 과이다. 몇 해나 예심에서 고생을 한 뒤에 너는 나중에 증거가 드러나서 결 국은 징역을 하고야 말리니 그렇게 앙탈만 말고 얼른 자백하면 죄도 얼마쯤 은 가벼워질 터이니 깊이 생각하여 내일 신문받을 때는 자백하도록 하여 라.” 사법 주인은 강진사에게 또 이러한 꼬이는 말을 하였다.\n",
		"passage_Cnt": 842
	},
	"Annotation": {
		"summary1": "강진사와 리민영이 한 달이 넘도록 신문을 받아도 사실을 자백치 아니했다.",
		"summary2": null,
		"summary3": "114회 전당국의 활극 강진사와 리민영의 두 사람은 ××경찰서에 갇히어 한 달이 넘도록 날마다 혹독한 신문을 받고 있으나 두 사람은 판에 박은 듯이 아무것도 모른다는 것이 그들의 일관한 대답이었다. 경찰서에서는 두 사람이 좀처럼 사실을 자 백치 아니하므로 한편으로는 진범인이 아닌가 하는 의심이 생기기 시작하여 수사 방면을 딴 방면으로 전환을 하게 되었다.",
		"summary_3_cnt": 200
	}
}