{
	"Meta(Acqusition)": {
		"doc_id": "REPORT-literature-07513",
		"doc_category": "REPORT",
		"doc_type": "literature",
		"doc_name": "어머니를찾아서",
		"author": "채만식",
		"publisher": null,
		"publisher_year": null,
		"doc_origin": "저작권위원회"
	},
	"Meta(Refine)": {
		"passage_id": "REPORT-literature-07513-07513",
		"passage": " 집에서는 엉엉 울고 저물게 들어오는 부룩쇠를 할머니가 전에 없이 곰살갑게 달래며 밥을 주고 아버지는 부룩쇠가 그래도 울음을 그치지 아니하니까 때려주고는 휙 나가버렸읍니다. 부룩쇠는 할머니가 달래는 것을 그치지 아니 하고 내처 울다가 지쳐서 잠이 들어버렸읍니다. 잠결에 몇 번이나 여느 때 하듯이 어머니의 젖꼭지를 만졌지만 어쩐지 이상스러웠읍니다. 이튿날 새벽에 웅성거리는 소리에 잠이 깨어보니까 어머니는 그래도 안 보이고 아버지만 그때야 돌아 오셨습니다. 아버지는 할머니와 마주 앉아 이를 북북 갈며 “그 년놈을! 그저 그 년놈을 잡기만 잡으면 그저……” 하고 누구를 욕을 하는데 부룩쇠는 무슨 속인지를 몰랐읍니다. 그러고 부룩쇠가 또 어머니를 찾다가 우니까 아버지는 어제 저녁처럼 야단도 아니 하고 때려주지도 아니 하고 되레 사탕을 주면서 살살 달랬읍니다. 사탕이 좋아서 부룩쇠는 그때만 어머니를 잊어버리고 울음을 그쳤읍니다. 그 뒤로 어머니는 영영 없었습니다. 부룩쇠는 아주 풀이 죽어버렸읍니다.\n어디 나가 놀다가 들어올 때도 사립문 밖에서 엄마하고 부르기는 하지만 제 깐에도 시름이 없어 소리도 크지 아니했읍니다. 할머니가 어머니 대신 안고 재워주고 밥도 주고 옷도 입혀주고 하기는 하지만, 어머니가 그래 줄 적만큼 편안하고 맛있고 좋고 하지 아니했읍니다. 아버지도 전보다는 더 귀애해 주었지만 그것도 어머니가 있는 것만 못했읍니다. 그런데 그러던 아버지마저 어느 날 “서울 가서 엄마 데리구 오께 그새 울지 말고 있으라.” 고 이르고 나가버리더니 영영 또 오지 아니했읍니다. 부룩쇠는 할머니와 단둘이서 더욱 쓸쓸히 지냈읍니다. 더구나 밥을 못 해먹을 때가 많아 그런 때면 한결이나 어머니 생각이 나서 울곤 했읍니다.\n",
		"passage_Cnt": 854
	},
	"Annotation": {
		"summary1": "부룩쇠는 할머니가 어머니 대신 키워주셨지만, 밥을 못 먹을때가 잦아 어머니 생각에 울며 더욱 쓸쓸히 지냈습니다.",
		"summary2": null,
		"summary3": "부룩쇠는 할머니와 단둘이서 더욱 쓸쓸히 지냈읍니다. 더구나 밥을 못 해먹을 때가 많아 그런 때면 한결이나 어머니 생각이 나서 울곤 했읍니다. 할머니가 어머니 대신 안고 재워주고 밥도 주고 옷도 입혀주고 하기는 하지만, 어머니가 그래 줄 적만큼 편안하고 맛있고 좋고 하지 아니했읍니다.",
		"summary_3_cnt": 160
	}
}