{
	"Meta(Acqusition)": {
		"doc_id": "REPORT-literature-07387",
		"doc_category": "REPORT",
		"doc_type": "literature",
		"doc_name": "봄·봄",
		"author": "김유정",
		"publisher": null,
		"publisher_year": null,
		"doc_origin": "저작권위원회"
	},
	"Meta(Refine)": {
		"passage_id": "REPORT-literature-07387-07387",
		"passage": "“얘, 그만 일어나 일 좀 해라. 그래야 올 갈에 벼 잘 되면 너 장가들지 않니.” 그래 귀가 번쩍 띄어서 그날로 일어나서 남이 이틀 품 들일 논을 혼자 삶아 놓으니까 장인 님도 눈깔이 커다랗게 놀랐다. 그럼 정말로 가을에 와서 혼인을 시켜 줘야 원 경우가 옳지 않겠나. 볏섬을 척척 들여 쌓아도 다른 소리는 없고 물동이를 이고 들어오는 점순이를 담 배통으로 가리키며, “이 자식아 미처 커야지. 조걸 무슨 혼인을 한다고 그러니 원!” 하고 남 낯짝만 붉게 해주고 고만이다. 골김에 그저 이놈의 장인님, 하고 댓돌에다 메꽂고 우리 고향으로 내뺄까 하다가 꾹꾹 참고 말았다. 참말이지 난 이 꼴 하고는 집으로 차마 못 간다. 장가를 들러 갔다가 오죽 못났어야 그대로 쫓겨 왔느냐고 손가락질을 받을 테니까…….\n논둑에서 벌떡 일어나 한풀 죽은 장인님 앞으로 다가서며, “난 갈 테야유, 그 동안 사경 쳐내슈.” “너 사위로 왔지 어디 머슴 살러 왔니?” “그러면 얼찐 성례를 해줘야 안하지유. 밤낮 부려만 먹구 해준다 해준다…….” “글쎄 내가 안하는 거냐? 그년이 안 크니까…….” 하고 어름어름 담배만 담으면서 늘 하는 소리를 또 늘어놓는다.\n이렇게 따져 나가면 언제든지 늘 나만 밑지고 만다. 이번엔 안된다 하고 대뜸 구장님한테 로 판단 가자고 소맷자락을 내끌었다.\n“아 이 자식아, 왜 이래 어른을.” 안 간다고 뻗디디고 이렇게 호령은 제 맘대로 하지만 장인님 제가 내 기운은 못 당한다. 막 부려먹고 딸은 안 주고 게다 땅땅 치는 건 다 뭐야…….\n",
		"passage_Cnt": 758
	},
	"Annotation": {
		"summary1": "점순이를 가을에 혼인 시켜줘야 경우가 옳지만 남 낯짝만 붉게 해주고 고만이다.",
		"summary2": null,
		"summary3": "그럼 정말로 가을에 와서 혼인을 시켜 줘야 원 경우가 옳지 않겠나. 볏섬을 척척 들여 쌓아도 다른 소리는 없고 물동이를 이고 들어오는 점순이를 담 배통으로 가리키며, “이 자식아 미처 커야지. 조걸 무슨 혼인을 한다고 그러니 원!” 하고 남 낯짝만 붉게 해주고 고만이다.",
		"summary_3_cnt": 152
	}
}