{
	"Meta(Acqusition)": {
		"doc_id": "REPORT-literature-07249",
		"doc_category": "REPORT",
		"doc_type": "literature",
		"doc_name": "정열은 병인가",
		"author": "김동인",
		"publisher": null,
		"publisher_year": null,
		"doc_origin": "저작권위원회"
	},
	"Meta(Refine)": {
		"passage_id": "REPORT-literature-07249-07249",
		"passage": " 선우 박사는 서구의 이 말에 적지 않게 감동되었다. 말에 감동된다는 것은 말의 의미보다도 첫째로 말하는 태도에 감동되었다. 이 서구라는 친구 웬만한 말은 모두 농(弄)조로 넘겨버리고 대답까지도 농 조로 하므로 어디까지가 농담이며 어디까지가 진심인지 경계선을 구별키 힘 든 사람이었다. 오늘도 처음에는 농으로 시작하였다. 그러나 차차 어느덧 농에서 벗어났 다. 그리고 진실로 선우 박사의 배필을 작정하는 데 신중히 주의하기를 청한다. 이 태도가 기뻤다. 그 다음에 서구의 말의 뜻에 감동되었다. 사실 선우 박사 자신도 김여경을 결코 미인이라고 생각하지 않는다. 선우 박사 자기의 말마따나 맘보 하나만 본 것이었다. 맘보는 어느 모로 보든지 참 고왔다. “또 그 자네 말마따나 맘보 말일세.” 서구는 이야기를 계속하였다. “자넨 여자 상종이 정 없지?” “드물지.” 서구는 몸을 돌려서 자기 뒤에 있는 라디오를 틀어 놓았다. 자기네의 이야 기가 곁방에 있는 간호부들에게 들리지 않게 하기 위해서였다. “내 짐작컨대 자네 여자 상종이란 기껏해야 환자나 간호부들뿐이겠네그 려.” “응.” “환자는 환자지 여자라구 따루 취급할 수 없으니깐 여자 상종이란 간호부 뿐일세그려.” “응.” 박사는 그저 응응 할 밖에는 도리가 없었다. “간호부란 동물은 ― 간호부란 인물은 개중에는 혹은 봉사(奉仕)정신이라 든가 희생 기분을 가지고 와 있는 사람두 있을지 모르지만 십중팔구는 월급 ― 월급이 얼만가? 이십 원? 이십오 원?” “그저 이십오 원에서 사십 원꺼정?…” “그 돈을 자네에게서 따내다가 제 부모든가 동생 자식이나 남편과 살림하 고자 와 있는 게지. 뭐 선우 박사께 반해서 와 있다든가 세상에 불쌍한 병 인들을 간호코자 와 있다든가 하는 사람은 적겠지? 그런가? 안 그런가?” “아마 대개 그편이겠지.” “그러니깐 두루 말야. 자네가 본 바의 여자라는 건 모두 순탄한 길을 밟아 나가는 사람들이 아니어 든.” 그런 때에 자네 앞에 김사각(四角) ― 용서하게. 그 김씨가 나타났으니 자 네가 지금껏 보던 여인과는 대상부동인 여인이란 말이지 반하는 게 당연하 지. 그렇지만 사내의 욕심이란 제 안해가 외표가 남보다 썩 떨어지는 것두 속이 편치 못해. 처음엔 소위 맘보가 곱다구서 덜컥 혼인을 한다 하세. 혼 인한 뒤 한가한 일요일이든가 그런 날 자네 내외분이 동반해서 산보라두 나 간다고 하세. 그런 때 길에서 보는 사람들 ― 사내건 여편네건 말일세 ― 그 아가씨 참 체격두 웅장두 하시군. 지게를 져 먹어두 남편 굶기지는 않을 걸 이런 소리라두 들리면 마음이 좋겠나? 자네게 진찰받으러 오는 미녀들을 젖가슴을 두드리면서 지금 집에서 양복장을 혼자서 지구 딴 곳으로 옮겨놓 을 마누라를 생각하면 기쁘겠나? 이런 감정이 쌓이고 쌓이면 나중에 마누라 에게 대한 불만이 차차 커 갈 게 아닌가. 그 감정이 커질 대루 다 커진 뒤 엔 그때두 맘보를 곱다구 그냥 자네가 얼굴을 붉히며 여왕님 여왕님 하겠 나?” 박사는 머리를 숙이고 고요히 들었다.\n",
		"passage_Cnt": 1472
	},
	"Annotation": {
		"summary1": "서구라는 친구는 농담과 진심을 구별키 힘든 사람이지만 선우 박사는 배필에 대해 진실로 말하는 서구의 태도와 말의 뜻에 감동되었다.",
		"summary2": null,
		"summary3": "선우 박사는 서구의 이 말에 적지 않게 감동되었다. 말에 감동된다는 것은 말의 의미보다도 첫째로 말하는 태도에 감동되었다. 그리고 진실로 선우 박사의 배필을 작정하는 데 신중히 주의하기를 청한다. 이 서구라는 친구 웬만한 말은 모두 농(弄)조로 넘겨버리고 대답까지도 농 조로 하므로 어디까지가 농담이며 어디까지가 진심인지 경계선을 구별키 힘 든 사람이었다. 그 다음에 서구의 말의 뜻에 감동되었다. “내 짐작컨대 자네 여자 상종이란 기껏해야 환자나 간호부들뿐이겠네그 려.” “응.” “환자는 환자지 여자라구 따루 취급할 수 없으니깐 여자 상종이란 간호부 뿐일세그려.” “응.” 박사는 그저 응응 할 밖에는 도리가 없었다.",
		"summary_3_cnt": 352
	}
}