{
	"Meta(Acqusition)": {
		"doc_id": "REPORT-literature-07644",
		"doc_category": "REPORT",
		"doc_type": "literature",
		"doc_name": "깨어진 물동이",
		"author": "김동인",
		"publisher": null,
		"publisher_year": null,
		"doc_origin": "저작권위원회"
	},
	"Meta(Refine)": {
		"passage_id": "REPORT-literature-07644-07644",
		"passage": " 그 어떤날 하형은 제 새 안해에게 생활 방침의 플랜을 의논하여 보았다. “서로 이렇게 살림이랍쇼 시작은 하였지만 어떻게 지낼까.” 사실 딱한 문제였다. 혼잣살림에도 부족하던 녹(祿)이었다. 두 사람의 입에 풀칠을 하기는 염도 낼 수가 없었다. 살림은 시작은 하였지만 이것이 가장 긘급한 문제였다. 그런데 안해는 그 문제에는 그다지 관심치 않는 듯하였다. “어떻게 되겠지요.” 이것이 안해의 대답이었다. “그것은 자네가 모르는 말일세. 어떻게 되겠느냐 말이야.” “생각해 보세요. 제가 오기 전에도 나리는 굶지야 않으셨겠지요. 저도 나리께 오기 전에도 굶고 지내지는 않았어요. 굶지 않던 사람 두 사람이 모여서 왜 굶게 되겠읍니까.” 이치로 따져 보자면 딴은 그렇기도 하다. 굶지 않던 사람끼리인지라 두 사람이 되었다고 갑자기 굶어질 까닭이 없다. 그러나 생활의 문제가 그렇듯 단순하게 해결될 것이 아니다. 하형은 그래도 의아한 얼굴을 하였다. 그 때에 그의 안해는 얼굴에 미소를 넘쳐 가지고 하형의 얼굴을 바라보면서 말하였다. “왜 그리 잔 걱정이 많으세요. 나리께서는 나리 할 일만 넉넉히 당해 나가세요. 집안 다스리기는 여인의 할 일이니 그저 가만 두고 조시기만 하세요. 제가 본시 나리께 허락한 것은 호강을 하자고 한바도 이니요 나리를 보매 녹록한 분이 아니로서 장래 한 번 고함치실 날이 계시겠기에 그것을 보고 온 것이니까 호강을 원치 않아요. 나리 힘 자라시는 껏 벌어주시면 저는 제 힘 자라는 껏 공궤를 하겠사오니 아무 다른 염려 마세요,” 그리고 거기 대하여 하형이 다시 무슨 말을 하여 할 때에 안해는 딴 말을 꺼내어 하형의 말을 막아 버렸다.\n",
		"passage_Cnt": 818
	},
	"Annotation": {
		"summary1": "혼잣살림에도 부족하던 녹으로 두 사람 입에 풀칠은 염도 낼 수 없어 하형이 새 안해에게 생활 방침을 의논하자 안해는 그다지 관심치 않고 어떻게 되겠지요라고 답했다.",
		"summary2": null,
		"summary3": "그 어떤날 하형은 제 새 안해에게 생활 방침의 플랜을 의논하여 보았다. 혼잣살림에도 부족하던 녹(祿)이었다. 두 사람의 입에 풀칠을 하기는 염도 낼 수가 없었다. 그런데 안해는 그 문제에는 그다지 관심치 않는 듯하였다. “어떻게 되겠지요.” 이것이 안해의 대답이었다.",
		"summary_3_cnt": 153
	}
}