{
	"Meta(Acqusition)": {
		"doc_id": "REPORT-literature-07479",
		"doc_category": "REPORT",
		"doc_type": "literature",
		"doc_name": "수평선 너머로",
		"author": "김동인",
		"publisher": null,
		"publisher_year": null,
		"doc_origin": "저작권위원회"
	},
	"Meta(Refine)": {
		"passage_id": "REPORT-literature-07479-07479",
		"passage": "황량한 바람이 천지를 휩쓰는 겨울달이었다.\n인준이는 극장에를 구경 갔다. 자선 연극이었다. 크리스마스에 따뜻한 국 한 그릇도 끓여 먹지 못하는 세민들에게 조금씩이라도 나누어 주고자 소위 유지들이 이 극장을 빌려서 자선 연극을 하는 것이었다.\n배우들의 하는 연극이 아니고 소위 신사들이 하는 연극이라 연극은 보잘것 이 없었다.\n그러나 거기서 인준이로 하여금 경악케 한 것은 막간(幕間)에 나와서 독창 을 하는 가수였다.\n누런 머리털의 탈을 쓰고 농후한 화장을 한 젊은 여인이었으므로 무론 그 렇다고 단정은 할 수가 없지만 그 음성 그 태도 그 스타일에서 인준이는 그 가수를 미스 영이라 보았다.\n프로그램 뒤져보매 L M 매켄지 대좌부인이라 적히어 있어서 미스 영으로 단정을 할 수는 없으나 직각적으로 인준이는 그 가수가 미스 영이라 단정하 였다.\n카르멘의 하바네라의 한 곡조를 전문적 오페라 배우에 지지 않을 이만치 교 묘히 부르고 막 뒤로 사라지는 그 여인의 위에 경악의 눈을 잠시 던지고 있 던 인준이는 문득 정신을 수습하여 가지고 사무실로 달려갔다. 그리고 오늘 연극의 주최 대표자인 상해 자선협회장 X씨를 찾아서 매켄지 대좌부인에게 의 면회를 청하였다.\n그러나 X씨의 대답은 대좌부인은 밤 열시에 상해를 출발하는 배로써 일본 신호(神戶)로 향하여 그의 남편 매켄지 대좌와 함께 출발 관계상 독창을 끝 낸 뒤에 즉시로 극장을 나섰다 한다.\n무론 여기서 이치대로 일이 되는 것이라면 인준이는 즉시 상해 부두로 날 라가서 우선(郵船) 사무소에 가서 대좌부인의 정체를 좀 더 추구하여 보아야 할 것이다. 그러나 인준이는 그렇게 하지 않았다.\n",
		"passage_Cnt": 806
	},
	"Annotation": {
		"summary1": "배우들이 출연하는 연극이 아닌 신사들로 꾸려진 연극을 하는 극장에 인준이가 구경갔다. ",
		"summary2": null,
		"summary3": "인준이는 극장에를 구경 갔다. 크리스마스에 따뜻한 국 한 그릇도 끓여 먹지 못하는 세민들에게 조금씩이라도 나누어 주고자 소위 유지들이 이 극장을 빌려서 자선 연극을 하는 것이었다. 배우들의 하는 연극이 아니고 소위 신사들이 하는 연극이라 연극은 보잘것 이 없었다.",
		"summary_3_cnt": 149
	}
}