{
	"Meta(Acqusition)": {
		"doc_id": "REPORT-literature-07698",
		"doc_category": "REPORT",
		"doc_type": "literature",
		"doc_name": "집념(執念)",
		"author": "윤백남　",
		"publisher": null,
		"publisher_year": null,
		"doc_origin": "저작권위원회"
	},
	"Meta(Refine)": {
		"passage_id": "REPORT-literature-07698-07698",
		"passage": " 두옥이는 이날 하루를 눈물로 보내고 이튿날 일찍 어니 일어나서 소복단장 하고 나서 숙모를 보고 천만 뜻밖에 고별을 한다.\n\"아주머니 이런 말을 하오면 저년 환장을 했다고 하시겠지마는 나는 암만 생각해 보아도 김감사 대감을 저버리고는 내내 살이 싶지 않습니다. 이 길 로 나는 그 대감 뒤를 따라 서울로 올라갈 테니 아주머니는 이 집과 세간 을 다 차지해 이지고 어린 기생 하나 데려다이 살고 계슈.\" \"아니 이게 웬 소리냐, 내이 더 산들 몇해나 산단 말이냐, 그아 난들 너 를 끝내 이 생활을 허두룩아 두고 싶겠느냐, 인심 후하고 두둑이 있는 사 람을 만나 살게 되면 나 같은 것아 어찌 된들 설마 나를 굶기기아 하겠니, 다 너를 위해서 하는 일이지. 그런데 지금 네이 그 대감의 뒤를 쫓아간다 하지마는 그것두 전 일에 서로 언약이나 있었다며는 모르거니와 저편에선 아무 생각도 없는데 짝사랑으로 쫓아갔다이 퇴각을 당하면 그 아니 부끄러 우냐. 아서라 그러지 말고 마음을 진정해라. 사람이 정이 있는 이 같으면 아 떠날 때에 그래 너를 불러 보지두 않는단 말이냐, 그런 냉정한 사람을 쫓다니 망발이다 망녕이어.\" 하고 극구 말리었다. 그러나 두옥의 결심은 굳었다. 물론 그런 언약이 없었던 것은 사실이다. 그러나 모든 것을 버리고 뒤에 쫓아왔다 하면 아무리 목석일지라도 어찌 감동됨이 없으랴. 두옥의 마음은 화살 같이 앞으로 앞으로 달릴 뿐이었다. 그리하여 그는 고 집에 고집을 세우고 집을 떠나기로 하였다.\n",
		"passage_Cnt": 734
	},
	"Annotation": {
		"summary1": "이튿날 일찍 소복단장하고 숙모에게 고별을 한 두옥의 마음은 앞으로 달릴 뿐이며 고집을 세우고 집을 떠나기로 하였다.",
		"summary2": null,
		"summary3": "두옥이는 이날 하루를 눈물로 보내고 이튿날 일찍 어니 일어나서 소복단장 하고 나서 숙모를 보고 천만 뜻밖에 고별을 한다. 두옥의 마음은 화살 같이 앞으로 앞으로 달릴 뿐이었다. 그리하여 그는 고 집에 고집을 세우고 집을 떠나기로 하였다.",
		"summary_3_cnt": 134
	}
}