{
	"Meta(Acqusition)": {
		"doc_id": "REPORT-literature-07606",
		"doc_category": "REPORT",
		"doc_type": "literature",
		"doc_name": "허영",
		"author": "홍난파",
		"publisher": null,
		"publisher_year": null,
		"doc_origin": "저작권위원회"
	},
	"Meta(Refine)": {
		"passage_id": "REPORT-literature-07606-07606",
		"passage": " 자태의 아름다움은 여자의 생명이라고도 하겠지마는 여자에게는 얌전한 자 태 이외에 무엇이든지 더 있어야 된다고 생각했다. 그 까닭에 옥지의 자태 는 비록 아름답지마는 석구의 눈에는 자기의 요구하는 바 무엇 한 가지가 부족한 줄을 알았다. 그같은 소리는 지금 다시 의논할 필요도 없지마는 오 늘 원유회에 손님으로 온 김 자작 부인인 정자의 용모가 옥지와 같은 것으 로 인하여 일후에 무슨 착오가 생길지? 어떠한 실수를 할지, 이도 또한 우 스운 일이다. 그 때 마침 옥지가 후원 한 모퉁이로 돌아가려니까 그 건너 나무 밑에서 박 백작의 아들 흥식이와 김 자작의 부인 정자 사이에 무슨 정론이 일어난 듯하다. 옥지는 얼핏 몸을 숨기고 걸음을 가벼이 하여 그 옆에까지 이른 후 에 나무 뒤에 숨어서 두 사람의 말을 듣고 있다. 흥식은 정자를 보면서, 정자 씨! 그대로 말하면 자작의 부인으로 단지 2, 3천 원의 돈을 변통할 수가 없어서야 어찌한단 말씀이오? 돈도 없지마는 그같은 서류를 살 수가 없어요.\n라고 정자는 말을 했다. 무어? 아니 사신단 말씀이지요? 당신도 남의 사나이를 농락하여 무던히 도 간장을 녹이더니 그래 당신이 내게 보낸 편지 다섯 장쯤이야 사도 무방할 터인데. 아무래도 그 편지는 살 수 없습니다. 어째서 살 수가 없다고만 하시오. 사기가 싫다는 말씀이오? 네, 사기가 싫어요. 정자는 짧게 말을 받았다. 그만 두시오. 만일 정자 씨가 이것을 안 사겠다고 하시면 이 편지 살 사 람은 또 있습니다. 김 자작에게 이러한 편지를 보이면 2, 3천 원은 고사하 고 2, 3만원은 안 내놀 줄 아시오? 그러니까 길게 말씀할 것 없이 아주 잘 라 말씀하시오.\n",
		"passage_Cnt": 822
	},
	"Annotation": {
		"summary1": "옥지의 자태는 아름답지만 석구의 눈에는 한 가지가 부족하며 오늘 원유회 손님으로 온 김 자작 부인인 정자의 용모가 옥지와 같았다. ",
		"summary2": null,
		"summary3": "그 까닭에 옥지의 자태 는 비록 아름답지마는 석구의 눈에는 자기의 요구하는 바 무엇 한 가지가 부족한 줄을 알았다. 그 때 마침 옥지가 후원 한 모퉁이로 돌아가려니까 그 건너 나무 밑에서 박 백작의 아들 흥식이와 김 자작의 부인 정자 사이에 무슨 정론이 일어난 듯하다. 그같은 소리는 지금 다시 의논할 필요도 없지마는 오 늘 원유회에 손님으로 온 김 자작 부인인 정자의 용모가 옥지와 같은 것으 로 인하여 일후에 무슨 착오가 생길지?",
		"summary_3_cnt": 244
	}
}