{
	"Meta(Acqusition)": {
		"doc_id": "REPORT-literature-07642",
		"doc_category": "REPORT",
		"doc_type": "literature",
		"doc_name": "젊은 날의 한 구절",
		"author": "채만식",
		"publisher": null,
		"publisher_year": null,
		"doc_origin": "저작권위원회"
	},
	"Meta(Refine)": {
		"passage_id": "REPORT-literature-07642-07642",
		"passage": " 그 끝에 창선이 빈들빈들 웃으면서 “특히 그, 자못 델리케트하게 생긴 건너방의 영양을 위해서 ?” 하고 주석을 달아놓는다. 윤달과 도영과 두식은 다 같이, 제네들의 방금 비밀한 마음을 빠안히 갖다 가 들킨 것 같아 속으로 얼굴이 근질근질해 못하겠었다. “실상, 그런 게 아니라……” 윤달이 그래서 변명 비슷하게 설명을 한단 소리가…… “……우리가 답롈 해야 될 조건이 한 가지 있다네 !” “오늘 낮에 대접받은 ?” “어떻게 아나 ?” “머어, 남수가 쌔와렸지 !” 두식이 한마디 뚱기던 것이고. “자네들 셋이서 제각기 아마 총 부릴 댄 모양이지 ?” “네라 낀 석 ! 순수불가침이다.” “순수하니깐 가(可)침이지 !” “너, 창선이 인석, 괜히 그 색시한테 흥밀 가질세라 !” “거바 ! 느이가 모두 우선권이 있대서, 나한텐 텃셀 하는지 아냐 ?” “아니다 ! 우리가 고이 놓구서 바라다보는 꽃인데, 천하 손버릇 고약한 넨석이, 또……” “내 손버릇이 어때서 ?” “허긴 또, 다시 없이 얌전이야 하지만서두……” “질렀다 껐다 야단 이루구나 ?…… 단단히 아마 위협을 느끼겠는 모양이지 ?” “내야 머어, 다아 늙은 사람이……” “워너니 네겐 좀, 과한 상두 부르더라마는……” “근석이 인전 날 갖다가 자뭇 모욕을 한다 !” “거, 보라니깐 ? ……아뭏 던지 넌 그렇다구 해두구서…… 도영인 어떤고 ?” “묘하겐 생겼지만서두 만주 와이프룬 소용이 안돼 !” “연애와 결혼은 다르잖나 !” “그렇다면 몰라두……” “역시 이 뭉해 !…… 그리구 그 다음, 윤달이 자넨 ?” “뭐가 ?” “스침 따지 말구우 !” “멀 그래 ?” “저 얼굴 빨개지는 거 보겠지 ?” “온, 어디서……” “자네두 그만하면 알겠어 ! 허허허허 ! 역시 내 짐작이 들어맞었군 !” “그래, 넌 ? 인석……” 두식이 그만 결이 나서, 고개를 잔뜩 들여밀면서 “……넌, 머냐 ? 너 좀 말해봐라 !” “난, 오늘 들어 단 짝 벌써 연 앨 한 걸 !” “어림없다 !” “낼 오후에 영화 구경 데리구 나갈 테니, 볼 테냐 ?” “어림없어 !” “약속을 했다면 ?” “정말이냐 ?” “했다면 어쩔 테냔 말야 ?” “그랬다면 넌 인석 악마다 ! 악마 !” “허허허 ! 그 악만 됐어 !” “악마가 아니구서야 그런 요술을 부리나 !” “악마란 소리 한마디에, 네 그 핍절한 심정이 선연하게 드러난다 !” “이건 바루, 어린애 놀리듯 놀려먹느냐 ?” “아뭏던지들 재밌어 보이네, 부럽네 ! 연 앨 하고저 하는 마음이란 젊은 기상이니깐…… 자네들 그 젊은 기상을 오래간만에 만나니 나두 같이서 젊 어지는 것 같으이 !” 두식과 윤달과 도영은 다 같이 창선으로 하여 비로소 한 줄기의 불안과 위 협을 제각기 느끼지 않을 수가 없이되었다.\n",
		"passage_Cnt": 1341
	},
	"Annotation": {
		"summary1": "창선이 빈들빈들 웃으며 건너방의 영양을 위해서 하고 말하자 윤달과 도영과 두식은 비밀한 마음을 들킨 것 같아 속으로 얼굴이 근질근질해 못하겠었다.",
		"summary2": null,
		"summary3": "그 끝에 창선이 빈들빈들 웃으면서 “특히 그, 자못 델리케트하게 생긴 건너방의 영양을 위해서 ?” 하고 주석을 달아놓는다. 윤달과 도영과 두식은 다 같이, 제네들의 방금 비밀한 마음을 빠안히 갖다 가 들킨 것 같아 속으로 얼굴이 근질근질해 못하겠었다. “실상, 그런 게 아니라……” 윤달이 그래서 변명 비슷하게 설명을 한단 소리가…… “……우리가 답롈 해야 될 조건이 한 가지 있다네 !” “오늘 낮에 대접받은 ?” “어떻게 아나 ?” “머어, 남수가 쌔와렸지 !” 두식이 한마디 뚱기던 것이고.",
		"summary_3_cnt": 280
	}
}