{
	"Meta(Acqusition)": {
		"doc_id": "REPORT-literature-07486",
		"doc_category": "REPORT",
		"doc_type": "literature",
		"doc_name": "해돋이",
		"author": "최서해",
		"publisher": null,
		"publisher_year": null,
		"doc_origin": "저작권위원회"
	},
	"Meta(Refine)": {
		"passage_id": "REPORT-literature-07486-07486",
		"passage": "그네들 가운데는 자기의 딸과 중국 사람의 전 지와를 바꾸는 이가 있다. 그 네들은 일본과 중국과의 이중 법률(二重法律)의 지배를 받는다. 아무런 힘 없는 그네들은 두 나라 틈에서 참혹한 유린을 받고 있다. 그래도 어디 가서 호소할 곳이 없다. 만수가 이른 왕청 다캉재에는 조선 사람의 집이 일곱 호가 있다. 그리고 고 개를 넘어가나 동구를 나서 일 리나 이 리에 십여 호, 오륙 호의 촌락이 있 다. 산과 산이 첩첩하여 콧구멍같이 뚫어진 골마다 몇 집씩 밭을 내고 들어 산다. 해 뜨면 땅과 싸우고 날이 들면 쿨쿨 자는 그네는 그렇게 죽도록 벌 건마는 겨우 기한을 면할 뿐이다. 역시 알자는 중국 사람의 손으로 들어가 버린다. 그네에게는 교육 기관도 없었다. 그래도 그네들은 내지[朝鮮] 있을 때보다 낫다고 한다. 골과 산에는 수목이 울울하여 몇 백년간이나 사람의 자취가 그쳤던 곳 같다. 낮에도 산짐승이 밭에 내려와서 곡식을 먹는다. 만수는 이십 원 주고 외통집 한 채를 샀다. 다음 중국 사람의 밭을 도조로 얻었다. 농사를 못 지어 본 만수로는 도조 맡은 밭은 다룰 수 없었다. 일 년 에 삼십 원씩 주기로 작정하고 머슴을 두었다. 김 소사는 비록 늙기는 하였 으나 젊은 때 바람이 얼마 남았고 어려서 농사집에서 자란 까닭에 농사 이 면은 잘 알았다. 보리가 한창 푸른 여름이었다. 만수는 집을 떠났다. 이때 만주 서백리아 상해 등지에는 ✕✕✕이 벌떼같이 일어나서 그 경계선 을 앞뒤에 벌렸다.\n",
		"passage_Cnt": 727
	},
	"Annotation": {
		"summary1": "일본과 중국의 지배를 받는 그네들은 힘이 전혀 없어서 자기의 딸과 중국 사람의 전  지와를 바꾸기도 한다.",
		"summary2": null,
		"summary3": "아무런 힘 없는 그네들은 두 나라 틈에서 참혹한 유린을 받고 있다. 그네들 가운데는 자기의 딸과 중국 사람의 전 지와를 바꾸는 이가 있다. 그 네들은 일본과 중국과의 이중 법률(二重法律)의 지배를 받는다. 만수가 이른 왕청 다캉재에는 조선 사람의 집이 일곱 호가 있다.",
		"summary_3_cnt": 153
	}
}