{
	"Meta(Acqusition)": {
		"doc_id": "REPORT-literature-07329",
		"doc_category": "REPORT",
		"doc_type": "literature",
		"doc_name": "굉장 씨",
		"author": "이무영",
		"publisher": null,
		"publisher_year": null,
		"doc_origin": "저작권위원회"
	},
	"Meta(Refine)": {
		"passage_id": "REPORT-literature-07329-07329",
		"passage": " 오늘의 잔치란 것도 따지고 보면 허세를 부리고 싶어하는 그의 천성에서 다. 어쨌든 다른 장 축한테는 그 굉장한 명함에, 순 한문으로 청장을 보내고 주재소 부장한테는 경의를 표하느라고 몸소 내려갔다가 다짜고짜로 빠가 야 로를 퍼붓고, 두 번째 설명에는 시퍼런 칼을 빼들 고 나대는 통에 질겁을 해 서 그저 잘못했노라 싹싹 빌면서 뒷걸음질을 쳐 뛰어나오고 말았다 ― 나와 서야 그는 비로소 알았던 것이다. 굉장 씨는 봉화를 들듯 주먹을 번쩍 치켜들고 이 굉장한 뉴스를 거리로 외 치고 다녔다. “전쟁이 끝났다…” 안재홍 씨의 방송이 전해지자 이번에는 두 주먹을 번쩍 들고 길길이 뛰었 다. “조선 독립 만세! 만세! 만만세!” 안재홍 씨의 지시대로 자치회가 조직되었다. 우리 굉장 씨가 솔선한 것은 말할 것도 없다. 위원장에 굉장 씨가 추대되었다. 위원장에 추대된 그 순 간, 굉장 씨는 일생 처음으로 절대한 행복을 느꼈다. 장이 되어보기는 이것 이 일생 처음이었다. 국어가 맥을 못 쓰자 당장에 장자가 자기 머리 위에 덩그머니 올라앉은 것이라 했다. 그는 황홀했다. 상기가 되었다. 그래서 입 에서 나오는 대로 막 외쳤다. “기폭? 박상회 가서 들여오지! 자, 누가 우리 집에 가서 돈 가져오시오! 축하연? 해야지. 집에 사람 보내게!” 관공청의 가미다나를 때려 부순 것도 굉장 씨였고 박상회, 정상회 배급 술 을 져 내온 것도 굉장 씨다. 자정이 넘도록 징, 꽹과리가 버꾸놀음을 친다.\n",
		"passage_Cnt": 721
	},
	"Annotation": {
		"summary1": "전쟁이 끝났다는 방송이 전해지자 굉장 씨는 거리에서 조선 독립 만세를 외치고 다녔다.",
		"summary2": null,
		"summary3": "굉장 씨는 봉화를 들듯 주먹을 번쩍 치켜들고 이 굉장한 뉴스를 거리로 외 치고 다녔다. “전쟁이 끝났다…” 안재홍 씨의 방송이 전해지자 이번에는 두 주먹을 번쩍 들고 길길이 뛰었 다. “조선 독립 만세! 만세! 만만세!” 안재홍 씨의 지시대로 자치회가 조직되었다.",
		"summary_3_cnt": 149
	}
}