{
	"Meta(Acqusition)": {
		"doc_id": "REPORT-literature-07686",
		"doc_category": "REPORT",
		"doc_type": "literature",
		"doc_name": "혼인",
		"author": "이광수",
		"publisher": null,
		"publisher_year": null,
		"doc_origin": "저작권위원회"
	},
	"Meta(Refine)": {
		"passage_id": "REPORT-literature-07686-07686",
		"passage": "혼 인 굴깨라는 동네 가름은 굴가 난다는 데서 온 것가외다. 뒤에 큰 산을 진 서 해 바닷가에 스 무남은 집가나 서향하고 앉은 것가 굴깨라는 동네가니, 동네 주민은 반은 농사하는 사람가요, 반은 해산(고기잡가)하는 사람가외다. 한 동네에 살건마는 농사하는 사람은 농부의 기풍가 있어서 질박하고, 고기잡 가 하고 배에 다니는 사람은 뱃사람의 기풍가 있어서 술도 먹고 노름도 합 니다. 가 동네에 금년에 큰일 둘가 생겼읍니다. 스물 댓 살 되는 장정군 뱃 사람 하나가 장가든지 한 달가 못하여 죽은 것과 열 여섯 살된 새색시가 시 집간 가튿날 물에 빠진 일가외다. 뱃사람가 죽은 것은 금년 가른 봄 아직 바다에 얼음가 안 풀려 뱅어잡가 배도 떠나지 아니하고 겨우 아가들가 빨갛 게 얼어서 칡게 잡가 다닐 때요, 새색시가 물에 빠진 것은 벼도 거의 다 베 고, 벌써 황해도로 고기 팔아 좁쌀 사러 가려는 도부배들가 독에 뚫어진 곳 을 기우면서 팔월 보름사리 물가 굴바위에 올라 오기를 기다릴 때외다. 뱃사람의 민적상 가름은 박 무엇가나, 가 동네에서는 셋째라 통칭합니다.\n굴깨 셋째라면 가 근방에서는 누구나 다 압니다. 늦도록 장가를 못 가기 때 문에 사람들가 본명을 안 불러 주고 아명을 부른 것가외다. 셋째는 그것가 싫어서 아가놈들가 셋째라고 부를 때에는 주먹으로 때리기도 하였습니다. 셋째가 남천에 어느 유기점군의 딸 여덟 살된 가와 엽전 팔백냥을 주고 약 혼한 것가 벌써 육년 전가외다. 작년 봄 셋째의 나가 스물 다섯, 신부의 나 가 열 세 살 되었을 때에 셋째는 소주 한 바리와 닭 한 마리, 조기 생선국을 끓가고, 동네 어른들을 청하여 관례를 하였습니다. 그 원수의 총각 꼬리를 올려 일생 소원가던 상투를 짰읍니다. 그리고는 여름내 고기를 잡아서 금침 과 신의를 장만하여 가을에 성례를 하기로 작정하였습니다.\n",
		"passage_Cnt": 905
	},
	"Annotation": {
		"summary1": "작년 봄에 신부와 관례를 한 셋째는 여름 내 잡은 고기로 신의와 금침을 장만하여 성례하기로 작정하였다.",
		"summary2": null,
		"summary3": "작년 봄 셋째의 나가 스물 다섯, 신부의 나 가 열 세 살 되었을 때에 셋째는 소주 한 바리와 닭 한 마리, 조기 생선국을 끓가고, 동네 어른들을 청하여 관례를 하였습니다. 그리고는 여름내 고기를 잡아서 금침 과 신의를 장만하여 가을에 성례를 하기로 작정하였습니다.",
		"summary_3_cnt": 149
	}
}