{
	"Meta(Acqusition)": {
		"doc_id": "REPORT-literature-07640",
		"doc_category": "REPORT",
		"doc_type": "literature",
		"doc_name": "만보(萬甫)",
		"author": "이효석",
		"publisher": null,
		"publisher_year": null,
		"doc_origin": "저작권위원회"
	},
	"Meta(Refine)": {
		"passage_id": "REPORT-literature-07640-07640",
		"passage": "만 보(萬甫) 도수장께를 들어오다 만보는 기어코 지게를 벗어 던지고 밭고랑으로 뛰어 들어가 허리를 풀었다. 보거나 말거나 태연한 자세로 담배를 집어내 불을 붙였다. 섬은 바소고리의 곱절이 든다. 공복에 두 섬의 거름을 들까지 나르 고 나니 해도 어지간히 들었다. 만보는 면에서도 제일가는 장골이다. 장정 의 반나절 일을 식전에 해버리는 버릇이었다. 아침 기운이 산들하다. 도랑 건너 과목은 물이 온다. 자주빛으로 무르고 녹았고 보리밭에는 푸른 이랑이 줄줄이 뻗쳤다. 봉굿이 솟은 검은 흙이 발 을 떠받드는 것 같다. 무겁던 것이 한결 개운하다. 자취 없이 녹아 흐르는 연기와 같이 몸도 녹아버릴 것 같다. 하루 동안의 그 어느 때보다도 시원하 고 즐거운 한때였다. 그 어느 때보다도 구수한 담배 맛이었다. 한 개가 다 탈 때까지 웅크리고 앉았으려니 별안간 난데없는 흙덩이가 뒤 덜미에 떨어졌다. 발꿈치를 간지르는 개미만큼도 그의 마음을 건드리지 못하였으나 이어서 일어난 웃음소리가 비로소 그의 주의를 끌었다 그렇다고 그 자리를 급스럽게 일어나는 것이 아니다. 눈썹 하나 안 움직이고 유창하 게 앉아 있음은 일반이다. 누구인가 말소리를 기다릴 뿐이다. 또 한 덩이 흙이 뛰어오더니 걱실걱실한 목소리가 났다. “재수 텄다.꼭두아침부터 이건 걸물인데.” 박회계원임을 알고도 만보는 끔쩍도 하는 법 없이 담뱃불을 신발 끝에 문 질렀다. 회계원은 어느 틈엔지 꽤 빠르게 앞으로 돌아와 껄껄 웃으면서 호 탕스럽게 소리를 친다 “버릇없는 망나니,” 빙그레 웃으면서 몸을 일으키는 것을 한 걸음 다가서며 놀램 반 웃음 반으 로 경탄의 소리를 자아낸다.\n",
		"passage_Cnt": 805
	},
	"Annotation": {
		"summary1": "도수장께를 들어오다 만보는 지게를 벗어던지고 밭고랑으로 들어가 허리를 풀고 담배를 집어내 불을 붙였다.",
		"summary2": null,
		"summary3": "도수장께를 들어오다 만보는 기어코 지게를 벗어 던지고 밭고랑으로 뛰어 들어가 허리를 풀었다. 보거나 말거나 태연한 자세로 담배를 집어내 불을 붙였다. 섬은 바소고리의 곱절이 든다. 공복에 두 섬의 거름을 들까지 나르 고 나니 해도 어지간히 들었다. 만보는 면에서도 제일가는 장골이다. 장정 의 반나절 일을 식전에 해버리는 버릇이었다.",
		"summary_3_cnt": 191
	}
}