{
	"Meta(Acqusition)": {
		"doc_id": "REPORT-literature-07602",
		"doc_category": "REPORT",
		"doc_type": "literature",
		"doc_name": "약한 자의 슬픔",
		"author": "김동인",
		"publisher": null,
		"publisher_year": null,
		"doc_origin": "저작권위원회"
	},
	"Meta(Refine)": {
		"passage_id": "REPORT-literature-07602-07602",
		"passage": "“조용히! 아까, 두 시에야 돌아오겠다고 하였으니깐 모르겠지요.” 남작은 말했다.\n이제야 엘리자베트는 아까 남작이 광고하듯이 지껄이던 소리를 해석하였다. 그러고, 두 번 째 거절을 하여 보았다.\n“부인이 계시면서두……?” ‘아차!’ 그는 또 속으로 고함을 안 칠 수가 없었다.\n‘부인이 없으면 어찌한단 말인가?…… 이것은 허락의 의미가 아닐까……?’ 남작은 대답 없이 엘리자베트를 뚫어지게 들여다보고 있었다.\n“왜 그리 보세요?” 그는 남작의 시선을 피하면서, 별한 웃음―애걸하는 웃음―거러지의 웃음을 웃으면 서 돌아누웠다.\n‘아차!’ 그는 세 번째 고함을 속으로 발하였다.\n‘이것은 매춘부의 웃음, 매춘부의 행동이 아닐까……?’ 몇 번 거절에 실패를 한 엘리자베트는 마지막에는 자기에게 대하여서도 정이 떨어지게 되 었다. 그는 뉘게 대하여선지는 모르면서도 모르는 어떤 자에게 골이 나서, 몸을 꼬면서 좀 날카롭게, 그래도 작은 소리로 말했다.\n“싫어요 싫어요.” 남작은 역시 대답이 없었다.\n엘리자베트는, 갑자기 방 안이 어두워지는 것을 알았다. 남작이 불을 끈 것이다. 그 후에는 남작의 의복 벗는 소리만 바삭바삭 났다.\n엘리자베트는 정신이 아득하여지고 말았다.\n정신이 아득하여진 엘리자베트는, 한참 있다가 거기서 직수면상태로 들어서 푹 잠이 들었 다가, 다섯시쯤, 동편 하늘이 좀 자홍색을 띠어 올 때에 무엇에 놀란 것같이 움쭉 하면서 눈을 떴다.\n회색 새벽빛을 꿰어서, 먼트고메리회사제 벽지가 눈에 드는 동시에, 그의 머리에는 남작이 생각났다. 곁에 사람의 기척이 없는 고로 남작이 돌아갔을 줄은 확신하면서도, 만일 있었 다는 하는 의심이 나는 고로, 그는 가만가만 머리를 그편으로 돌렸다. 거기는 남작이 베느 라고 갖다 놓았던 책이 서너 권 두겨 있었다.\n",
		"passage_Cnt": 876
	},
	"Annotation": {
		"summary1": "자신에게 대하여서도 정이 떨어지게 된 엘리자베트는 날카로우면서 작은 소리로 싫다고 말했다.",
		"summary2": null,
		"summary3": "‘이것은 매춘부의 웃음, 매춘부의 행동이 아닐까……?’ 몇 번 거절에 실패를 한 엘리자베트는 마지막에는 자기에게 대하여서도 정이 떨어지게 되 었다. 그는 뉘게 대하여선지는 모르면서도 모르는 어떤 자에게 골이 나서, 몸을 꼬면서 좀 날카롭게, 그래도 작은 소리로 말했다. “싫어요 싫어요.” 남작은 역시 대답이 없었다.",
		"summary_3_cnt": 179
	}
}