{
	"Meta(Acqusition)": {
		"doc_id": "REPORT-literature-07447",
		"doc_category": "REPORT",
		"doc_type": "literature",
		"doc_name": "쑥국새",
		"author": "채만식",
		"publisher": null,
		"publisher_year": null,
		"doc_origin": "저작권위원회"
	},
	"Meta(Refine)": {
		"passage_id": "REPORT-literature-07447-07447",
		"passage": " 그 손은 얼음같이 찼다. “……너두 그전 일을 죄다 잊어뻬리구서 인재버텀은 우리 각시닝개루, 응? 내 말 잘 듣구 그리라, 응?” 이렇게 첫날밤은 지냈다. 미럭쇠는 노염이 다 풀려서 이제는 종수를 죽이지 않는다고 말을 냈고, 그래서 종수는 며칠 만에 도로 동네로 돌아왔고, 납순이는 그대로 까땍 없이 눈 오려는 겨울날처럼 새촘한 채 그날 그날을 보내고. 그리한 지 보름이 되는 어느 날 석양. 미럭쇠가 등 너머 봄보리밭에 소매(小便肥料)를 져내고 있노라니까, 난데없이 점례가 미럭쇠, 미럭쇠, 불러대면서 헐레벌떡 달려오고 있었다. 미럭쇠는 웬일인지 가슴이 서늘해서 밭두둑으로 쫓아 나오는데 점례는 가빠하는 체하고 쓰러질 듯 팔에 가 매달린다. “저어……” “웨 그리여?” “저어, 시방 오다가 어머니더러두 일러주었어……” “무얼?” “저어, 납순이가아……” “납순이가! ……” “내가 망을 보닝개루 우……” “그리서?” “종수가 아……?” “종수가? ……” “응, 종수허구 우, 납순이허구 우, 방으루우……” “멋?” 미럭쇠는 점례를 떠다 박지르고 소처럼 내리 뛴다. 등을 넘어서자 이녀언 이년, 모친의 게목 지르는 소리가 들린다. 단걸음에 사립문 안으로 들어서는데, 모친은 납순이의 머리채를 감아 쥐고 마당 가운데서 이리저리 개 끌듯 끌어 동댕이를 치고 있다.\n조그마한 보따리가 한편으로 굴러져 있다. “어서 오니라……” 노파는 더욱 기광이 나서 허덕허덕 들렌다. “……이년이, 이년이 대낮에 응…… 대낮에 그러구서…… 그러구서두 그놈허구 도망을 갈라구 보따리를 싸구…… 이년! 돈 사백 냥(80圓) 내누 아라! 이년, 이 찢어 죽일 년!” 미럭쇠는 잡아 먹을 듯 험한 얼굴을 휘휘 두르다가 토방으로 우르르, 절굿공이를 집어 들고 납순이게로 달려든다.\n",
		"passage_Cnt": 871
	},
	"Annotation": {
		"summary1": "모친의 게목 지르는 소리에 단걸음에 사립문 안으로 들어서니 모친이 납순이의 머리채를 쥐어끌고 동댕이를 치고 있었고 한편으로 보따리가 굴러져 있었다.",
		"summary2": null,
		"summary3": "단걸음에 사립문 안으로 들어서는데, 모친은 납순이의 머리채를 감아 쥐고 마당 가운데서 이리저리 개 끌듯 끌어 동댕이를 치고 있다. 등을 넘어서자 이녀언 이년, 모친의 게목 지르는 소리가 들린다. 조그마한 보따리가 한편으로 굴러져 있다. “어서 오니라……” 노파는 더욱 기광이 나서 허덕허덕 들렌다.",
		"summary_3_cnt": 169
	}
}