{
	"Meta(Acqusition)": {
		"doc_id": "REPORT-literature-07568",
		"doc_category": "REPORT",
		"doc_type": "literature",
		"doc_name": "연기",
		"author": "김유정",
		"publisher": null,
		"publisher_year": null,
		"doc_origin": "저작권위원회"
	},
	"Meta(Refine)": {
		"passage_id": "REPORT-literature-07568-07568",
		"passage": " 대문짝을 박차고 나는 허둥지둥 안으로 뛰어 들어갔다. 돈이라면 한 푼에 목이말라하는 누님이었다. 이 누런 금덩어리를 내보이면 필연코 그는 헉하 고 놀라겠지. “누님! 수가 터졌우!” 나는 이렇게 외마디 소리를 질렀으나 그는 아무 대답도없다. 매우 마뜩지 않게 알로 눈을 깔아붙이고는 팟죽만 풍풍 퍼먹고 있는 것이다. 그러나 머처 럼 입을 연다는 것이 “오늘은 어떻게 취직 자리 좀 얻어봣니?” 대문밖에좀 나갔다 들어만오면 변치 않고 그냥 물어보는 그 소리. 인제는 짜장 귀등이 가렵다. 마는 아무래도 좋다. 오늘부터는 그까진 밥 얻어먹지 않어도 좋으니까 ── “그까짓 취직” 하고 콧등으로 웃어버리고는 “자 이게 금덩어리유 똑똑이 보우 ⎯─” 나는 두손을 다 그코밑에다 디 려댔다. 이래두 침이 아니 넘어갈터인가. 그는 가늘게 실눈을 떠가지고 그 걸 이윽히 디려다보다 종내는 나의얼골마저 치어다보지 않을수 없는 모양이 었다. 금덩어리와 나의얼골을 이렇게 번차례로 몇번 훌터가드니 “이거 너 어서 났니?” 하고 두눈에서 눈물이 확 쏟아지질않느냐. 그리고 나의 짐작대로 날랜 두손이 들어와 덥썩 훙켜잡고 ── “아이구 황금이야!” 평소에도 툭하면 잘 짜는 누님. 이건 황금을 보구두 여전히 눈물이냐. 이 걸 가만히 바라보니 나는 이만만해도 황금 얻은 보람이 큼을 느낄수 있다.\n뻔둥번둥 놀고 자빠저 먹는다 하야 일상 들볶든 이 누님, 이왕이면 나두 이 판에 잔뜩 갚아야한다. 누님이 붙잡고 우는 황금을 나는 앞으로 탁 채여가 며 “이거 왜 이래? 다르라구” 하고 네보란드키 호령을 냅따질렀다. 내가 황 금을 얻어좋은건 참으로 누님의 이꼴을 보기 위하야서다. 이런 황금을 막 허뿔리 만저보이느냐 어림없다. 호기있게 그 황금을 도루주머니에 집어넣고 는 ── “오늘부터 난 따루 나가겠우 누님밥은 맛이 없어서 ──” 나의 재조가 자라는데까지 한끝 뽐을 내였다. 이 만큼하면 그는 저쯤 알아 채이겠지. 인젠 누님이 화를 내건말건 내 받고 섰을배 아니다. 버듬직하게 거는방으로 들어가 내가 쓰든 잔세간과 이부자리를 포갬포갬 싸 놓았다. 이 것만 들고 나스면 고만이다. ‘탁씨’ 하나 부를 생각조차못하고 그걸 그대 로 들고 일어스자니까 이때까지 웬영문을 몰라 떨떠름이 서 있든 누님이 “얘 너 왜 이러니?” 하고 나의 팔을 잡아드린다.\n",
		"passage_Cnt": 1133
	},
	"Annotation": {
		"summary1": "취직 자리 좀 얻어봤냐는 소리에 콧등으로 웃어버리고는 금덩이를 내보이자 누님의 두눈에서 눈물이 확 쏟아졌다.",
		"summary2": null,
		"summary3": "그러나 머처 럼 입을 연다는 것이 “오늘은 어떻게 취직 자리 좀 얻어봣니?” 대문밖에좀 나갔다 들어만오면 변치 않고 그냥 물어보는 그 소리. 오늘부터는 그까진 밥 얻어먹지 않어도 좋으니까 ── “그까짓 취직” 하고 콧등으로 웃어버리고는 “자 이게 금덩어리유 똑똑이 보우 ⎯─” 나는 두손을 다 그코밑에다 디 려댔다. 금덩어리와 나의얼골을 이렇게 번차례로 몇번 훌터가드니 “이거 너 어서 났니?” 하고 두눈에서 눈물이 확 쏟아지질않느냐. 그리고 나의 짐작대로 날랜 두손이 들어와 덥썩 훙켜잡고 ── “아이구 황금이야!” 평소에도 툭하면 잘 짜는 누님.",
		"summary_3_cnt": 310
	}
}