{
	"Meta(Acqusition)": {
		"doc_id": "REPORT-literature-07651",
		"doc_category": "REPORT",
		"doc_type": "literature",
		"doc_name": "수평선 너머로",
		"author": "김동인",
		"publisher": null,
		"publisher_year": null,
		"doc_origin": "저작권위원회"
	},
	"Meta(Refine)": {
		"passage_id": "REPORT-literature-07651-07651",
		"passage": "강습소를 나선 인준이는 한두 군데 더 들를 곳을 들른 뒤에 아파트의 제 방으로 돌아왔다.\n제 방으로 돌아온 인준이는 어젯밤 김소춘이가 다녀간 흔적을 자세히 검분 한 뒤에 쿠션에 몸을 커다랗게 내어 던졌다.\n오늘 밤과 내일 이틀 동안에 인준이가 행하려는 일의 복선 뿐은 전부 지어 놓아야겠다.\n잠시 안락의자에서 몸을 쉰 인준이는 전화를 하러 나갔다.\n전화로 불러 낸 것은 미스 영이었다.\n“서인준이올시다.” “네, 저올시다.” 약간 놀라는 소리였다.\n“아까 어떤 친구에게 부탁을 해서 전화를 걸었는데 받으셨지요?” “고맙습니다.” “지금 그 전화는 댁 어디 달렸읍니까?” “네, 전용이올시다.” “전화 근처에 사람이 있읍니까?” “없습니다. 보통 전화로 하는 말이 들릴 거리 안에는 사람이 없습니다. 무 슨 말씀을 물으려고요?” “아니 그게 아니라 오늘 새벽 일이 너무 이상해서 혹은 미스터 매켄지에게 필요없는 의심이라도 사지 않았을까 해서 그 점을 알아보기 위해서 외다.” “염려 마세요. 오늘 새벽 그렇게 일찍 제가 외출한 것을 매켄지 씨는 모릅 니다. 아침에 깨어서 드라이브를 하고 돌아온 줄만 믿습니다.” 무론 어떻게든 속일 만한 자신이 있기에 그런 일을 했을 것이다.\n인준이는 다른 말을 물었다.\n“매켄지 씨는 지금 계세요?” “네!” “잠깐 전화에 여쭐 수가 없을까요?” “무슨 ─ 왜.” 영의 말이 조금 조급해졌다.\n“아니 기차에서 사괸 친구인데 경성서는 아직 만나지도 못했기에 인사라도 할 양으로….” “…….” “네?” “선생님.” “걱정 마세요. 미스 영의 사정을 인제는 알았읍니다. 알았을 줄 미스 영도 짐작하시겠지요? 아는 이상 서인준이는 서툰 짓은 안 할 겝니다.” “매켄지 씨의 전용 전화는 국 × × × 번과 × × 번.” “또 한 가지 내일 오후 세시 쯤 미스 영과 잠깐 만날 수가 있을까요?” “어디서요?” “장소는 그때 말씀 드릴께요.” “그러세요.” “그때까지 안녕히 계세요.” “네. 아침에 제 당부를 잊지 마세요.” 이리하여 영과의 전화를 끊은 뒤에 이번에는 매켄지 씨에게 다시 전화를 걸었다.\n",
		"passage_Cnt": 1025
	},
	"Annotation": {
		"summary1": "인준이는 아파트의 제 방으로 돌아와 안락의자에서 잠시 쉬고 전화로 미스 영을 불러냈다.",
		"summary2": null,
		"summary3": "강습소를 나선 인준이는 한두 군데 더 들를 곳을 들른 뒤에 아파트의 제 방으로 돌아왔다. 제 방으로 돌아온 인준이는 어젯밤 김소춘이가 다녀간 흔적을 자세히 검분 한 뒤에 쿠션에 몸을 커다랗게 내어 던졌다. 잠시 안락의자에서 몸을 쉰 인준이는 전화를 하러 나갔다. 전화로 불러 낸 것은 미스 영이었다. 오늘 밤과 내일 이틀 동안에 인준이가 행하려는 일의 복선 뿐은 전부 지어 놓아야겠다.",
		"summary_3_cnt": 219
	}
}