{
	"Meta(Acqusition)": {
		"doc_id": "REPORT-literature-07649",
		"doc_category": "REPORT",
		"doc_type": "literature",
		"doc_name": "학사",
		"author": "백신애",
		"publisher": null,
		"publisher_year": null,
		"doc_origin": "저작권위원회"
	},
	"Meta(Refine)": {
		"passage_id": "REPORT-literature-07649-07649",
		"passage": " “월급쟁이가 아니라도 좋은 일이 있다면아 오죽 좋겠어요. 오빠는 월급쟁 이 노릇을 하시지 않으려나요.” “월급쟁이라도 계급이 있는 것이니까 구태여 안 하겠다는 것은 아니지 만.” 그는 누이의 남편이 상업하교 출신 밖에 되지 않으니까 아니꼬운 꼴을 보 는 것이지 자기처럼 대학 출신이라면 남의 아래 갈 리가 없으니 아니꼬운 꼴을 볼 턱이 없다고 생각하였다. 그러나 민감(敏感)한 누이는 병환의 이 말에 조금 불쾌함을 느꼈는지 “물론 월급쟁이라도 계급이 있지만첨부터 그렇게 좋은 자리를 주나요.” 하고 응수하는 것이었다. “참 오빠, 장가는 드실 생각 없어요.” 하고 자기가 병환에게 응수한 것이 과하지나 않았나 하여 얼른 말끝을 돌리 어 홍차 따를 준비를 하였다. “장가? 글쎄”. 병환이도 말머리가 돌려진 것이 반가워 얼른 대답을 하며 싱글싱글 웃 었다. “어여쁜 색시아 많이 있지만 오빠 맘에 드실지!” “글쎄 어떤 색시가 좋은지 나는 참 모르겠더라.” 병환이는 지금까지 이 중대한 문제를 한 번도 구체적으로 생각해 보지 않 았던 것이 이상하였다고 느낄 만치 지금의 자기에게 빼놓을 수 없는 긴급하 고 중대한 문제 중의 하나라고 생각되었다. “내 중매해 드려요?” 누이는 상긋 웃으며 찻잔을 병환의 앞에 놓으며 “대처 결혼에 대한 오빠의 이상을 알아아지요.” 하고 과자그릇을 열어 놓았다. “글쎄…… 나는 아직 그런 것을 생각해 볼 여가가 없었다.” “그러면 내가 알아맞힐까요? 첫째 인테리여성일 것, 둘째 얼굴이 얌전할 것, 셋째…….” 하고 누이는 웃고 말았다.\n",
		"passage_Cnt": 767
	},
	"Annotation": {
		"summary1": "누이는 찻잔과 과자 그릇을 놓으며 병환의 이상형에 대해 얘기를 나누다가 웃고 말았다.",
		"summary2": null,
		"summary3": "“글쎄…… 나는 아직 그런 것을 생각해 볼 여가가 없었다.” “그러면 내가 알아맞힐까요? 첫째 인테리여성일 것, 둘째 얼굴이 얌전할 것, 셋째…….” 하고 누이는 웃고 말았다. “내 중매해 드려요?” 누이는 상긋 웃으며 찻잔을 병환의 앞에 놓으며 “대처 결혼에 대한 오빠의 이상을 알아아지요.” 하고 과자그릇을 열어 놓았다.",
		"summary_3_cnt": 182
	}
}