{
	"Meta(Acqusition)": {
		"doc_id": "REPORT-literature-07554",
		"doc_category": "REPORT",
		"doc_type": "literature",
		"doc_name": "일요일",
		"author": "이효석",
		"publisher": null,
		"publisher_year": null,
		"doc_origin": "저작권위원회"
	},
	"Meta(Refine)": {
		"passage_id": "REPORT-literature-07554-07554",
		"passage": " “앞으로 몇 시간만 있으면 아름다운 주검을 실은 검은 수레가 바로 이 앞길을 고요히 지낼 테구, 나두 그 뒤를 따르는 한 사람이 될 것일세.” “자넨 결국 자네 할말 을 다한 셈이지. 나의 오늘 하루를 완전히 밟아 버리구 부셔놓았단 말이지. 하필 자네를 고른 것이 오늘의 내 불찰이구 불행이었었네. 어서 주검이든지 무엇이든지 맞으러 가게나. 자, 오늘 자네와는 작별이네. 행복의 파괴자, 불길한 그림자.” 준보는 동무를 버려둔 채 휭하니 호텔을 나섰다. 흡사 뒤를 쫓는 불행의 마수에서 몸을 빼치려고 하는 것과 같은 시늉이었다. 식탁 위의 진미도 꽃도 여급사도 등뒤에 멀어졌다. 동무가 말한 몇 시간 후에 그 앞길을 지날 검은 수레가 눈앞에 오는 것 같아서 몸서리를 치면서 호텔 앞을 잰 걸음으로 떠났다. 가버린 아내의 기억이 새삼스럽게 마음을 점령하기 시작하면서 그 하루의 거리의 현실은 벌써 먼 옛일같이 멀어져 가는 것이었다. 가장 아픈 상처인 아내의 기억을 들치는 것같이 무서운 노릇은 없어서 일상에 조심하고 주의해 오던 것이 그 우연한 시간에 동무의 말로 말미암아 다시 소생될 때 마음은 도로 저리기 시작했다. 저리기 시작하는 마음에 즐겁던 하루의 인상은 종적 없이 사라져 가는 것이었다. 만찬의 기쁨도 음악의 신비도 백화점의 관능도 꽃묶음의 사치도 한꺼번에 줄달음질치면서 비누거품 같이도 허무하게 꺼져 버리는 것이었다. 두 달 장간을 병석에 누웠던 아내는 마지막 시기에는 병원 침대에서 호흡조차 곤란해 갔다. 산소 탱크를 여러 통씩 침대맡에 세우고 그 신선한 기체를 호흡시킨다고 했댔자 단 돌에 한 방울 물만큼의 효과도 없었다.\n",
		"passage_Cnt": 806
	},
	"Annotation": {
		"summary1": "아내의 기억을 들치는 것이 가장 아픈 상처라 조심하던 것이 동무의 말로 말미암아 가버린 아내의 기억으로 마음을 점령되기 시작했다.",
		"summary2": null,
		"summary3": "가버린 아내의 기억이 새삼스럽게 마음을 점령하기 시작하면서 그 하루의 거리의 현실은 벌써 먼 옛일같이 멀어져 가는 것이었다. 가장 아픈 상처인 아내의 기억을 들치는 것같이 무서운 노릇은 없어서 일상에 조심하고 주의해 오던 것이 그 우연한 시간에 동무의 말로 말미암아 다시 소생될 때 마음은 도로 저리기 시작했다.",
		"summary_3_cnt": 175
	}
}