{
	"Meta(Acqusition)": {
		"doc_id": "REPORT-literature-07438",
		"doc_category": "REPORT",
		"doc_type": "literature",
		"doc_name": "범선에의 길",
		"author": "이무영",
		"publisher": null,
		"publisher_year": null,
		"doc_origin": "저작권위원회"
	},
	"Meta(Refine)": {
		"passage_id": "REPORT-literature-07438-07438",
		"passage": " 그러나 바람이 세어지기는커녕 양재도를 눈앞에 두고서 바람은 슬슬 방향 을 바꾸는 듯하더니만 거짓말처럼 아주 잔잔해져버린다.\n배는 빙빙 돌기만 하다가 나가기는커녕 슬슬 뒤로 밀리는 판이다. 벌써 밀 물이 들기 시작한 것이었다. “이리 되면 도리가 없소이다. 닻을 내리지,” 석의 초조는 모르는 체 배주인은 닻을 내리고 닻줄 채비를 한다. 석은 질 겁을 해서 말리었다. 무슨 짓을 해서든지 가보자는 것이다. 그 무슨 짓이란 바람을 만드는 것뿐이다. 바람을 제조할 방법이 없으면 이 밀물이 다시 썰 물때까지의 예닐곱 시간을 해상에 닻을 내리고 우두커니 앉아 있어야 한다 는 것이다. 미칠 노릇이었다. 시간을 따져보니 벌써 여섯 시간이나 잡아먹었다. 배가 닻을 내리자 다른 사람들은 백호야 하고 벌렁들 드러누워버린다. 누 가 내 배 다칠까보냐 식이다. 석은 번듯이 자빠지는 사람들의 상판대기를 구둣발로 짓이겨주고 싶은 충동을 남한테 눈치 채이지 않느라고 멀리 인천 쪽을 바라보고 있다. 인제는 조바심도 안 난다. 될 대로 되라는 막 생각이 들다가는 차라리 인 천으로 돌아가리라고 배를 기다리나 밀물이고 보니 얼마든지 있어야 할 배 는 한 척도 눈에 뜨이지 않는다. 바다는 무심할 만큼 고요하다. 바다가 아 니라 그대로 얼음판이다. 울고만 싶다. 뱃머리에 오도카니 앉아서 시계를 들여다보기를 만 세 시간 했다. 이제는 석도 지쳐서 말도 나오지 않는다. 석도 그대로 뱃바닥에 벌렁 드러누워버리 고 말았다.\n",
		"passage_Cnt": 726
	},
	"Annotation": {
		"summary1": "석은 밑물이 들기 시작하자 닻을 내리려는 배 주인을 말렸으나 배가 닻을 내리니 다른 사람들이 벌렁 드러 눕자 석도 그대로 바닥에 벌렁 드러누워버렸다",
		"summary2": null,
		"summary3": "벌써 밀 물이 들기 시작한 것이었다. “이리 되면 도리가 없소이다. 닻을 내리지,” 석의 초조는 모르는 체 배주인은 닻을 내리고 닻줄 채비를 한다.  석은 질 겁을 해서 말리었다.  배가 닻을 내리자 다른 사람들은 백호야 하고 벌렁들 드러누워버린다.  석도 그대로 뱃바닥에 벌렁 드러누워버리 고 말았다",
		"summary_3_cnt": 168
	}
}