{
	"Meta(Acqusition)": {
		"doc_id": "REPORT-literature-07222",
		"doc_category": "REPORT",
		"doc_type": "literature",
		"doc_name": "또 하나의 위선",
		"author": "이무영",
		"publisher": null,
		"publisher_year": null,
		"doc_origin": "저작권위원회"
	},
	"Meta(Refine)": {
		"passage_id": "REPORT-literature-07222-07222",
		"passage": " 그 아내가 갑자기 교회에 다닌다고 나선 것이다. 사실 훈은 아내의 이 교회 출입으로 많은 도움을 받았다 할 수 있었다.\n첫째 그의취직부터가 그랬다. 교회에 일류 미션스쿨의 교장 부인이 있어서 말이 쉽게 되었고, 만환밖에 못되는 박봉으로 열한 식구가 입에 풀칠을 한 것도 이 교회 덕분이라 할 수 있었던 것이다. 아내가 고아원의 책임을 맡게 된 것도 교회 목사님의 힘이었다. 구호미도 곧잘 날라왔었고, 의복 가지도 얻어다 입었었다. ‘백만인의 식량’이란 상자며 우유 같은 것은 시장에 내어다 팔아서 가용도 쓰는 눈치였다. 그뿐이 아니다. 교회는 이 나라 정치에 중요한 위치를 차지하고도 있었다. 교회 안에 수십 개의 다노모시 계가 생긴 것이다. 이때는 돈을 융통하는 기관이기도 했지마는, 모모 하는 사람들의 부인이요 딸이요 며느리요 해서 과장자리쯤은 부인들끼리의 협상으로 떼기도 하고 붙이기도 한다는 것이다. “내년 봄이면 어쩌면 조그만 집이라도 한 채 사가지고 나가게 될지두 모르겠어요.” 어느 날 밤 훈이가 아이들의 중간시험 성적을 매기고 있는 옆에서 아내는 이런 소리를 하던 것이나, 훈에게는 이 기쁜 소식이 슬프게만 들렸던 것을 지금도 기억하고 있다. 훈한테는 모두가 마땅치 않았었다. 외출도 그랬고 교회도 그랬고 계란 것도 그랬다. 완고해서가 아니다. 한 주부는 가정 속에 있어야 한다는 것이 훈의 지론이었다. 여성이 직업을 가진다는 것은 되도록이면 미혼 여성이거나 미망인에 국한되기를 바라는 훈이다. 교회만 해도 그렇다. 훈은 교 자체보다도 교인을 별로 좋아하지 않는 성벽이 있었던 것이다. 그것도 막연한 반감이 아니다. 일생에 그는 많은 사람으로 괴롬을 받아오고 있었다. 대부분이 터무니없는 오해였다. 그렇듯 그를 괴롭힌 사람의 거의 대부분이 우연히도 교인이었던 것이 훈에게는 불행이었다.\n",
		"passage_Cnt": 897
	},
	"Annotation": {
		"summary1": "아내가 다닌 교회의 도움으로 훈이 취직을 해서 열한 식구의 입에 풀칠을 한 것이다.",
		"summary2": null,
		"summary3": "그 아내가 갑자기 교회에 다닌다고 나선 것이다. 사실 훈은 아내의 이 교회 출입으로 많은 도움을 받았다 할 수 있었다. 첫째 그의취직부터가 그랬다. 교회에 일류 미션스쿨의 교장 부인이 있어서 말이 쉽게 되었고, 만환밖에 못되는 박봉으로 열한 식구가 입에 풀칠을 한 것도 이 교회 덕분이라 할 수 있었던 것이다.",
		"summary_3_cnt": 176
	}
}