{
	"Meta(Acqusition)": {
		"doc_id": "REPORT-literature-07382",
		"doc_category": "REPORT",
		"doc_type": "literature",
		"doc_name": "독와사",
		"author": "김정진",
		"publisher": null,
		"publisher_year": null,
		"doc_origin": "저작권위원회"
	},
	"Meta(Refine)": {
		"passage_id": "REPORT-literature-07382-07382",
		"passage": "그러나 해마다 쓸쓸한 그믐날을 지내는 오과부의 서글픈 마음에도 한편으 로는 자기 딸 숙자가 점점 커가는 것을 신통하고 또 마음에 든든히 생각하 여 모든 희망을 거기에 붙이고 있었다. 금년에도 집안은 쓸쓸하나마 고요한 마음에 아무 거리낌 없이 그믐날 밤을 지내게 되었던 오과부의 집에는 생각 지도 아니하던 돈 오백 원이 들어오게 되어 그들의 해마다 맑고 고요하게 지나가던 그믐밤이 별안간에 이 집 평온하던 공기를 소란케 하였다. 돈으로 모든 즐거움을 사들이는 섣달그믐날 밤에 황숙자의 집에는 돈으로 하여 도 리어 마음을 무겁게 하는 심상치 아니한 일이 생기었다. 오과부는 그 이튿 날이라도 연통 안의관이 오기만 하면 돈 오백 원을 그대로 한참봉에게 돌려 보내고 아주 숙자와 이야기되는 혼인 일판을 딱 거절을 하려고 생각하고 오 백 원을 봉투에 넣은 채로 벽장 속에 놓인 손궤 속에 깊이 감추고 밤을 지 내었으나 그 이튿날에도 연통 안의관은 오지 아니하였다. 궂은 고기를 먹은 것 같은 기분을 계속하며 오과부는 초하룻밤을 지내었다. 그러나 안의관의 행적은 도무지 보이지 아니하였다. 이튿날 아침에 생각지도 아니한 황치삼 이 전에 못 보던 새 양복에 존존한 외투를 입고 뛰어 들었다. 항상 때가 꾀 죄죄 흐르는 조선 옷을 입고 으스스하게 달겨들던 황치삼의 모양이 오늘은 생각지도 못할 만치 훌륭한 신사가 되어 들어왔다.\n“금년에는 세배를 일찍이 왔습니다. 과세나 안녕히 하셨습니까?” 황치삼은 노랑 수염을 들썩거리며 매우 유쾌한 모양을 나타낸다. 오과부와 황숙자는 마음에는 탐탁지 아니하나 정초에 찾아온 사람을 그대로 돌려보낼 수는 없고 안방으로 인도를 하여 들인 다음에 숙자는 조카 항렬이라는 계단 이 있으니 일 년에 한 번씩 하는 세배를 아니할 수도 없었다.\n",
		"passage_Cnt": 872
	},
	"Annotation": {
		"summary1": "오과부의 집에 생각지도 않던 돈 오백 원이 들어 와 평온하던 이 집 공기를 소란케 했다.",
		"summary2": null,
		"summary3": "금년에도 집안은 쓸쓸하나마 고요한 마음에 아무 거리낌 없이 그믐날 밤을 지내게 되었던 오과부의 집에는 생각 지도 아니하던 돈 오백 원이 들어오게 되어 그들의 해마다 맑고 고요하게 지나가던 그믐밤이 별안간에 이 집 평온하던 공기를 소란케 하였다.",
		"summary_3_cnt": 136
	}
}