{
	"Meta(Acqusition)": {
		"doc_id": "REPORT-literature-07669",
		"doc_category": "REPORT",
		"doc_type": "literature",
		"doc_name": "풀닢",
		"author": "이효석",
		"publisher": null,
		"publisher_year": null,
		"doc_origin": "저작권위원회"
	},
	"Meta(Refine)": {
		"passage_id": "REPORT-literature-07669-07669",
		"passage": " “다 잊어버려 주세요. 저 이외의 것은 죄다 이 머리 속에서 지워 주세요.\n저의 꼭 하나 바라는 조건이 그것에요. 자 약속하세요.─앞으론 평생 한눈을 파지 않겠다구. 저만을 생각하겠다구.” 사랑은 왜 두 사람만의 뜻과 주장으로서 족한 것이 못될까. 두 사람 사이에 세상이라는 쓸데없고 귀찮은 협잡물이 끼어 들어옴을 알았을 때 준보는 움칫해지며 불쾌한 느낌이 전신을 스쳐 흘렀다. 실과 약속을 한 지 불과 며칠을 넘지 않아 준보는 친구 윤벽도의 방문을 받은 순간 직각적으로 신경을 건드리는 것이 있었다. “자네 요새 무엇을 하구 있었나. 거리는 자네들 소문으로 온통 발끈 뒤집혔으니.” 기쁜 때나 슬픈 때나 신변에서 가장 가까이 돌면서 허물없는 사귐을 맺어오는 그 친우의 말이라면 대개는 귀를 기울여 오는 사이였건만 이번 경우만은 웬일인지 그 첫마디가 벌써 준보의 마음에 섬찟하게 울려오는 것이었다. “뭣 말인가. 우리들의 사랑 말인가.” “사랑은 다 뭐야. 신중하게 사람을 가려 가면서 사랑을 하든지 어째든지 하지 사람이 왜 그리 자기 몸을 애낄 줄을 모르나. 옥씨의 집안이 어떻구 과거가 어떤 줄이나 알구서 그러나.” “알구 말구. 아니까 더욱 사랑하게 됐네. 자넨 집안과 과거만을 알았지 본인의 인격과 교양과 기품은 모르는 모양이지. 나는 과거를 사랑하는 것이 아니라 현재의 인격을 사랑하는 것이네. 풍부한 교양에 접하면 자네쯤은 땅을 치구 부끄러워해야 하리.’ 준보는 웬일인지 버럭 항거하고 싶은 생각이 솟아 어세를 높여 보았다.\n",
		"passage_Cnt": 749
	},
	"Annotation": {
		"summary1": "요즘 무엇을 했냐며 자네들 소문으로 거리가 발끈 뒤집혔다는 친구의 말이 이번 경우에는 준보의 마음을 섬찟하게 울렸다.",
		"summary2": null,
		"summary3": "“자네 요새 무엇을 하구 있었나. 거리는 자네들 소문으로 온통 발끈 뒤집혔으니.” 기쁜 때나 슬픈 때나 신변에서 가장 가까이 돌면서 허물없는 사귐을 맺어오는 그 친우의 말이라면 대개는 귀를 기울여 오는 사이였건만 이번 경우만은 웬일인지 그 첫마디가 벌써 준보의 마음에 섬찟하게 울려오는 것이었다.",
		"summary_3_cnt": 165
	}
}