{
	"Meta(Acqusition)": {
		"doc_id": "REPORT-literature-07309",
		"doc_category": "REPORT",
		"doc_type": "literature",
		"doc_name": "최선생",
		"author": "김동인",
		"publisher": null,
		"publisher_year": null,
		"doc_origin": "저작권위원회"
	},
	"Meta(Refine)": {
		"passage_id": "REPORT-literature-07309-07309",
		"passage": "최선생 최일이가 그의 제자 이준식의 아내와 관계를 맺게 된 것은 이상한 찬스에 서였다. 일이는 어떤 보통학교의 훈도였다. 준식이는 그 보통학교 출신이었다. 사 람됨이 고지식하고 고지식하니만치 또한 인정 깊은 일은 준식이가 재학 시부터 준식이를 퍽 사랑하였다. 그 사랑하는 까닭은 공부를 잘한다든가 재주가 있다든가 하는 것이 아니 요, 준식이는 천애의 고아로서 돌보아줄 사람이 없으니 자기가 사랑한다 하 는 것이었다. 준식이는 이 스승의 아래에서 보통 학교를 끝냈다. 고등보통 도 일이의 원조로써 3학년까지 다녔다. 그러다가 차차 자기 철이 들면서, 공부보다도 취직이 더 큰일임을 이해하 게 되자 어떤 인쇄회사의 직공의 자리를 얻으면서 공부를 중지하였다. 전매 국의 여공으로 있던 지금 아내와 눈이 맞아서 부부가 되었다. 이리하여 준식이는 가정생활을 하면서는 직접으로는 일이의 원조를 벗어났 다 하나 역시 일이는 게으르지 않고 준식이의 생활을 돌보아주며 틈틈이 물 질상의 원조도 해주었다. 그러다가 얼마 전에 준식이가 그 인쇄공장에서 해 직이 된 이래로는 생활비의 대부분은 일이에게서 나왔다. 준식이가 청하는 바가 아니로되 일이는 기회를 보아서 늘 원조하고 하였다. 원조할 의무가 있는 것같이 생각되어서였다. 말하자면 일이와 준식이는 사제의 관계라기보다도 서로 감춤 없는 가까운 친구 혹은 친척의 관계와 같았다. 따라서 준식이의 아내는 일이의 눈으로는 딸이나 조카며느리쯤으로 보이는 사랑스러운 여인이었다. 자기의 앞에서 응 석을 부리고 어리광을 부릴지라도 관대한 웃음으로써 그것을 굽어보아야 할 자기의 지위였다.\n",
		"passage_Cnt": 790
	},
	"Annotation": {
		"summary1": "천애의 고아였던 준식이와 보통학교의 훈도였던 일이는 사제관계보다도 친척 혹은 친구 관계 같았다.",
		"summary2": null,
		"summary3": "그 사랑하는 까닭은 공부를 잘한다든가 재주가 있다든가 하는 것이 아니 요, 준식이는 천애의 고아로서 돌보아줄 사람이 없으니 자기가 사랑한다 하 는 것이었다. 말하자면 일이와 준식이는 사제의 관계라기보다도 서로 감춤 없는 가까운 친구 혹은 친척의 관계와 같았다. 일이는 어떤 보통학교의 훈도였다.",
		"summary_3_cnt": 166
	}
}