{
	"Meta(Acqusition)": {
		"doc_id": "REPORT-literature-07416",
		"doc_category": "REPORT",
		"doc_type": "literature",
		"doc_name": "정희",
		"author": "김동인",
		"publisher": null,
		"publisher_year": null,
		"doc_origin": "저작권위원회"
	},
	"Meta(Refine)": {
		"passage_id": "REPORT-literature-07416-07416",
		"passage": " “또 소설 읽고 있었냐? 한데 누가 널 찾아왔더라.” “누구예요?” “최성구!” 정희는 눈이 아득하여졌다. 온 몸의 피가 모두 얼굴로 모여드는 것을 알 수 가 있었다. 정희는 허둥지둥 책상 귀에 의지하였다. “만나 보기 싫으냐? 싫거든 내쫓아 버리지.” “아니예요. 만나 보겠어요.” “만나 봐? 그럼, 이 방으로 보내련?” “네.” 아버지는 나갔다. 아버지가 나간 뒤에, 정희는 머리를 한 번 쓰다듬은 뒤에 치마 고름을 다시 매고 일어섰다. 성구가 들어왔다. 그러나, 이때는 벌써 정희는 마음의 동요를 다 눌렀을 때였다. 정희는, 조금 허리를 굽혀 보고, “언제 올라오셨어요?” 물었다. “이제 왔습니다.” 성구도 무론 혼약 사건을 알았을 것이었다. 정희에게 대한 차디찬 태도는 그것을 증명하였다. 둘은 먹먹히 서 있었다. 그러나 좀 뒤에 성구가 먼저 입을 열었다 . “좌우간 앉으시지요.” “참, 앉으시지요.” 정희는 성구에게 자리를 가리키면서 앉았다. 둘은 역시 먹먹히 앉아 있었 다. 정희는 자존심만 허락하였더면 이 자리에 쓰러져서 모든 사연을 다 이 야기하고 싶었다. 사실 성구가 이때를 당하여 정희를 찾아온 것은 타협할 여지가 있다는 것을 뜻함으로 해석하여도 과히 틀린 일은 아닐 것이었다. 성구도 역시 자존심과 다투는 듯이 먹먹히 앉아 있었으나 종내 입을 열었 다 . “남영식 씨와 혼인을 하겠다지요?” “네.” 정희는 꽤 큰 소리로 대답하였다. “축하 드립니다.” 마침내 정희의 감정은 자존심을 깨뜨렸다 .\n",
		"passage_Cnt": 741
	},
	"Annotation": {
		"summary1": "최성구가 자신을 찾아왔다는 말에 정희는 아득해졌으며 혼약 사건을 안 듯 차디찬 태도의 성구에게 사연을 다 이야기하고 싶었다.",
		"summary2": null,
		"summary3": "“또 소설 읽고 있었냐? 한데 누가 널 찾아왔더라.” “누구예요?” “최성구!” 정희는 눈이 아득하여졌다. “이제 왔습니다.” 성구도 무론 혼약 사건을 알았을 것이었다. 정희에게 대한 차디찬 태도는 그것을 증명하였다. 정희는 자존심만 허락하였더면 이 자리에 쓰러져서 모든 사연을 다 이 야기하고 싶었다.",
		"summary_3_cnt": 172
	}
}