{
	"Meta(Acqusition)": {
		"doc_id": "REPORT-literature-07378",
		"doc_category": "REPORT",
		"doc_type": "literature",
		"doc_name": "동생을 찾으러",
		"author": "방정환",
		"publisher": null,
		"publisher_year": null,
		"doc_origin": "저작권위원회"
	},
	"Meta(Refine)": {
		"passage_id": "REPORT-literature-07378-07378",
		"passage": " 정거장에 이르렀습니다. 낮의 정거장은 퍽 한산하고 쓸쓸하였습니다. 창호 는 아버지와 외삼촌 두 분으로 하여금 정거장 목을 지키게 하였으나, 그러 나 모두 늙어가시는 어른들이라 미덥지가 못하였습니다. 여기서 기차가 떠날 때 복잡한 사람 중에서 그 놈들을 만나 싸울 생각을 하니, 가슴은 점점 더 두근거려 오고 눈은 샛별같이 빛나오지만, 정작 그 놈 들을 만나면 어떻게 싸워서 순희를 빼앗을까 생각할 때에 가슴이 답답하였 습니다.\n사실 이대로 있다가는 그들을 만난다 하여도 도리어 뻔히 보면서 놓쳐 버릴 염려밖에 다른 수가 없을 것 같았습니다. ‘오냐, 학교로 전화를 하자!’ 하고, 창호는 소리치며, 정거장 밖으로 뛰어나가 자동 전화를 찾아가서 학 교로 전화를 걸었습니다. 사랑해 주시는 선생님과 걱정해 주는 동무들을 만나지 못한 지 벌써 여러 날, 이제 전화로 나마 학교에 소식을 전하게 되니, 갑자기 시골에 있던 어 린 색시가 본가에 돌아온 것 같은 기쁨이 가슴을 뻐근하게 하였습니다. \"아, 최 선생님 좀 여쭈어 주세요. 급한 일입니다. 네, 네, 최 선생님이십 니까? 저는 창호올시다. 예, 창호올시다.\" 사랑하시는 주임 선생님은 창호라는 말을 듣고 깜짝 놀라는 모양이었습니 다. 그리고 죽었던 동생이나 조카나 만난 것처럼 기껍고 반가워서 어쩔 줄 을 몰라하는 기색이었습니다. \"창호냐? 정말 창호냐?\" 하고 되짚어 묻는 소리를 들을 때 창호의 가슴은 메어 뻐개지는 것 같고 눈 물이 펑펑 쏟아졌습니다. 직접 만난 것 같으면 선생님의 무릎에 얼굴을 파 묻고 소리쳐 울고 싶었습니다.\n",
		"passage_Cnt": 778
	},
	"Annotation": {
		"summary1": "늙어가시는 외삼촌과 아버지로 하여금 정거장 목을 지키게 한 창호는 그놈들을 만나면 어떻게 싸워서 순희를 빼앗을까 생각할 때 가슴이 답답했다.",
		"summary2": null,
		"summary3": "여기서 기차가 떠날 때 복잡한 사람 중에서 그 놈들을 만나 싸울 생각을 하니, 가슴은 점점 더 두근거려 오고 눈은 샛별같이 빛나오지만, 정작 그 놈 들을 만나면 어떻게 싸워서 순희를 빼앗을까 생각할 때에 가슴이 답답하였 습니다. 창호 는 아버지와 외삼촌 두 분으로 하여금 정거장 목을 지키게 하였으나, 그러 나 모두 늙어가시는 어른들이라 미덥지가 못하였습니다.",
		"summary_3_cnt": 202
	}
}