{
	"Meta(Acqusition)": {
		"doc_id": "REPORT-literature-07320",
		"doc_category": "REPORT",
		"doc_type": "literature",
		"doc_name": "묘예(苗裔)",
		"author": "계용묵",
		"publisher": null,
		"publisher_year": null,
		"doc_origin": "저작권위원회"
	},
	"Meta(Refine)": {
		"passage_id": "REPORT-literature-07320-07320",
		"passage": " 할아버지는 다시금 손자가 귀여움을 느낀다. 품안을 두 팔로 얼싸안았다.\n그러나 안은 것은 아무것도 없다. 손자는 품안에 있지 않았다. 언제 품을 빠져나갔던지 발치 구석에 세웠던 호미를 더듬어 들고 그것을 의지해서나마 서 보려는 것처럼 일어설 공부에 일심이다. 한 팔은 완전히 땅에서 떨어졌 다. “서어마! 서어마! 서어마!” 할아버지는 손자나 마찬가지로 안타깝게 마저 떼어 보려는 호미를 든 다 른 한 손에 눈을 주고 부르짖었다. 손자는 할아버지의 격려 소리에 더욱 흥이 실려 조심스럽게 몸에 힘을 주 며 손을 떼었다, 짚었다 한다. “서마 공둥! 서마 공둥!” 할아버지는 그 호미 든 한 편 손도 점점 떨어져 올라가는 것을 보고는 어 쩔 줄을 모르고 두 팔을 들어 허공을 치받으며 얼러댄다. “서마 공둥! 서마 공둥!” 부르짖다 할아버지는 저도 모르게 어깨를 으쓱 추며 무릎을 탁 쳤다. 손 자는 필경 일어서고야 만 것이다. 그러 일어선 것도 아니요 호미를 들고 일어선 손자, 할아버지는 어떻게도 만족한지 몰랐다. 아이가 처음으로 일어설 때에 가지고 일어서는 그 물건으로 장래 그 아이 의 운명이 결정된다는 것을 할아버지는 그대로 믿어 온다. 호미를 들고 일 어섰다는 것은 필시 농사를 상징한 것이 아닐 수 없다. 그가 성장함을 보지 못하고 죽는다 하더라도 이제 그것은 틀림없이 자기의 뒤를 이음으로 집안 의 대를 농사로 이어 갈 것임이 마음에 놓였다. 일어선 것이 너무도 기꺼워 벙글거리고 섰는 손자의 손목을 할아버지는 잡았다. 손자는 지긋지긋 걸어와 할아버지의 무릎 위에 몸을 내어다 던지는 듯이 털썩 주저앉는다. 그리고는 만족한 듯이 할아버지를 치어다보며 끼르 륵 웃는다.\n",
		"passage_Cnt": 830
	},
	"Annotation": {
		"summary1": "발치 구석에 세웠던 호미를 의지해서 서보려고 일심인 손자를 본 할아버지가 격려의 소리를 부르짖으니 손자는 흥이 실려 몸에 힘을 준다.",
		"summary2": null,
		"summary3": "언제 품을 빠져나갔던지 발치 구석에 세웠던 호미를 더듬어 들고 그것을 의지해서나마 서 보려는 것처럼 일어설 공부에 일심이다. “서어마! 서어마! 서어마!” 할아버지는 손자나 마찬가지로 안타깝게 마저 떼어 보려는 호미를 든 다 른 한 손에 눈을 주고 부르짖었다. 손자는 할아버지의 격려 소리에 더욱 흥이 실려 조심스럽게 몸에 힘을 주 며 손을 떼었다, 짚었다 한다.",
		"summary_3_cnt": 205
	}
}