{
	"Meta(Acqusition)": {
		"doc_id": "REPORT-literature-07612",
		"doc_category": "REPORT",
		"doc_type": "literature",
		"doc_name": "벌번반년",
		"author": "김동인",
		"publisher": null,
		"publisher_year": null,
		"doc_origin": "저작권위원회"
	},
	"Meta(Refine)": {
		"passage_id": "REPORT-literature-07612-07612",
		"passage": " 그런 시절이니만치 금부의 공기가 평화롭지 못한 것은, 또한 한 가지의 사 건이 생겨나려는 징조일시 분명하였다. 그로부터 얼마 전, 동래(東萊)의 어떤 은상(銀商)이 적지 않은 은을 말에 실어 가지고 서울로 올라 오다가 조령(鳥嶺)서 불한당 떼를 만나서, 재물과 목숨을 한꺼번에 빼앗긴 사건이 있었다. 포청의 활동으로 그 불한당은 곧 잡혔다. 잡고 보니 그 불한당은, 정승 박 순(政丞 朴淳)의 서자되는 박응서(朴應犀)였다. 뿐만 아니라, 그 떼거리들 이 모두 서(庶)줄이나마 명문집 자제들이었다. 정부에서는 의심이 덜컥 났다. 아무리 서줄이나마 명문집 자제들만이 모여 서 결당위도라는 데, 의심을 두지 않을 수가 없었다. 더우기 시절이 시절이 니만치, 그들의 배후에 무슨 줄이 없나 문초를 단단히 하였다. 이리하여 그들의 입에서 우러나온 토사는 가로되, 역적 도모를 하였다. 지금 임금을 내쫓고 영창대군(임금의 이복동생)을 모셔다 임금으로 삼기 를 꾀하였다. 영창대군의 모후(母后)되는 인목대비(仁穆大妃)도 무론 아는 바이다. 인목대비의 친정 아버지 되는 연흥부원군(延興府院君) 김제남도 배후의 인물이다. 놀라운 토사였다. 매에 못 이겨 나온 거짓 토사인지 참말인지는 알 길이 없으되, 그들이 토사 한 바의 사건만은 놀랄 만한 일이었다. 인목대비라 하면 선왕 선조(先王 先祖)의 정후(正后)이며, 지금 임금의 생 모는 아니나 당당한 적모(嫡母)였다. 또한 사정으로 따져 보자 하여도, 인목대비에게는 불평과 불만이 있을 것 이었다. 당신은 선왕의 정후로서, 당신 몸에 영창대군이라 하는 적출(嫡出) 왕자가 있거늘, 적출의 왕위를 계승치 못하고 후궁(後宮) 탄생의 현 왕이 계승한 데 대하여는, 적지 않은 불만을 품고 있을 것이었다. 환경과 입장이 그러하니까 자식을 둔 어버이의 마음으로 혹은 어떤 다른 생각이 약간 있었 을는지도 알 수 없다.\n",
		"passage_Cnt": 920
	},
	"Annotation": {
		"summary1": "사건이 생기려는 징조가 있고 난 뒤 서울로 올라오다가 조령에서 불한당 떼를 만나 목숨과 재물을 빼앗긴 일이 일어났다.",
		"summary2": null,
		"summary3": "그런 시절이니만치 금부의 공기가 평화롭지 못한 것은, 또한 한 가지의 사 건이 생겨나려는 징조일시 분명하였다. 그로부터 얼마 전, 동래(東萊)의 어떤 은상(銀商)이 적지 않은 은을 말에 실어 가지고 서울로 올라 오다가 조령(鳥嶺)서 불한당 떼를 만나서, 재물과 목숨을 한꺼번에 빼앗긴 사건이 있었다. 포청의 활동으로 그 불한당은 곧 잡혔다.",
		"summary_3_cnt": 192
	}
}