{
	"Meta(Acqusition)": {
		"doc_id": "REPORT-literature-07595",
		"doc_category": "REPORT",
		"doc_type": "literature",
		"doc_name": "칠칠단의 비밀",
		"author": "방정환",
		"publisher": null,
		"publisher_year": null,
		"doc_origin": "저작권위원회"
	},
	"Meta(Refine)": {
		"passage_id": "REPORT-literature-07595-07595",
		"passage": " 날만 밝으면 경성도 마지막이요, 부모의 소식도 영영 모르게 되는 판이니, 어쩐들 편안한 잠이 들 수 있었겠습니까. 시계 소리가 들릴수록 밤이 깊어 갈수록 눈은 점점 더 샛별 같아지고, 가슴은 더욱 더욱 뛰었습니다. 밤! 깊은 밤! 개도 자고 한길도 자고 전등까지 지붕까지 잠자는 깊디 깊은 밤! 세상은 무덤 속같이 고요한데, 여관 집 뒤꼍 변소 옆 오동나무 밑에 무 언지 가끔 가끔 꾸물꾸물 움직이는 것이었습니다. 날이 흐렸는지 별 하나 보이지 않는 캄캄한 밤, 우중충한 어둠 속에서 이 따금 꾸물거리는 이상한 그림자! 그것은 이 밤에 담을 뛰어 도망하려고 몸 을 빠져 나온 용 소년(勇少年) 상호였습니다. 지금에라도 누군가 쫓아 나오는 듯 나오는 듯하여서 상호의 몸은 바르르 떨리건마는, 웬일인지 담을 얼른 넘어가지도 않고 꾸물꾸물하고만 섰습니 다. “이 애가 왜 입때 안 나오나? 잠이 들었을 리가 없는데…….” 상호는 혼자서 중얼거렸습니다. “들키기 전에 얼른 나와야 할 터인데…….” 하도 무섭고 갑갑하여 상호는 또 중얼거렸습니다. 그때 부지직부지직 여관 마루에 사람의 발소리가 들렀습니다. 상호는 음칫하여 변소 벽에 바싹 붙어 섰습니다. ‘누구일까? 순자인가? 딴 놈인가?’ 눈치를 채이려 고개를 내어 밀고는 싶고 내어 밀면 들킬까 겁도 나고 상호 의 가슴은 폭포물처럼 용솟음쳤습니다. 발소리는 순자인지 누구인지 변소 쪽으로 자꾸 가까이 왔습니다. 누굴까 누굴까 상호의 가슴은 점점 더 뛰었습니다.\n",
		"passage_Cnt": 733
	},
	"Annotation": {
		"summary1": "무덤 속같이 고요하고 우중충한 어둠 속에서 꾸물거리는 이상한 그림자는 담을 뛰어 도망하려는 용 소년 상호였다.",
		"summary2": null,
		"summary3": "세상은 무덤 속같이 고요한데, 여관 집 뒤꼍 변소 옆 오동나무 밑에 무 언지 가끔 가끔 꾸물꾸물 움직이는 것이었습니다. 날이 흐렸는지 별 하나 보이지 않는 캄캄한 밤, 우중충한 어둠 속에서 이 따금 꾸물거리는 이상한 그림자! 그것은 이 밤에 담을 뛰어 도망하려고 몸 을 빠져 나온 용 소년(勇少年) 상호였습니다.",
		"summary_3_cnt": 176
	}
}