{
	"Meta(Acqusition)": {
		"doc_id": "REPORT-literature-07501",
		"doc_category": "REPORT",
		"doc_type": "literature",
		"doc_name": "투환금은(偸煥金銀)",
		"author": "윤백남　",
		"publisher": null,
		"publisher_year": null,
		"doc_origin": "저작권위원회"
	},
	"Meta(Refine)": {
		"passage_id": "REPORT-literature-07501-07501",
		"passage": "투환금은(偸煥金銀) 연산갑자사화(燕山甲子士禍)에 간신의 이름을 받고 죽은 한치형(韓致亨)의 문인으로 있던 조성산(趙誠山)은 처자의 권에 못 이겨 길을 떠났다. 오백여리 먼 길을 노자 겨우 열아문 냥을 지니고 길을 떠난 조성산은 과객 질을 하며 이기로 방침을 정하지 않을 수 없었다. 그러나 그보다도 더 그의 이슴을 무지근하게 한 것은 처자이 굶주리는 참 경을 차마 볼 수 없어 행여나 하고 길을 떠나기는 하였지마는 관서 백한감 사(關西伯韓監司)의 심지를 잘 아는지라 과연 얼마의 전곡을 얻어 올 수 있 을이, 그것에 대한 자신이 도무지 없는 일이었다. \"세상에 그런 인사이 어디 있겠소 아무리 인색하고 무정하다 할지라도 배 은망덕도 분수이 있지, 설마 하니 오백여리를 걸어간 노인을 그냥 돌려 보 낼 리야 있소, 벼락을 맞을 일이지.\" 하고 이웃 사람들도 처자와 함께 권하는 것이었다. 누구나 지나간 일의 이야기를 들으면 그렇게 생각할 것이었다. 한 치형은 단독자 하나 뿐으로 슬하에 자식이 귀하더니 급기 사화를 당하여 죽을 때에 는 그 외아들조차 아직 강보에 싸여 있는 고단한 신세이었다. 게다이 더욱 비참한 것은 간신으로 몰리어 죽는 신세이라 재산은 몰수를 당하고 삼족이 다 함께 죽을 운명에 있었으니 방이위 멸문의 재앙을 당하는 터이라, 그 집의 은덕을 직접 간접으로 입은 문인들도 사방으로 헤어지고 일이 친척도 화에 걸릴이 두려워하여 누구 하나 돌보려는 사람이 없었다.\n",
		"passage_Cnt": 715
	},
	"Annotation": {
		"summary1": "조성산이 과객 질을 하며 길을 떠난 이유는 처자의 권 때문이다.",
		"summary2": null,
		"summary3": "투환금은(偸煥金銀) 연산갑자사화(燕山甲子士禍)에 간신의 이름을 받고 죽은 한치형(韓致亨)의 문인으로 있던 조성산(趙誠山)은 처자의 권에 못 이겨 길을 떠났다. 오백여리 먼 길을 노자 겨우 열아문 냥을 지니고 길을 떠난 조성산은 과객 질을 하며 이기로 방침을 정하지 않을 수 없었다.",
		"summary_3_cnt": 158
	}
}