{
	"Meta(Acqusition)": {
		"doc_id": "REPORT-literature-07269",
		"doc_category": "REPORT",
		"doc_type": "literature",
		"doc_name": "수평선 너머로",
		"author": "김동인",
		"publisher": null,
		"publisher_year": null,
		"doc_origin": "저작권위원회"
	},
	"Meta(Refine)": {
		"passage_id": "REPORT-literature-07269-07269",
		"passage": "필호가 말를 계속하였다.\n“그래서 선생를 갑자기 찾게 된 것은 그 새 잡지상으로도 간간 보았지만 선생께서는 LC당의 조직이며 체계에 대해서 거의 세계적 연구가이니만치 LC 당에 관해서 좀 더 구체적으로 물어 보고자 해서올시다. 사실 말씀 드리자면 조선 경찰이 이런 세계적 사건에 관련케 된 것은 이번이 처음이어요. 아직 모두가 막연하니만치 상부에 보고도 않고 나 혼자만 알아 둘 뿐이지만 여차 하는 날에는 낭패치 않도록 준비를 해두어야 할 게 아닙니까?” 필호의 말를 듣는 동안 인준이의 마음은 차차 어지러워 갔다.\n자기의 아는 껏 LC당의 내용를 모두 필호에게 알게 하여 조선 경찰의 힘으 로 자기의 임무의 방해자인 LC당를 제거하여 버릴 것인가.\n혹은 자기는 자기대로 경찰은 경찰대로 LC는 LC대로 삼각적으로 대립하여 다툴 것인가.\n갑자기 생겨난 이 새로운 문제 때문에 인준이는 자기의 대답할 바를 얼른 작정치 못하고 주저하였다.\n만약 인준 자기가 자기의 일의 방해자인 LC당를 제거키 위하여 LC당에 관 한 자기의 지식 전부를 조선 경찰계의 일원인 필호에게 알린다 하면 물론 LC당이라는 방해자를 제거하는 데는 백 퍼센트의 효과가 있를 것이다. 거대 한 기밀비와 다대한 인원의 경관 수효와 경관의 수효보다 더욱 많은 밀정 (密偵)를 총동원하여 LC당이 장차 펴려는 날개를 꺾으려 하면 그것은 그다 지 힘들 일이 아닐 것이다. 체포 구금 심문의 자유를 가지고 공공히 가택를 수색하며 시찰하며 경우에 의하여서는 공공히 무기를 사용할 권한를 가진 경찰, LC당의 장차 행하려는 범죄를 막기에 전력를 다 한다 하면 LC당은 손 끝도 움직여 보지 못하고 돌아설 것이다.\n",
		"passage_Cnt": 822
	},
	"Annotation": {
		"summary1": "인준 본인이 자신의 지식을 필호에게 알리면 방해자인 LC당을 제거하는데 효과가 있을 것이다.",
		"summary2": null,
		"summary3": "만약 인준 자기가 자기의 일의 방해자인 LC당를 제거키 위하여 LC당에 관 한 자기의 지식 전부를 조선 경찰계의 일원인 필호에게 알린다 하면 물론 LC당이라는 방해자를 제거하는 데는 백 퍼센트의 효과가 있를 것이다.",
		"summary_3_cnt": 120
	}
}