{
	"Meta(Acqusition)": {
		"doc_id": "REPORT-literature-07681",
		"doc_category": "REPORT",
		"doc_type": "literature",
		"doc_name": "허생전(許生傳)",
		"author": "채만식",
		"publisher": null,
		"publisher_year": null,
		"doc_origin": "저작권위원회"
	},
	"Meta(Refine)": {
		"passage_id": "REPORT-literature-07681-07681",
		"passage": " 다섯, 열, 백, 이백, 천, 이천…… 꼬리를 물고 자꾸만 모여들었다. 하되, 혼자 혼자의 단신이 아니요, 저마다 부처를 중심으로 노인이며 어린아이를 데란 한 가족씩들이었다. 마침내 수수천 명이 모였다. 강경 장터가 터질 것 같았다. 바이 동이 나고, 사방에다 움을 팠다. 바닥 사람들은 정녕 무슨 변괴가 나는 것이라 하여 불안에 휩싸여 구석구석이 수군덕거렸다. 그러다가 그 모여든 사람들의입으로부터, 살기 좋은 고장———살 집이 있고, 부칠 땅이 있고, 농사해서 거둔 것을 빼앗기지 않고 배불리 먹을 수가 있고, 그리고 양반 상늠이 없고, 편안히 앉아서 남을 부려먹는 사람도 없고, 이런 낙천지를 찾아가는 사람들이요, 그러느라고 여러 가지 필요한 물건을 사는 것이라는 말을 듣고서야 비로소 의혹들이 풀리었다. 그러나 일부에서는 반신반의하는 편도 없지 아니하였다. 배 오십 척 가운데 스무 척에다는 곡식을 실었다. 열 척에다는 소와 도야지와 닭 등속의 육축과 그 밖에 사들인 여러 가지 물건을 실었다. 그리고 나머지 스무 척에다는 사람을 태울 참이었다. 섣달 열아흐렛날까지에 만단의 준비는 다되었다. 허생은 열 사람의 백사장을 불러 예정한 대로 밝는 날 아침에 길을 뜰 터이니 전원이 다 선창으로 모이도록 전달을 하게 하였다. 사천여 명의 희망을 싣고, 배 떠날 아침은 밝았다. 흐릿하던 날이 굵은 흰 눈발이 하나둘 빠지기 시작하였다. 금년 들어 첫눈이었다. 첫눈은 반가운 것, 사천여 명 여러 사람의 가는 앞길을 축복하는 듯 상서로운 눈이었다.\n",
		"passage_Cnt": 755
	},
	"Annotation": {
		"summary1": "앞길을 축복하는 듯한 첫눈이 오는 아침에 만단의 준비를 한 배는 사천여 명의 희망을 싣고 떠날 준비가 다 되었다.",
		"summary2": null,
		"summary3": "섣달 열아흐렛날까지에 만단의 준비는 다되었다. 사천여 명의 희망을 싣고, 배 떠날 아침은 밝았다. 첫눈은 반가운 것, 사천여 명 여러 사람의 가는 앞길을 축복하는 듯 상서로운 눈이었다. 허생은 열 사람의 백사장을 불러 예정한 대로 밝는 날 아침에 길을 뜰 터이니 전원이 다 선창으로 모이도록 전달을 하게 하였다.",
		"summary_3_cnt": 177
	}
}