{
	"Meta(Acqusition)": {
		"doc_id": "REPORT-literature-07282",
		"doc_category": "REPORT",
		"doc_type": "literature",
		"doc_name": "자유종",
		"author": "이해조",
		"publisher": null,
		"publisher_year": null,
		"doc_origin": "저작권위원회"
	},
	"Meta(Refine)": {
		"passage_id": "REPORT-literature-07282-07282",
		"passage": "자유종 천지간 만물 중에 동물 되기 희한하고, 천만 가지 동물 중에 사람되기 극 난하다. 그같이 희한하고 그같이 극난한 동물 중 사람이 되어 압제를 받아 자유를 잃게 되면 하늘이 주신 사람의 직분을 지키지 못함이어늘, 하물며 사람 사이에 여자되어 남자의 압제를 받아 자유를 빼앗기면 어찌 희한코 극난한 동물 중 사람의 권리를 스스로 버림이 아니라 하리요. 여보, 여러분, 나는 옛날 태평시대에 숙부인(淑夫人)까지 바쳤더니 지금은 가련한 민족 중의 한 몸이 된 신설헌이올시다. 오늘 이매경 씨 생신에 청첩 을 인하여 왔더니 마침 홍국란 씨와 강금운 씨와 그 외 여러 귀중하신 부인 들이 만좌하셨으니 두어 말씀 하오리다. 이전 같으면 오늘 이러한 잔치에 취하고 배부르면 무슨 걱정 있으리까마 는, 지금 시대가 어떠한 시대며 우리 민족은 어떠한 민족이오? 내 말이 연 설 체격과 흡사하나 우리 규중 여자도 결코 모를 일이 아니올시다. 일본도 삼십 년 전 형편이 우리나라보다 우심하여 혹 천하대세라 혹 자국 전도라 말하는 자는, 미친 자라 괴악한 사람이라 지목하고 인류로 치지 안 더니, 점점 연설이 크게 열리매 전도하는 교인같이 거리거리 떠드나니 국가 형편이요, 부르나니 민족사세라, 이삼 인 뭇 거지라도 술잔을 대하기 전에 소회를 말하고 마시니, 전국 남녀들이 십여 년을 한담도 끊고 잡담도 끊고 언필칭 국가라 민족이라 하더니, 지금 동양에 제일 제이 되는 일대 강국이 되었습니다.\n",
		"passage_Cnt": 716
	},
	"Annotation": {
		"summary1": "옛날 태평시대에 숙부인까지 바쳤던 나 신설헌은 홍국란 씨 외 여러 귀중하신 부인들이 만좌한 이매경 씨 생신 자리에서 두어 말씀 하겠다.",
		"summary2": null,
		"summary3": "여보, 여러분, 나는 옛날 태평시대에 숙부인(淑夫人)까지 바쳤더니 지금은 가련한 민족 중의 한 몸이 된 신설헌이올시다. 오늘 이매경 씨 생신에 청첩 을 인하여 왔더니 마침 홍국란 씨와 강금운 씨와 그 외 여러 귀중하신 부인 들이 만좌하셨으니 두어 말씀 하오리다.",
		"summary_3_cnt": 147
	}
}