{
	"Meta(Acqusition)": {
		"doc_id": "REPORT-literature-07572",
		"doc_category": "REPORT",
		"doc_type": "literature",
		"doc_name": "털보 장사",
		"author": "방정환",
		"publisher": null,
		"publisher_year": null,
		"doc_origin": "저작권위원회"
	},
	"Meta(Refine)": {
		"passage_id": "REPORT-literature-07572-07572",
		"passage": " 그로부터, 날마다 밤마다 학교가 파하면 어린이들은 모여 와서 재미있게 놀았습니다. 그러나, 장사가 보고 싶어하는 조그만 어린이는 영영 보이지 않았습니다. 장사는 어느 어린이든지 모두 친애하고 귀애하지만, 맨 처음에 동무가 되어 준 어린이를 잠시도 잊지 못하고, 늘 궁금하게 여기고 말끝마 다 그의 이야기를 하였습니다. “아아, 어떻게든지 그 어린 애기를 만났으면 좋겠다.” 이런 말을 자주자주 하면서 탄식을 하였습니다. 그 후 몇 해가 지났습니다. 털보 장사도 점점 늙어서 한 해 두 해 지나갈수록 몸이 약해졌습니다. 그 래서, 벌써 마당에 나가서 어린이들과 함께 놀 기운이 없어서 크디큰 침대 같은 걸상에 앉은 채로 어린이들이 노는 것을 바라보기도 하고, 동산의 꽃 경치도 바라보며 지냈습니다. “우리 집 동산에는 보기 좋은 꽃이 얼마든지 피어 어우려져 있다. 그러 나, 저 어린이들은 꽃 중에서도 제일 아름다운 꽃이다!” 이런 말을 항상 하고 있었습니다. 어느 겨울날 아침이었습니다. 장사는 옷을 갈아 입으면서 들창 밖을 보았 습니다. 장사는 이제는 그리 겨울을 싫어하지 않았습니다. 그것은 다만 그 동안 봄이 잠을 자는 것이며, 꽃이나 새가 피곤하여 쉬는 것뿐인 것을 아는 까닭이었습니다. 옷을 갈아 입으면서 창 밖을 내다보니까, 언뜻 이상한 경치를 보았습니다.\n동산의 한 구석에 서 있는 나무가 어느 틈엔지 꽃이 활짝 피고, 그 가지가 지는 모두 황금이고, 그 가지에는 은빛으로 빛나는 과일이 무겁게 주렁주렁 매달려 있었습니다. 그리고, 그 나무 밑에는 항상 보고 싶어하는 제일 어여 쁜 그 키 작은 어린이가 혼자 서 있었습니다.\n",
		"passage_Cnt": 806
	},
	"Annotation": {
		"summary1": "장사는 밤마다 어린이들과 모여 재미있게 놀았지만 맨 처음 동무가 되어준 조그만 어린이는 영영 보이지 않았다.",
		"summary2": null,
		"summary3": "그로부터, 날마다 밤마다 학교가 파하면 어린이들은 모여 와서 재미있게 놀았습니다. 그러나, 장사가 보고 싶어하는 조그만 어린이는 영영 보이지 않았습니다. 장사는 어느 어린이든지 모두 친애하고 귀애하지만, 맨 처음에 동무가 되어 준 어린이를 잠시도 잊지 못하고, 늘 궁금하게 여기고 말끝마 다 그의 이야기를 하였습니다.",
		"summary_3_cnt": 179
	}
}