{
	"Meta(Acqusition)": {
		"doc_id": "REPORT-literature-07208",
		"doc_category": "REPORT",
		"doc_type": "literature",
		"doc_name": "시(時)",
		"author": "계용묵",
		"publisher": null,
		"publisher_year": null,
		"doc_origin": "저작권위원회"
	},
	"Meta(Refine)": {
		"passage_id": "REPORT-literature-07208-07208",
		"passage": " 하지만, 북악산 허리에 눈을 쏘은 그대로 여전히 귀는 먹은 사장이다. 말을 내었다가 대답을 받지 못하는 때처럼 무안한 노릇은 없다. 사장이야 댓구를 하건 아니 하건 일단 내어떼어 말이라 할 이야기는 하고 보리라는 마음을 먹었다. “사장님께 드릴 말씀이 잠깐…….” “먼데아까부터 와 섰어. 말은 못하구 그래. 또 월급 마에가리야?” 사장은 픽 돌아서며 근 호에게로 눈을 쓴다. 알기는언제부터 알고 있었든 모양이다. “아니올시다. 저 이번 신년 호에 사장님의 신년사를 싣고 싶습니다.” “내 글을?” “네 .” “권두에다?” “네!” “건 그래서 멀 허게.” “아무리 생각해두 신년호니 만치 사장님의 정중한 권두사가 있어야 잡지 의 권위가 한층 더 설 것 같습니다.” “내가 머 그리 잘나서?” “미다시 우에단 잇승마루로 사진을 넣구 두 페이지로 짜겠습니다.” “사진두 넣어?” “네 넣엽죠. 사진두.” “내 그 잘난 상판을 왜, 그리들 광골 시키려구 야단인구. 접댄 신문에서 사진을 자꾸 졸라대드니.” “원곤 여덟 장 가량 써 주시면 두 페이지가 됩니다.” “여덟 장이구 아홉 장이구 난 이즘 그런 걸 쓸 겨를이 없네. 정 내 권두 사를 넣어야 잡지 꼴이 창피치 않겠다면 자네 하나 써 넣게나.” 결코 명예를 싫어하지 않는 사장이었다. 말만 내이면 못 견디는 체 오히 려 반갑게 승낙을 할 것이 아닐까미리부터 짐작은 하였던 것이나 이제 그 계획의 결정적 성공을 보게 되니 이젠 책이 늦어져도 충분히 대답할 말이 있는 것이다. 근호는 졸아들었던 사지가 늘어나 나는 것처럼 마음이 시원스 러웠다.\n",
		"passage_Cnt": 781
	},
	"Annotation": {
		"summary1": "귀는 먹은 사장이 댓구를 하건 아니 하건 할 이야기는 하고 보자는 마음으로 사장님께 드릴 말씀이 있다고 말하자 사장은 돌아서며 먼데 아까부터 와 섰어 하고 말했다.",
		"summary2": null,
		"summary3": "하지만, 북악산 허리에 눈을 쏘은 그대로 여전히 귀는 먹은 사장이다. 말을 내었다가 대답을 받지 못하는 때처럼 무안한 노릇은 없다. 사장이야 댓구를 하건 아니 하건 일단 내어떼어 말이라 할 이야기는 하고 보리라는 마음을 먹었다. “사장님께 드릴 말씀이 잠깐…….” “먼데아까부터 와 섰어. 말은 못하구 그래. 또 월급 마에가리야?” 사장은 픽 돌아서며 근 호에게로 눈을 쓴다.",
		"summary_3_cnt": 213
	}
}