{
	"Meta(Acqusition)": {
		"doc_id": "REPORT-literature-07216",
		"doc_category": "REPORT",
		"doc_type": "literature",
		"doc_name": "제1과제1장",
		"author": "이무영",
		"publisher": null,
		"publisher_year": null,
		"doc_origin": "저작권위원회"
	},
	"Meta(Refine)": {
		"passage_id": "REPORT-literature-07216-07216",
		"passage": " 도합 스물두 마지기에서 사십 석이 났다. 사십 석에서 스물닷 섬이 소작료 로 제해졌다. 사십 석에서 스물닷 섬 ─ 열닷 섬. 그의 지식은 처음 긴요하 게 쓰여졌다. 그러나 이 지식은 정확성을 갖지 못한 것이었다. 거기서 비료대로 한 섬 두 말이 제해졌고, 아내와 계집아이들의 설사를 치료한 쌀값으로 장리변을 쳐서 열두 말이 떼였다. 지세도 작인과 지주가 반분해서 물기로 되어 있었 다. 지세로 또 몇 말인지 떼였다. 그는 말질을 하는 되감고가 바로 지주나 되는 것처럼 그의 손목이 미웠다. 우르르 덤비어 되감고의 목덜미를 잡아나 꾸고 볏더미 속에다 꾹 처박고 싶은 충동을 이를 악물고 참는 것이었다. 수택은 아버지를 쳐다보았다. 그 옴팡하니 들어간 눈에서는 황혼을 뚫고 무시무시한 살기 띤 빛이 발하는 것이었다. 그는 방공연습을 할 때의 그 휘 황한 몇 줄의 탐조등 광선을 연상하였다. 김 영감은 꼼짝도 않고 한 자리에 서 있었다. 볏더미를 보는가 하면 그렇지도 않았다. 사음을 노리는가 하면 그것도 아닌 것 같았다. 영감은 내년 이 때까지 살아갈 길을 궁리하는 것이 었다. “자, 짊어져라!” 수택은 깜짝 놀랐다. 남은 벼 여남은 섬이 가만히에 채워졌다. 전혀 자신 은 없었으나 벼 이백 근을 못 지겠노란 말도 하기 싫어서 지겟발을 디어밀 었다. “엇차.” 옆에서는 벌써 지고 일어나서 성큼성큼 걸어간다. 그도‘엇차’소리를 쳤 다. 땅 짐도 않는다. “자, 들어줄 게니, 엇차.” 그는 있는 힘을 다해서 무릎을 세우려 했다. 그러나 오금은 뜨는 둥 마는 둥 하다가 그대로 똑 꺾인다. ‘안 되겠느니’, ‘다른 사람이 지라느니’ 이론이 분분하다. 그래도 그는 아버지의 명령이 떨어지기까지는 버티었다.\n",
		"passage_Cnt": 841
	},
	"Annotation": {
		"summary1": "스물두 마지기에서 난 사십 석 중 소작료와 비료대, 지세 등을 떼인 김 영감은 한자리에 서서 살아갈 궁리를 하고 있었다.",
		"summary2": null,
		"summary3": "도합 스물두 마지기에서 사십 석이 났다. 영감은 내년 이 때까지 살아갈 길을 궁리하는 것이 었다. 사십 석에서 스물닷 섬이 소작료 로 제해졌다. 거기서 비료대로 한 섬 두 말이 제해졌고, 아내와 계집아이들의 설사를 치료한 쌀값으로 장리변을 쳐서 열두 말이 떼였다. 지세로 또 몇 말인지 떼였다. 김 영감은 꼼짝도 않고 한 자리에 서 있었다.",
		"summary_3_cnt": 195
	}
}