{
	"Meta(Acqusition)": {
		"doc_id": "REPORT-literature-07532",
		"doc_category": "REPORT",
		"doc_type": "literature",
		"doc_name": "수평선 너머로",
		"author": "김동인",
		"publisher": null,
		"publisher_year": null,
		"doc_origin": "저작권위원회"
	},
	"Meta(Refine)": {
		"passage_id": "REPORT-literature-07532-07532",
		"passage": "지금 윤 백작의 집을 대표하는 사람은 백작의 외아들이요 금년에 서른 한 살 나는 윤찬두였다. 동경제국대학의 법학사라는 학위와‘캠브리치’의 경 제 학 박사라는 학위를 가진 고등한 교양의 주인 찬두는 또한 거기 적당한 인격과 품격을 가진 젊은이였다.\n× × 서 형사 이필호가 그의 임무를 띠고 찾은 것은 노백작이 아니고 찬두 였다.\n소위 화양 절충식이라는 건축 양식을 피하고 순전히 영국 귀족의 저택을 본받아 지은 찬두의 집 현관에서 필호가 하인의 인도로써 어두컴컴한 복도 를 지나서 응접실로 들어갈 때는 사람 방문에 그다지 손서툴지 않은 필호였 지만 좀 어마어마한 느낌이 없지 않았다.\n한참을 필호는 응접실서 기다렸다. 십 분 십오 분 ─ 졸음과 피곤 때문에 정신이 몽롱한 필호에게는 오래 기다리는 것이 역하지도 않았다. 평안한 쿠 션에 푹 박혀서 몽롱히 눈을 감고 조을고 있었다.\n드디어 문 소리가 났다. 눈을 번쩍 떠 보니 들어오는 사람은 역시 하인이 었다.\n“좀 몸이 불편하시다고 침실로 잠시 오시랍니다.” 몸이 불편하여 여기까지 내려오기가 싫으니 침실까지 올라오라는 뜻이었 다. 필호는 말없이 하인의 뒤를 따랐다.\n필호가 찬두의 침실에 이른 때는 찬두는 침대에 누워서 담배를 붙여 물고 있었다. 찬두는 담배를 붙여 문 채 방문객에게 대한 예의로서 몸을 조금 일 으켰다. 그러나 조금 일으킬 뿐 더 일으키지도 않고 더 눕히지도 않고 멍하 니 방문객의 얼굴을 바라보았다. 얼굴에는 무엇이라 형용할 수 없는 기괴한 표정이 나타났다.\n",
		"passage_Cnt": 746
	},
	"Annotation": {
		"summary1": "한참을 응접실서 기다리던 필호는 피곤과 졸음 때문에 정신이 몽롱해 쿠션에 박혀서 조을고 있었고 문 소리가 나서 눈을 떠보니 역시 하인이었다.",
		"summary2": null,
		"summary3": "한참을 필호는 응접실서 기다렸다. 십 분 십오 분 ─ 졸음과 피곤 때문에 정신이 몽롱한 필호에게는 오래 기다리는 것이 역하지도 않았다. 평안한 쿠 션에 푹 박혀서 몽롱히 눈을 감고 조을고 있었다. 드디어 문 소리가 났다. 눈을 번쩍 떠 보니 들어오는 사람은 역시 하인이 었다.",
		"summary_3_cnt": 158
	}
}