{
	"Meta(Acqusition)": {
		"doc_id": "REPORT-literature-07682",
		"doc_category": "REPORT",
		"doc_type": "literature",
		"doc_name": "아카시아",
		"author": "안석영",
		"publisher": null,
		"publisher_year": null,
		"doc_origin": "저작권위원회"
	},
	"Meta(Refine)": {
		"passage_id": "REPORT-literature-07682-07682",
		"passage": "“잠깐 실례하겠어요.” 샬리는 일어서서 두 사람에게 예를 하고 나서 다시 영섭에게 생긋 웃어보 이고는 카운터 뒤로 갔다.\n“여자는 저만하면 괜찮지 않소? 그래도 미인축에 들걸?” 과장은 담배 들은 손의 새끼손가락으로 수염을 매만지며 말했다.\n“좋군요.” “김군 눈에도 그렇게 보일 줄 알았어. 내 눈이 아직 무디진 않군!” 두 사람은 시원스레 웃었다. 아이가 삐루를 가져오자 한 잔씩 따라 놓고 바라만 보았다. 십분쯤이나 지난 뒤에 샬리가 화장을 하고 나왔다. 목욕을 갓 한 얼굴에 새로 한 화장이 잘 먹어서 함박꽃같이 고왔다. 두 팔과 가슴 과 등덜미를 드러낸 양복 사이로 보이는 윤택한 살결이 무척이나 고혹적이 었다. 윤기 흐르는 단발의 까만 머리가 백옥같은 이마에서 나풀거렸다. 붉은 립스틱을 바른 입술로 웃으며 그녀가 이 편으로 올 때에 과장은 정신을 잃 고 바라보았다. 샬리가 그들 가까이 오자 그녀의 몸에서 풍기는, 조금은 고 급스러운 향기가 영섭의 후각을 자극하였다. 그 향기는 영섭이 집에서 회사 로 가는 길에서 맡던 아카시아 향기 같았다. 영섭은 그 길에서 늘 하던 버 릇처럼, 이 여자의 고운 육체에서 풍기는 향취를 숨소리 없이 들이마셔 보 았다.\n“자, 드세요.” 샬리가 과장과 영섭의 잔에 술을 따르고는 영섭을 슬쩍 보며 권한다. 영섭 은 샬리의 눈을 보면서 무엇인가 자기를 얽어매려는 듯한 야릇한 매력을 느 꼈다. 영섭은 술을 반쯤 비우고는 잔을 내려 놓았다.\n“처음 뵙는데 실례되는 말씀이지만 김상(선생)은 예술가 같으세요?” 샬리는 굳게 다문 영섭의 입에서 어떻게든 말을 터뜨리게 하려는 수작이 다. 영섭은 쓸쓸히 웃었다.\n",
		"passage_Cnt": 812
	},
	"Annotation": {
		"summary1": "샬리가 잠깐 실례하겠다고 말하며 나가자 과장은 여자는 저만하면 괜찮지 않냐고 수염을 매만지며 말했다. ",
		"summary2": null,
		"summary3": "“잠깐 실례하겠어요.” 샬리는 일어서서 두 사람에게 예를 하고 나서 다시 영섭에게 생긋 웃어보 이고는 카운터 뒤로 갔다. “여자는 저만하면 괜찮지 않소? 그래도 미인축에 들걸?” 과장은 담배 들은 손의 새끼손가락으로 수염을 매만지며 말했다.",
		"summary_3_cnt": 135
	}
}