{
	"Meta(Acqusition)": {
		"doc_id": "REPORT-literature-07588",
		"doc_category": "REPORT",
		"doc_type": "literature",
		"doc_name": "단발(斷髮)",
		"author": "이상",
		"publisher": null,
		"publisher_year": null,
		"doc_origin": "저작권위원회"
	},
	"Meta(Refine)": {
		"passage_id": "REPORT-literature-07588-07588",
		"passage": "말하자면 애호하는 가면을 도적을 맞는 위에 그 가면을 뒤집어 이용당하면서 놀림감이 되고 말 것밖에 없다.\n그러나 그라고 해서 소녀에게 자그마한 욕구가 없는 바는 아니었다. 아니 차라리 이것은 한 무적 '에고이스트'가 할 수 있는 최대 욕구이었는지도 모른다.\n그는 결코 고독 가운데서 제법 하수(下手)할 수 있는 진짜 염세주의 자는 아니었다. 그의 체취처 럼 그의 몸뚱이에 붙어 다니는 염세주의라는 것은 어디까지든지 게으른 성격이요 게다가 남의 염 세주의는 어느 때나 우습게 알려 드는 참 고약한 아리아욕(我利我慾)의 염세주의였다.\n죽음은 식전의 담배 한 모금보다도 쉽다. 그렇건만 죽음은 결코 그의 창호(窓戶)를 두드릴 리가 없으리라고 미리 넘겨짚고 있는 그였다. 그러나 다만 하나 이 예외가 있는 것을 인정한다.\nA double suicide.\n그것은 그러나 결코 애정의 방해를 받아서는 안된다는 조건이 붙는다. 다만 아무것도 이해하지 말고 서로서로 '스프링보드' 노릇만 하는 것으로 충분히 이용할 것을 희망한다. 그들은 또 유서 를 쓰겠지. 그것은 아마 힘써 화려한 애정과 염세의 문자로 가득 차도록 하는 것인가 보다.\n이렇게 세상을 속이고 일부러 자기를 속임으로 하여 본연의 자기를, 얼른 보기에 고귀하게 꾸미 자는 것이다. 그러나 가뜩이나 애정이라는 것에 서먹서먹하게 굴며 생활하여 오고 또 오는 그에 게 고런 마침 기회가 올까 싶지도 않다.\n당연히 오지 않을 것인데도 뜻밖에 그가 소녀에게 가지는 감정 가운데 좀 세속적인 애정에 가까 운 요소가 섞인 것을 알아차리자 그 때문에 몹시 자존심이 상하지나 않았나 하고 위구(危懼)하고 또 쩔쩔매었다. 이것이 엔간치 않은 힘으로 그의 정신생활을 섣불리 건드리기 전에 다른 가장 유 효한 결과를 예기하는 처벌을 감행치 않으면 안될 것을 생각하고 좀 무리인 줄은 알면서 노름하 는 셈치고 소녀에게 double suicide를 프로포즈하여 본 것이었다.\n",
		"passage_Cnt": 952
	},
	"Annotation": {
		"summary1": "그를 따라다니는 염세주의란 게으른 성격과 남의 염세주의를 우습게 알려드는 것이었으며 고독 가운데서 하수할 수 있는 진짜 염세주의자는 아니었다. ",
		"summary2": null,
		"summary3": "아니 차라리 이것은 한 무적 '에고이스트'가 할 수 있는 최대 욕구이었는지도 모른다. 그는 결코 고독 가운데서 제법 하수(下手)할 수 있는 진짜 염세주의 자는 아니었다. 그의 체취처 럼 그의 몸뚱이에 붙어 다니는 염세주의라는 것은 어디까지든지 게으른 성격이요 게다가 남의 염 세주의는 어느 때나 우습게 알려 드는 참 고약한 아리아욕(我利我慾)의 염세주의였다.",
		"summary_3_cnt": 202
	}
}