{
	"Meta(Acqusition)": {
		"doc_id": "REPORT-literature-07489",
		"doc_category": "REPORT",
		"doc_type": "literature",
		"doc_name": "화분",
		"author": "이효석",
		"publisher": null,
		"publisher_year": null,
		"doc_origin": "저작권위원회"
	},
	"Meta(Refine)": {
		"passage_id": "REPORT-literature-07489-07489",
		"passage": " “예술에 더 힘쓰실 수두 있겠구…….” 잔인한 권고였으나 미란에게는 그 한마디가 구원의 목소리로 들렸다.\n자릿자릿한 마음으로 동정을 살피고 있던 그로서 가장 듣고 싶던 결론의 한 마디를 들은 셈이었다. “예술만으로 살 수 있을까요.” “그만한 기품이 없이 어찌 어려운 예술의 길을 걸을 수 있겠습니까.” “예술이 인생의 전부란 말씀이죠.” “그 요량을 하여야죠.예술의 길에 있어서는 전 언제까지나 좋은 동무되어 드리겠습니다.” 남의 일이면서도 미란에게는 영훈의 선언이 청천의 벽력 같이도 들리면서 몸에 식은 땀이 흐르는 판이었다. 사랑의 까막잡기를 하다가 상대자의 선언 을 들었을 때같이 세상에서 두려운 때가 있을까. 두 사람의 말소리는 그것 으로 끊어진 채 어느 때까지나 침묵이 흘렀다. 아마도 그 다음은 말이 아니 고 가야의 울음소기가 들릴 차례가 아닐까 하면서 미란은 그것을 조바심하 고 기다리게 되는 무서운 순간이었다……. 미란은 우연히 그들의 말을 엿듣게 된 그것만으로도 허물이나 저지른 듯 가야에게 대해서는 그의 중대한 비밀을 훔쳐낸 듯 미안한 마음을 금 할 수 없었다. 그 우연한 기회로 영훈과 가야의 내용을 확실히 안 셈이었고 가야 의 비극의 인상을 확적히 손에 잡은 셈이었다. 가야의 처지를 가엾어는 여 기면서도 한편 자기 자신의 비집고 들어갈 여지가 그대로 남아있아는 의식 에서 오는 안심그것을 내심으로는 악마의 기쁨이라고 느껴는 보면서도 막을 수 없는 자연의 심정임은 어쩌는 수 없었다. 그런 심정을 탄할 사람도 없는 것이요, 막을 능력도 세상에는 없는 것이다. 경쟁과 싸움은 숨은 속에 서도 거세게 계속되는 것이다. 치밀한 주의 아래에서 미란의 시험은 더욱 계속되었다. 두 사람 사이를 엿보고 가야의 마음의 성과를 살펴 나가는 동 안에 처음 인상이 더욱 선명해 갈 뿐이었다. 영훈의 마음이 태연하고 범연 한 데 비겨 가야의 감정은 반비례로 격해가고 더워 가는 것은 미란은 애닯 게 바라보았다.\n",
		"passage_Cnt": 961
	},
	"Annotation": {
		"summary1": "미란은 영훈과 가야의 말을 우연히 엿들으며 가야를 가엾어하면서도 기쁨과 안심이 들었다.",
		"summary2": null,
		"summary3": "미란은 우연히 그들의 말을 엿듣게 된 그것만으로도 허물이나 저지른 듯 가야에게 대해서는 그의 중대한 비밀을 훔쳐낸 듯 미안한 마음을 금 할 수 없었다. 가야의 처지를 가엾어는 여 기면서도 한편 자기 자신의 비집고 들어갈 여지가 그대로 남아있아는 의식 에서 오는 안심그것을 내심으로는 악마의 기쁨이라고 느껴는 보면서도 막을 수 없는 자연의 심정임은 어쩌는 수 없었다. 그 우연한 기회로 영훈과 가야의 내용을 확실히 안 셈이었고 가야 의 비극의 인상을 확적히 손에 잡은 셈이었다.",
		"summary_3_cnt": 268
	}
}