{
	"Meta(Acqusition)": {
		"doc_id": "REPORT-literature-07234",
		"doc_category": "REPORT",
		"doc_type": "literature",
		"doc_name": "여인",
		"author": "김동인",
		"publisher": null,
		"publisher_year": null,
		"doc_origin": "저작권위원회"
	},
	"Meta(Refine)": {
		"passage_id": "REPORT-literature-07234-07234",
		"passage": " 서울서 이촌동(二村洞)의 탕수를 구경하고, 석왕사로 혹은 명사십리로 호탕한 여행을 계속하는 동안, 본시 여행을 즐겨 하는 나는 평양의 술을 잊었다. 눈만 뜨면 한없이 그립던 유흥 정취를 잊었다. 칠야의 대동강의 뱃놀이를 잊었다. 녹발의 미기들을 잊었다. 한 달의 여행을 끝내고 평양으로 돌아올 때는, 그 새의 술과 놀이에 피곤 하였던 나의 심신은 다시 상쾌한 기분을 회복하였다. 젋음과 행복감으로 충일된 나의 심령은, 세상의 온갖 곳에 흩어져 있는 젊음과 행복을 한없이 축복하면서, 고요히 고요히 평양으로 돌아왔다. 그리고 평양에 돌아와서, 또 다시 건전한 생활을 계속하고 있었다. 그래 가을 춘원 부처(春園 夫妻)가 평양을 왔다. 병으로 인하여 강서 약수(江西藥水)에서 여름을 보내고 귀경하던 길에 평양에 들른 것이었었다. 그날 저녁, 춘원 부인은 부인 자기의 친구와 함께 놀러 나가고, 춘원은 K와 나의 인도로써 하루 저녁을 평양의 놀이를 즐기려, 장춘관(長春館)으로 갔다, 그날 저녁에 부른 기생 가운데 노산홍(盧山紅)이 있었다. 산홍은 비교적 어린 기생이었었다. 그의 얼굴은 이쁘다기보다 엇구수하였고, 늘씬하게 자란 키는 마치 옥토에서 잘 자란 화초와 같았다. 그리고 그의 얼굴이며 몸은 내가 좋아하는 타입의 여인이었었다. “간지노요로시이온나다라우?(感じの宜い女だらう―분위기가 좋은 여자지)” 아직껏 여름의 놀이에, 큰 기생만 데리고 놀아서, 어린 기생을 모르는 나에게 노산홍을 소개하며, K는 이렇게 말하였다. 나는, 그 말에 커다랗게 머리를 끄덕이고, 겹지 않고 그를 바라보았다.\n",
		"passage_Cnt": 780
	},
	"Annotation": {
		"summary1": "서울 이촌동의 탕수와 석왕사, 명사십리로 호탕한 여행을 계속하는 동안 나는 칠야의 대동강 빗놀이 등 눈만 뜨면 한없이 그립던 유흥 정취를 잊었다.",
		"summary2": null,
		"summary3": "서울서 이촌동(二村洞)의 탕수를 구경하고, 석왕사로 혹은 명사십리로 호탕한 여행을 계속하는 동안, 본시 여행을 즐겨 하는 나는 평양의 술을 잊었다. 눈만 뜨면 한없이 그립던 유흥 정취를 잊었다. 칠야의 대동강의 뱃놀이를 잊었다.",
		"summary_3_cnt": 129
	}
}