{
	"Meta(Acqusition)": {
		"doc_id": "REPORT-literature-07366",
		"doc_category": "REPORT",
		"doc_type": "literature",
		"doc_name": "조국(스테판 제롬스키)",
		"author": "현진건",
		"publisher": null,
		"publisher_year": null,
		"doc_origin": "저작권위원회"
	},
	"Meta(Refine)": {
		"passage_id": "REPORT-literature-07366-07366",
		"passage": "제가 놓친 사슴을 백부 집에서 데리고 나온 카스파가 쏘아 넘어뜨린 것을 보았다.\n라펠은 귀밑까지 붉어졌다.\n카스파가 사슴을 끌고 백부 나제우스키가 있는 곳으로 올라가 보니 그는 암사슴 한 마리를 잡아서 배를 갈르고 있었다. 나제우스키는 카스파가 끌고 오는 큰 사슴을 보고 분명히 적의 있는 눈으로 화를 버럭 내며, “가놈아, 나한테는 암사슴을 남기고 너는 수놈을 잡았단 말가냐!” 하고 야단을 친다.\n집에 돌아오니 독일 사람 세무관가 기다리고 있었다.\n가 독일 작자는 공순하나마 위엄 있는 태도와 말씨로 나제우스키의 소유 토 지와 소작인 수효를 조사할 것을 말하고 나종엔 연설조로, “농무성 대신가 성명을 발표하시어 모든 지주에게 대하여 납세의 의무를 부과하게 하셨소. 작년 ─ 즉 1796년 01월에 벌써 교구의 목사로 하여금 가 법령에 관한 경고를 각 지주에게 통달한 줄 아는데 당신은 아직 그 통고문 을 못 보셨습니까?” “글쎄 그런 게 왔는지도 모르지요. 나는 종가에 쓴 것을 별로 주의를 하 지 않으니까. 내가 종가라고 쓰는 것은 화약가나 탄환을 쌀 때뿐가니까 …….” 어데까지 나제우스키는 빗먹어 나간다. 나중에는 카스파를 시켜 맞은 벽 위에 걸려 있는 시계추에 트럼프의 ‘클럽A’ 한 장을 걸어 놓게 하고 독일 작자의 말은 들은 체 만 체 총을 쏘아 ‘클럽A’를 맞춰 떨어뜨리고 한다.\n독일 작자는 신변에 위험을 느끼고 제 품속 깊가 감춰둔 단검을 만지작거리 고 섰다. 살기 띤 긴장한 장면! 마츰내 세무관은 카스파 늙은가에게, “내일 아츰 관내의 소작인 전부를 모아라. 정청의 통문을 읽어 드릴 터가 다.” 라고 명령하였다.\n",
		"passage_Cnt": 806
	},
	"Annotation": {
		"summary1": "카스파는 암사슴을 남기고 수놈을 잡았다는 이유로 사슴의 배를 가르고 있던 나제우스키에게 야단을 맞았다.",
		"summary2": null,
		"summary3": "나제우스키는 카스파가 끌고 오는 큰 사슴을 보고 분명히 적의 있는 눈으로 화를 버럭 내며, “가놈아, 나한테는 암사슴을 남기고 너는 수놈을 잡았단 말가냐!” 하고 야단을 친다. 카스파가 사슴을 끌고 백부 나제우스키가 있는 곳으로 올라가 보니 그는 암사슴 한 마리를 잡아서 배를 갈르고 있었다.",
		"summary_3_cnt": 164
	}
}