{
	"Meta(Acqusition)": {
		"doc_id": "REPORT-literature-07371",
		"doc_category": "REPORT",
		"doc_type": "literature",
		"doc_name": "봄과 따라지",
		"author": "김유정",
		"publisher": null,
		"publisher_year": null,
		"doc_origin": "저작권위원회"
	},
	"Meta(Refine)": {
		"passage_id": "REPORT-literature-07371-07371",
		"passage": " 이번에는 트레머리에 얕은 향내가 말캉말캉 나는 뾰족구두다. 얼뜬 보아한 즉 하르르한 비단 치마에 옆에 낀 몇 권의 책 그리고 아리잠직한 그 얼굴.\n외모로 따져보면 돈푼이나 좋이 던져줄 법한 고운 아씨다. 대뜸 물고 나서며 아씨 한 푼 줍쇼 아씨 한 푼 줍쇼. 가는 아씨는 암만 불러도 귀가 먹은 듯.\n혼자 풍월로 얼마를 따르다 보니 이제는 하릴없다. 그다음 비상수단이 아니 나올 수 없는 노릇. 체면 불구하고 그 까마귀발로다 신성한 치맛자락을 덥 석 잡아챈다. 홀로 가는 계집쯤 어떻게 다루든 이쪽 생각. 한 번 더 채여라.\n아씨 한 푼 줍쇼. 아씨도 여기에는 어이가 없는지 발을 멈추고 말뚱히 바라 본다. 한참 노리고 보고 그리고 생각을 돌렸는지 허리를 구부리어 친절히 달랜다. 내 지금 가진 돈이 없으니 집에 가 줄게 이거 놓고 따라오너라. 너무나 뜻밖의 일이라 기쁠 뿐더러 놀라운 은혜이다. 따라만 가면 밥이 나 올지 모르고 혹은 먹다 남은 빵조각이 나올는지도 모른다. 이건 아마 보통 갈보와는 다른 예수를 믿는 착한 아씬가 보다. 치마를 놓고 좀 떨어져서 이 번에는 점잖이 따라간다. 우미관 옆 골목으로 들어서서 몇 번이나 좌우로 꼬불꼬불 돌았다. 아씨가 들어간 집은 새로 지은 그리고 전등 달린 번뜻한 기와집이다. 잠깐만 기다려라 하고 아씨가 들어갈 제 그는 눈을 똥그랗게 뜨고 기대가 컸다. 밥이냐 빵이냐 잔치를 지내고 나서 먹다 남은 떡 부스러 기를 처치 못하여 데리고 왔을지도 모른다. 팥고물도 좋고 전여도 좋고 시 크무레 쉰 콩나물, 무나물, 아무거나 되는 대로. 설마 예까지 데리고 와서 돈 한 푼 주고 가라진 않겠지. 허기와 기대가 갈증이 나서 은근히 침을 삼 키고 있을 때 대문이 다시 삐꺽 열린다. 아마 주인서방님이리라. 조선옷에 말쑥한 얼굴로 한 사나이가 나타났다. 네가 따라온 놈이냐 하고 한 손으로 목덜미를 꼭 붙들고 그러더니 벌써 어느 틈에 네 번이나 머리를 주먹이 우 렸다. 그러면 아구 아파 소리를 지른 것은다섯번째부터요 눈물은 또 그담 에 나온 것이다. 악장을 너무 치니까 귀가 아팠음인지 요 자식 다시 그래봐 라, 대릴 꺾어놓을 테니. 힘 약한 독사와 도야지는 맞대항은 안된다. 비실 비실 조 골목 어귀까지 와서 이제야 막 대문 안으로 들어가려는 서방님을 돌려대고 요 자식아 네 대릴 꺾어놀 테야 용용 죽겠니. 엄지가락으로 볼따 귀를 후벼 보이곤 다리야 날 살리라고 그냥 뺑소니다.\n",
		"passage_Cnt": 1188
	},
	"Annotation": {
		"summary1": "잠깐 기다려라 하고 아씨가 번뜻한 기와집으로 들어가고 다시 대문이 열리며 나타난 사나이가 어느 틈에 네 번이나 머리를 주먹이 우렸다.",
		"summary2": null,
		"summary3": "아씨가 들어간 집은 새로 지은 그리고 전등 달린 번뜻한 기와집이다. 잠깐만 기다려라 하고 아씨가 들어갈 제 그는 눈을 똥그랗게 뜨고 기대가 컸다. 허기와 기대가 갈증이 나서 은근히 침을 삼 키고 있을 때 대문이 다시 삐꺽 열린다. 조선옷에 말쑥한 얼굴로 한 사나이가 나타났다. 네가 따라온 놈이냐 하고 한 손으로 목덜미를 꼭 붙들고 그러더니 벌써 어느 틈에 네 번이나 머리를 주먹이 우 렸다.",
		"summary_3_cnt": 223
	}
}