{
	"Meta(Acqusition)": {
		"doc_id": "REPORT-literature-07230",
		"doc_category": "REPORT",
		"doc_type": "literature",
		"doc_name": "알리바바와 도둑",
		"author": "방정환",
		"publisher": null,
		"publisher_year": null,
		"doc_origin": "저작권위원회"
	},
	"Meta(Refine)": {
		"passage_id": "REPORT-literature-07230-07230",
		"passage": " 알리바바는 즉시 몰지나에게, “대단히 친절하고 고마운 손님이 왔으니, 음식을 차리고 퍽 맛이 있고, 정결하게 하고, 나와 겸상을 하여 오너라.” 하고 부탁하였습니다. 몰지 나는 속으로 ‘대체 그렇게 친절하고 고마운 손님이 누구란 말인가’하고, 음식을 차 려 가지고 사랑방에 나가 보니까 큰일 났습니다. 얼굴 모습을 고치고, 안경 을 쓰고, 변복을 하여서 알리바바까지는 감쪽같이 속이고 있으나, 그러나 요전에 기름 장수로 왔었던 도둑놈의 오른 뺨에 까만 사마귀가 하나 있는데 그것은 기름 장수로 차리고 왔을 때 똑똑히 보아 두었던 사마귀였습니다.\n그리고, 도둑놈이 입은 윗저고리 속에 칼자루가 삐죽히 보이는 것을 보고, 일이 대단히 급한 것을 안 몰지 나는, 급히 제 방으로 돌아와서 얼굴을 예쁘 게 단장하고 장 속에 깊이 넣어 두었던 새 옷을 꺼내 입은 후, 허리에는 은 으로 만든 허리띠를 띠고, 날이 시퍼런 조그만 칼을 보이지 않게 가슴에 찌 르고, 조그만 북을 한 손에 들고 사랑방으로 뛰어나갔습니다. 알리바바가 그것을 보고, “너, 이게 웬일이냐?” 하니까, 몰지 나는 벙글벙글 웃으면서, “다름이 아니라, 저녁을 잡수신 뒤에 너무 심심하실 듯해서 잘 추지는 못하나마, 오늘 오신 손님을 위해서 춤이나 한 번 추려고 그럽니다.” 하고 대답하였습니다. “어디 그러면 한 번 추어 보아라.” 하였습니다. 그러나, 도둑 놈은 혼자 속으로 걱정입니다. 알리바바를 죽이자 면, 꼭 저녁이 끝난 지금이라야겠는데 자기를 위해서 춤춘다는데, 거절할 수도 없는 일이고 해서 속으론 싫지만 겉으로만은 좋아하는 체하였습니다.\n",
		"passage_Cnt": 792
	},
	"Annotation": {
		"summary1": "춤을 추어 보라는 것에 도둑놈이 혼자 속으로 걱정을 했지만 겉으로는 좋아하는 체 했다.",
		"summary2": null,
		"summary3": "그러나, 도둑 놈은 혼자 속으로 걱정입니다. 알리바바를 죽이자 면, 꼭 저녁이 끝난 지금이라야겠는데 자기를 위해서 춤춘다는데, 거절할 수도 없는 일이고 해서 속으론 싫지만 겉으로만은 좋아하는 체하였습니다. “어디 그러면 한 번 추어 보아라.” 하였습니다.",
		"summary_3_cnt": 144
	}
}