{
	"Meta(Acqusition)": {
		"doc_id": "REPORT-literature-07476",
		"doc_category": "REPORT",
		"doc_type": "literature",
		"doc_name": "수평선 너머로",
		"author": "김동인",
		"publisher": null,
		"publisher_year": null,
		"doc_origin": "저작권위원회"
	},
	"Meta(Refine)": {
		"passage_id": "REPORT-literature-07476-07476",
		"passage": "“네, 좀 수상한 소문을 들었기에 그 진부를 알아보려고 왔습니다.” “권총 소리 말씀이오?” “?…” 의외였다. 펄펄 뛰면서 부인하더라던 사건을 찬두 쪽에서 먼저 입을 연 것 이었다.\n“네, 그런 소문이 있기에 직책상 그저 넘길 수도 없고 해서….” 찬두는 다시 머리를 수그렸다. 다시 무슨 생각을 하는 모양이었다.\n“필호 씨.” “네?” “좀 이상한 말씀을 묻습니다마는 당신네 서(署)에 혹은 필호 씨와 동성동 명의 분이라도 계시지 않습니까?” “글쎄올시다, 수많은 순사가 있으며 이필호라는 이름은 흔히 있는 이름이 니까 혹은 있는지도 알 수 없습니다마는 제가 아는 한도 안에서는 없다고 생각합니다.” 찬두는 또 무엇을 좀 생각하는 듯하였다. 그런 뒤에 나잍 캐비넽에 가서 거기서 무엇을 가져다가 필호의 앞으로 내어 밀었다.\n“이것이 뉘 명함이오니까?” 보매 그것은 아까 필호가 면회를 청하기 위하여 들여보낸 명함이었다.\n“제 명함이올시다.” 찬두는 주머니 속에서 다른 명함 하나를 꺼내어 필호에게 보였다.\n“이건 뉘 명함이외까?” 필호는 보았다. 그것도 필호 자기의 명함에 틀림이 없었다. 이번 신경서 명함이 떨어져서 거기서 급작히 만든 필호 자기의 명함에 틀림이 없었다.\n그리고 그 명함은 신경서는 몇 장을 쓴 일이 있으나 조선서는 아직 한 장도 남의 손에 넘긴 일이 없는 명함이었다.\n“그것도 제 명함이올시다만….” “분명히 노형의 명함이오?” “네, 분명히 제 명함이올시다만 어디서 그 명함을 얻으셨읍니까?” “얻은 것이 아니라 누구에게 받은 것이외다.” “네?” 잠에 취하여 몽롱하게 되었던 필호의 머리도 여기서 번쩍 뜨였다.\n",
		"passage_Cnt": 805
	},
	"Annotation": {
		"summary1": "필호가 다니는 서에 동성동명이 있지 않냐고 찬두가 물으니 필호는 아는 한도 안에서는 없다고 말했다.",
		"summary2": null,
		"summary3": "“필호 씨.” “네?” “좀 이상한 말씀을 묻습니다마는 당신네 서(署)에 혹은 필호 씨와 동성동 명의 분이라도 계시지 않습니까?” “글쎄올시다, 수많은 순사가 있으며 이필호라는 이름은 흔히 있는 이름이 니까 혹은 있는지도 알 수 없습니다마는 제가 아는 한도 안에서는 없다고 생각합니다.” 찬두는 또 무엇을 좀 생각하는 듯하였다.",
		"summary_3_cnt": 183
	}
}