{
	"Meta(Acqusition)": {
		"doc_id": "REPORT-literature-07520",
		"doc_category": "REPORT",
		"doc_type": "literature",
		"doc_name": "계집하인",
		"author": "나도향",
		"publisher": null,
		"publisher_year": null,
		"doc_origin": "저작권위원회"
	},
	"Meta(Refine)": {
		"passage_id": "REPORT-literature-07520-07520",
		"passage": "어떤 때는 통내외하고 다니는 친구가 와서 보고 주인 귀에다 몰래, \"내보내게. 못 쓰겠네. 첫째 남 볼썽이 사놔\" 하며 권고를 한다. 그럴 때마다 주인은, \"나도 아네. 하지만 온 지가 열흘도 못된 것을 어떻게 내보내나. 차차…\" 하고 대답만 하여 두었다. 이 눈치를 챈 주인아내는 그 친구를 몹시 미워하기 시 작하였다.\n\"별 걱정을 다하네. 오지랖도 꽤 넓지, 남의 집 살림 걱정까지 하게\" 하며 옆에다 세워 놓고 욕을 할 적이 있었다. 그럴 적마다 주인은 치밀어 올라오 는 분을 참는다. 학교 다니는 열 두 살 먹은 큰아들도 걸핏하면, \"찍어 뱅이, 애꾸눈이!\" 하고 놀려먹는다. 그러면 그런 때마다 몽둥이찜이 내린다.\n그것이 도화선이 되어 내외 쌈이 된다.\n\"집안의 위엄이 너무 없어\" 하고 남편이 호령을 하면 아내는, \"자식들이 너무 버릇 없어\" 하고 대든다. 공연히 사람 하나 데려온 것이 집안을 불화하게 만들어 놓았다.\n그러자 양천집에게 하루는 기별이 오기를, 동서가 죽었는데 초상 볼 사람이 없 으니 급히 와 달라 하였다.\n양천집은 황망히 그리로 갔다. 일을 하다 말고 갔으므로 주인아내는 어쩔 줄을 몰랐다. 어떻든 속히 오라고 하기는 하였으나 한 시가 액액한지라 혼자 걱정만 하 고 있었다.\n그 때에 주인은 생각하기를 이런 좋은 기회를 잃지 말고 다른 것을 불러오겠다 하였다.\n그래서 하루는 아내를 동정하듯이, \"일하던 것을 그대로 두고 가서 어떻게 한단 말이요!\" 하고 은근히 의논을 하였다.\n",
		"passage_Cnt": 733
	},
	"Annotation": {
		"summary1": "주인 아내가 데려온 사람을 내보내라고 하는 그 친구를 미워하기 시작한 것이 도화선이 되어 내외가 싸우게 되었다.",
		"summary2": null,
		"summary3": "어떤 때는 통내외하고 다니는 친구가 와서 보고 주인 귀에다 몰래, \"내보내게. 못 쓰겠네. 첫째 남 볼썽이 사놔\" 하며 권고를 한다. 이 눈치를 챈 주인아내는 그 친구를 몹시 미워하기 시 작하였다. 공연히 사람 하나 데려온 것이 집안을 불화하게 만들어 놓았다. 그것이 도화선이 되어 내외 쌈이 된다.",
		"summary_3_cnt": 170
	}
}