{
	"Meta(Acqusition)": {
		"doc_id": "REPORT-literature-07343",
		"doc_category": "REPORT",
		"doc_type": "literature",
		"doc_name": "유모",
		"author": "이무영",
		"publisher": null,
		"publisher_year": null,
		"doc_origin": "저작권위원회"
	},
	"Meta(Refine)": {
		"passage_id": "REPORT-literature-07343-07343",
		"passage": " 나는 제가 맡긴 젖을 달라고 그악을 떠는 어린것을 떼치고 띵띵 불은 젖통 을 움켜쥐고 삼청동 막바지에서 계동 꼭대기를 달려올 때의 유모의 심정을 이리저리 상상해 보았다 . 더욱이 병까지 난 어린것을 떼놓고 투실투실하게 살쪄가는 남의 자식을 찾아 나올 때의 유모의 표정을 상상해보고 있었다! “나 참, 싱거운 양반두 봤수, 남을 불러놓고 무슨 생각을 그렇게 하구 앉 으셨 수, 그래?” 나는 그대로 잠자코만 있었다. 지금의 나의 심경을 그에게 이야기한댔자 아내는 비웃기만 할 것을 잘 알고 있기 때문이었다. 이튿날은 일요일도 아니었지마는 나는 사에도 안 나갔다. 아내는아침부터 머리를 빗는다 치마 주름을 잡는다 법석이다. “왜 어딜 갈라우?” “좀 나갔다 오겠어요. 집에 계시다지요?” “어딜 가기에?” “유모 한 군데 말해볼까 해서 그래요. 내 곧 다녀 들어올께니 아이 좀 보 셔요.” “유몰 두구서 무슨 유몰 또 구하러 간다구 야단요.” 하고 나는 펄쩍 뛰었다. “유모라구 쓰겠어요? 그 흔케 나는 젖을 어떻게 하는 겐지 글쎄 요샌 빈 꼭지만 빨리구 간다우! 필시 어떤 놈의 집 자식한테 젖을 대이는 게야, 그 러게 그렇지 뭐요!” 나는 한사코 아내를 만류했다. 유모의 젖이 시원치 않은 것은 요새 자기 남편의 병으로 돈이 몰리니까 배 를 주려 그런 것이다. 그렇게 가난한 사람을 지금 당장 뗀다는 것도 사람으 로서는 차마 못 할 노릇이요 그럴 리야 없겠지만 설사 다른 데 젖먹이는 곳 이 있다손 치더라도 굶어 죽잖을라고 하는 노릇이고 아이 없는 어머니에게 젖이 날 턱이 없고 보니 제 자식 있는 사람의 젖을 얻어먹이는 것보다도 갈 라 먹이더라도 제 소생 없는 편이 유리하지 않느냐는 것을 여러 가지로 역 설해 들리었다.\n",
		"passage_Cnt": 854
	},
	"Annotation": {
		"summary1": "유모를 새로 구한다는 아내를 나는 한사코 만류했다.",
		"summary2": null,
		"summary3": "“왜 어딜 갈라우?” “좀 나갔다 오겠어요. 집에 계시다지요?” “어딜 가기에?” “유모 한 군데 말해볼까 해서 그래요. 내 곧 다녀 들어올께니 아이 좀 보 셔요.” “유몰 두구서 무슨 유몰 또 구하러 간다구 야단요.” 하고 나는 펄쩍 뛰었다. “유모라구 쓰겠어요? 그 흔케 나는 젖을 어떻게 하는 겐지 글쎄 요샌 빈 꼭지만 빨리구 간다우! 필시 어떤 놈의 집 자식한테 젖을 대이는 게야, 그 러게 그렇지 뭐요!” 나는 한사코 아내를 만류했다.",
		"summary_3_cnt": 249
	}
}