{
	"Meta(Acqusition)": {
		"doc_id": "REPORT-literature-07659",
		"doc_category": "REPORT",
		"doc_type": "literature",
		"doc_name": "안평대군(安平大君)의 실연(失戀)",
		"author": "차상찬",
		"publisher": null,
		"publisher_year": null,
		"doc_origin": "저작권위원회"
	},
	"Meta(Refine)": {
		"passage_id": "REPORT-literature-07659-07659",
		"passage": "대군은 좋다고 허락하였다.\n다른 손들은 일변 의심하며 재미 없이 여기었다.\n그 기생은 옥같은 손을 놀리어 장단을 치며 노래를 부르고 최서방도 또한 사양 없이 거문고를 당기어 화답한다.\n노래소리는 애원(哀怨)하여 하소연하는 듯하고 거문고 소리는 청아(淸雅) 하여 반기 듯하였다.\n두 소리가 합하여 가던 구름을 머무르는 듯하고, 다만 나머지 소리가 대들 보에 오래도록 들리어 있으니 듣는 사람들이 넋을 잃어 쳐다보고 얼굴 빛이 도리어 없다.\n최서방은 여러 손들의 얼굴 빛이 좋지 않음을 살피고 천천히 몸을 일으키 며 \"생이 여기까지 대감을 모시고 따라온 것은 평양경치를 두루 보고 연광정 노래나 한 번 질탕히 할랴고 한 것인데 이미 평생의 생각하던 바 원을 다 이 루었으니 대감의 신세가 적지 않습니다. 돌아 갈 길이 바빠 돌아가실 때 모 시고 갈 수 없으니 먼저 물러 가기를 청하나이다.\n하고 뒤도 안돌아보고 도로 성큼성큼 연광정 아래로 내려갔다.\n뒤 미쳐 그 기생도 이내 일어나 상을 찡그리며 \"첩이 그 전부터 심복의 병이 있사온데 오래 찬 마루에 모시고 앉았더니 그 병이 다시 발작하여 몸이 심히 불편하 오므로 먼저 대단 황송하오나 물 러 가고자 하옵니다.\" 하고 안평대군께 하직하고 급한 걸음으로 치맛자락을 걷어쥐고 최서방의 뒤 를 총총히 따랐다. 평생에 그 기생과 한 번 즐겨보려고 오백 오십리를 멀다 안 하고 평양까지 와서 전후 기구를 다 부르고 노리를 차린 안평대군이 생각하였던 기생이 딴사람에게 정이 끌리어 따라감을 보고 형용키 어려운 생각 이 가슴속에 안돌 수 없었다.\n",
		"passage_Cnt": 774
	},
	"Annotation": {
		"summary1": "기생이 옥 같은 손을 놀리어 장단을 치고 노래를 부르고 최서방은 거문고로 화답하는데 노랫소리는 하소연하는 것 같고 거문고 소리는 반기는 듯하여 듣는 이들이 넋을 잃었다.",
		"summary2": null,
		"summary3": "그 기생은 옥같은 손을 놀리어 장단을 치며 노래를 부르고 최서방도 또한 사양 없이 거문고를 당기어 화답한다. 노래소리는 애원(哀怨)하여 하소연하는 듯하고 거문고 소리는 청아(淸雅) 하여 반기 듯하였다. 두 소리가 합하여 가던 구름을 머무르는 듯하고, 다만 나머지 소리가 대들 보에 오래도록 들리어 있으니 듣는 사람들이 넋을 잃어 쳐다보고 얼굴 빛이 도리어 없다.",
		"summary_3_cnt": 204
	}
}