{
	"Meta(Acqusition)": {
		"doc_id": "REPORT-literature-07637",
		"doc_category": "REPORT",
		"doc_type": "literature",
		"doc_name": "앙탈",
		"author": "채만식",
		"publisher": null,
		"publisher_year": null,
		"doc_origin": "저작권위원회"
	},
	"Meta(Refine)": {
		"passage_id": "REPORT-literature-07637-07637",
		"passage": " 춥기는 겨울 이상으로 추웠다. 불이라도 한 무더기 놓고 싶으나 댈 성냥이 없고 또 불을 놓다가는 사람이 쫓아올 테니 그도 못 할 노릇이었었다. 배가 아니 고팠으면 그대로 누워서 견딜 대로 견디겠는데 뱃속이 창자까지 쓸어낸 것같이 시장하여 그 때문에 추위도 한층 더하였다. 오 전만 있어도 호떡 한 개에 뜨근뜨근한 차를 먹을 수가 있는데…… 가만 있자…… ‘내가 지금 길거리로 내려가서 공교하게 오 전 한 푼이 흘려 있어…… 그놈을 주워가지고 호떡집으로……’ 이렇게 생각하니 단침이 꼴딱하고 목구멍으로 넘어갔다. ‘─가만 있자 십전짜리 두 푼을 줍는다면…… 설렁탕…… 옳지 설렁탕을 먹는다……’ 아니 일 원짜리를 주우면? 일 원 가지고는 셈이 닿지 않고 십 원? 아니 십원짜리 열 장…… 그렇지 열 장 백 원…… 그 놈이면 우선 무엇보담도 고놈의 여우 같은 노파한테 석 달 밥값 육십 원을 팩 내던져 주고 그 굽실거리는 꼴을 좀 보고 청목당에 가서─아차 밤이 늦었지…… 그러면 우선 설렁탕이나 두어 그릇 먹고…… 그리고 양복을 한 벌…… 양복은 해 입자면 모자라겠는걸…… 오백 원은 주워야겠는걸…… 한 천 원만 주우면…… 그것도 쓰자면 얼마 못 쓰겠는걸…… 집은 한 채 사야지…… 한 만 원? 만 원 만 원…… 그래도 모자라…… 십만 원? 백만 원? ‘억만 원─척 버틴다―’ 찬바람이 오싹 지나가며 S의 공상은 깨어졌다. 억만 원을 쓸 공상을 하면서 오 전이 없어 창자를 움켜쥐고 한뎃잠을 자는 자기의 행색이 한심하다 못하여 고소가 나왔다.\n",
		"passage_Cnt": 751
	},
	"Annotation": {
		"summary1": "춥기는 겨울 이상으로 추웠고 뱃속이 시장하여 추위도 한층 더했지만 억만 원을 쓸 공상을 하며 오 전이 없어 한뎃잠을 자는 자기의 행색이 한심해 고소가 나왔다.",
		"summary2": null,
		"summary3": "배가 아니 고팠으면 그대로 누워서 견딜 대로 견디겠는데 뱃속이 창자까지 쓸어낸 것같이 시장하여 그 때문에 추위도 한층 더하였다. 억만 원을 쓸 공상을 하면서 오 전이 없어 창자를 움켜쥐고 한뎃잠을 자는 자기의 행색이 한심하다 못하여 고소가 나왔다. 춥기는 겨울 이상으로 추웠다.",
		"summary_3_cnt": 157
	}
}