{
	"Meta(Acqusition)": {
		"doc_id": "REPORT-literature-07394",
		"doc_category": "REPORT",
		"doc_type": "literature",
		"doc_name": "철인(哲人) 이토정(李土亭)",
		"author": "차상찬",
		"publisher": null,
		"publisher_year": null,
		"doc_origin": "저작권위원회"
	},
	"Meta(Refine)": {
		"passage_id": "REPORT-literature-07394-07394",
		"passage": "그러나 그때 사람들은 그의 진가(眞價)를 알지 못하고 율곡까지도 그를 그 저 기화이초나 진금기수에 비하고 말었으니 어찌 애석지 않으랴 그때에 그 가 일부러 광객행세를 하며 세상을 비웃는 것도 또한 까닭이 있는 것이었 다.\n선생의 초립동(草笠童)의 시절의 일이다. 그의 처가도 역시 삼개 근처였는 데 그의 장인은 왕족으로 모산 이성랑(毛山李星琅)이라는 분이었다.\n초례하던 그 다음날 때는 엄동설한 몹시 추운 때였었는데 처가에서 아래위 말쑥하게 새 옷을 한 벌 입혔더니 입은 채로 슬그머니 어디로 나가서는 해가 지도록 돌아오지 않으므로 처가에서는 웬일인가 하고 궁금히 여겼더니 밤늦 게야 벌벌 떨면서 들어 오는데 보니까 아침에 입었던 도포(道袍)가 없어졌 다. 집안 사람들이 이상히 여겨 그 까닭을 물은즉 \"볼일이 있어서 홍제원(弘濟院)까지 갔었는데 돌아오는 길에 본즉 다리목 에서 거지 아이 셋이 떨고 있으므로 그냥 나만 혼자 솜 옷을 입고 있을 수 가 없어서 내 도포를 벗어 세쪽으로 찢어 세 아이에게 갈라 입히고 왔 소.\" 하니 그 집 사람들이 모두 기특하게 생각하였다. 하루는 그 형님을 보고 말 하되 \"우리 처가를 살펴 본즉 길(吉)한 기운이 없고 오래지 않아 무슨 화(禍) 가 있을 것 같은데 만일 내가 그 집에 오래 있다가는 나까지도 화를 입을 염려가 있습니다.\" 하고 처자를 데리고 그 집을 떠나 나왔다. 과연 그 다음 해에 그 집에서 어 떤 일로 화를 입어서 온 집안이 멸망하게 되니 그 형님도 그의 선견지명이 특이 한 것을 탄복하였다.\n",
		"passage_Cnt": 756
	},
	"Annotation": {
		"summary1": "선생의 집안사람들이 그를 기특하게 생각한 이유는 떨고 있는 거지 아이 셋에게 솜 옷을 벗어줬기 때문이다.",
		"summary2": null,
		"summary3": "집안 사람들이 이상히 여겨 그 까닭을 물은즉 \"볼일이 있어서 홍제원(弘濟院)까지 갔었는데 돌아오는 길에 본즉 다리목 에서 거지 아이 셋이 떨고 있으므로 그냥 나만 혼자 솜 옷을 입고 있을 수 가 없어서 내 도포를 벗어 세쪽으로 찢어 세 아이에게 갈라 입히고 왔 소.\" 하니 그 집 사람들이 모두 기특하게 생각하였다. 선생의 초립동(草笠童)의 시절의 일이다.",
		"summary_3_cnt": 200
	}
}