{
	"Meta(Acqusition)": {
		"doc_id": "REPORT-literature-07428",
		"doc_category": "REPORT",
		"doc_type": "literature",
		"doc_name": "어머니와딸",
		"author": "강경애",
		"publisher": null,
		"publisher_year": null,
		"doc_origin": "저작권위원회"
	},
	"Meta(Refine)": {
		"passage_id": "REPORT-literature-07428-07428",
		"passage": " 봉준이가 자라날수록 그의 희망은 커졌다. 하여 살림살이를 어쩌는 수가 없이 일감을 만들어 가며 잠시도 놀지 안았다. 일꾼을 데리고 밭 몇 마지기를 손수 부쳤다. 그리하여 여름에는 농사 뒤치 기에 눈코 짬이 없이 바쁘게 지냈다. 그러나, “엄마!” 하는 소리만 들으면 어려운 줄을 모르고 악하고 일을 하였다. 그러므로 동네에서도 이 부인을 흠모치 안는 사람이 없었다. 비록 농사하 는 집일망정 깨끗하여 먼지 있는 것을 볼 수 없으며 심지어 뜰 앞 구석에 박혀 있는 돌 한 개라도 사람의 발부리에 채이지 안도록 자기를 잡아놓는 일이며, 항상 손부리에서 노는 호미, 괭이, 걸레, 비, 화로, 성냥갑, 바느 질 그릇, 암 질러 잃어버리지 안도록 급한 때 얼른 찾도록 교묘히 정돈해 두 는 것이었다. 그러므로 성냥 한 개비를 무단히 없애지 안고 실 한 바람을 유효하게 썼다. 하여 점점 늘어가는 그의 가세는 매해 달라갔다. 그러는 사이에 봉준의 나이 일곱 살이 되었다. 그는 분주히 그곳 예수교 학교에 아들을 입학시켰다. 그후부터는 아침이 되면 봉준이가 책보를 들고 학교로 달아나는 것이었다.\n그는 말없이 아들의 가는 뒤꼴을 물끄러미 바라보며 ‘저것을 사람을 맨들 어놔야 할 텐데……’ 이렇게 생각할 때 어머니란 책임이 무겁고도 막연함 을 깨달았다. 동네 새 술장수집이 생긴 후로 잠잠하던 촌동네가 뒤숭숭하게 되었다. 그 러므로 어떤 사람은 내어쫓자는 사람으로, 덮어놓고 욕질하는 사람으로, 한 동안은 그에게로 부산히 문안 겸 노친네 젊은 부인네들이 저녁이 되면 모여 들었다.\n",
		"passage_Cnt": 768
	},
	"Annotation": {
		"summary1": "부인이 일감을 만들고 잠시도 놀지 않아 그의 가세는 매해 달라졌고 그러는 사이 봉준이 자라 일곱 살이 되자 예수교 학교에 입학시켰다.",
		"summary2": null,
		"summary3": "하여 점점 늘어가는 그의 가세는 매해 달라갔다. 하여 살림살이를 어쩌는 수가 없이 일감을 만들어 가며 잠시도 놀지 안았다. 그러는 사이에 봉준의 나이 일곱 살이 되었다. 그는 분주히 그곳 예수교 학교에 아들을 입학시켰다. 그러므로 동네에서도 이 부인을 흠모치 안는 사람이 없었다.",
		"summary_3_cnt": 160
	}
}