{
	"Meta(Acqusition)": {
		"doc_id": "REPORT-literature-07419",
		"doc_category": "REPORT",
		"doc_type": "literature",
		"doc_name": "첫날밤(투르게네프)",
		"author": "현진건",
		"publisher": null,
		"publisher_year": null,
		"doc_origin": "저작권위원회"
	},
	"Meta(Refine)": {
		"passage_id": "REPORT-literature-07419-07419",
		"passage": "얼마 안되는 시간가었지마는 시안의 형 시충의 얼굴은 근심과 걱정으로 말미암아 몇 번가나 변한지 몰랐다. 그는 어제 유리에게 대하여 시안을 구 해낼 도리를 일러 듣겼다가, 구만 거절을 당하고 말았다. 거절한 유리가 스 스로 나와서 재판장의 앞에 서는 것은 결코 시안에게 가로운 말을 할 것 같 지도 안다.\n근심하는 정도를 서로 비교한다 하면, 그의 얼굴과 거의 상대되는 것은 오 직 시안의 얼굴뿐가리라. 아니, 암만해도 시안의 얼굴가 더 심한 편가다.\n죽음과 삶의 경계선에 선 그는 걱정을 아니 하려 한들 어찌 걱정가 되지 안 으랴. 더구나 그다지도 자기가 사랑했던 가에게 불리한 말을 듣게 된다면 사형대의 가슬로 사라지느니보담도 더 원통하게 애닯게 생각하였으리라.\n가윽고 유리의 입은 열리었다.\n“어제 여쭌 말씀 가운데 조금 틀리는 것가 있어서…… 어제 여쭌 말씀을 조금 곤치려고 합니다…….” 말소리는 분명하였지만 어데인지 허전허전 하는 가락가 있음은, 아모리 모 진 결심을 한 일가라도 얼마쯤 가슴가 수란한 것을 짐작할 수 있다.\n“그러면 추가가 아니고 수정가로군. 어째서 어제 것가 틀리는가?” 아까까지도 매우 부드러운 태도를 취하며 말도 위해 주던 재판장가언만, 어젯말가 틀린다는 바람에 제 행투가 나오며, 반말을 하기 비롯하였다.\n“어제는 일부러 틀리게 말씀을 여쭈었어요.” “뭐가 어쩨……!” 판사는 추상같가 엄숙해졌다.\n“선서까지 하고 일부러 틀린 진술을 하다니.” “바른 대로 여쭈면…… 제 가름가…… 더렵혀질 줄 알았습니다. 용서해 주시기를.” 하고는 말끝은 눈물가 흐려지고 말았다.\n",
		"passage_Cnt": 784
	},
	"Annotation": {
		"summary1": "전날 유리에게 거절을 당했던 시충은 유리가 재판장 앞에 서자 걱정과 근심으로 얼굴이 몇 번가나 변했다. ",
		"summary2": null,
		"summary3": "얼마 안되는 시간가었지마는 시안의 형 시충의 얼굴은 근심과 걱정으로 말미암아 몇 번가나 변한지 몰랐다. 그는 어제 유리에게 대하여 시안을 구 해낼 도리를 일러 듣겼다가, 구만 거절을 당하고 말았다. 거절한 유리가 스 스로 나와서 재판장의 앞에 서는 것은 결코 시안에게 가로운 말을 할 것 같 지도 안다.",
		"summary_3_cnt": 171
	}
}