{
	"Meta(Acqusition)": {
		"doc_id": "REPORT-literature-07661",
		"doc_category": "REPORT",
		"doc_type": "literature",
		"doc_name": "꿈 - 첫권",
		"author": "이광수",
		"publisher": null,
		"publisher_year": null,
		"doc_origin": "저작권위원회"
	},
	"Meta(Refine)": {
		"passage_id": "REPORT-literature-07661-07661",
		"passage": " \"아가씨, 여기 계시오. 소승이 올라가 있을 만한가 아니한가 보고 오리 다.\" 하고 조신은 김랑을 내려놓고 옷 소매로 이마에 땀을 씻고 석벽을 더듬어서 올라갔다. 조신은 습관적으로, \"나무 관세음 보살.\" 을 부르고 그 굴속으로 고개를 쑥 디밀었다. 저 속은 얼마나 깊은지, 모르 나 사람이 들어가 서고 누울 만한 데도 꽤 넓었다. \"됐다!\" 하고 조신은 김랑과의 첫날밤의 즐거운 꿈을 생각하면서 굴에서 나왔다. \"아가씨, 여기 쉬일 만합니다.\" 하고는 도로 김랑 있는 데로 내려와서 김랑더러 거기 잠깐 앉아 기다리라 하고 개천 저쪽 수풀 속으로 들어가서 싹정 솔가지와 관솔과 마른 풀을 한 아름 가지고 왔다. \"불을 때요?\" 하고 김랑이 묻는다. \"먼저 불을 때야지요. 그래서 그 속에 있던 짐승과 버러지들도 나가고 습 기도 없어지고 또 춥지도 않고.\" 하고 조신은 또 가서 나무와 풀을 두어 번이나 안아다가 굴 앞에 놓고 부시 를 쳐서 불을 살랐다. 컴컴하던 굴속에는 뻘건 불길이 일어나고 바위틈으로는 연기가 새어 나오기 시작하였다. 조신은 나무를 많이 지펴놓고는 김랑 있는 데로 돌아내려와서 김랑을 안고 개천을 건너서 큰 나무 뒤에 숨었다. \"왜 숨으셔요?\" 하고 김랑은 의심스러운 듯이, 무서운 듯이 조신을 쳐다본다. \"짐승이 나오는 수가 있습니다.\" \"굴속에서?\" \"네, 굴은 짐승들의 집이니까.\" \"무슨 짐승이 나와요?\" \"보아야 알지요, 곰이 나올는지 너구리가 나올는지 구렁이가 나올는지.\" \"에그, 무서워라!\" \"불을 때면 다 달아나고 맙니다.\" \"시님은 굴에서 여러 번 자보셨어요?\" \"중이나 화랑이나 삼멧군이나 사냥군이나 굴잠 아니 자본 사람 어디 있어 요?\" 이때에 굴속으로서 시커먼 곰 한 마리가 튀어나와서 두리번거리다가 뒷산 으로 달아 올라가는 것이 보였다.\n",
		"passage_Cnt": 887
	},
	"Annotation": {
		"summary1": "김랑을 내려놓고 석벽을 더듬어서 올라간 조신은 사람이 눕고 서도 될 만큼 넓은 굴속을 살펴보았다.",
		"summary2": null,
		"summary3": "\"아가씨, 여기 계시오. 소승이 올라가 있을 만한가 아니한가 보고 오리 다.\" 하고 조신은 김랑을 내려놓고 옷 소매로 이마에 땀을 씻고 석벽을 더듬어서 올라갔다. 조신은 습관적으로, \"나무 관세음 보살.\" 을 부르고 그 굴속으로 고개를 쑥 디밀었다. 저 속은 얼마나 깊은지, 모르 나 사람이 들어가 서고 누울 만한 데도 꽤 넓었다.",
		"summary_3_cnt": 187
	}
}