{
	"Meta(Acqusition)": {
		"doc_id": "REPORT-literature-07497",
		"doc_category": "REPORT",
		"doc_type": "literature",
		"doc_name": "혼명에서",
		"author": "백신애",
		"publisher": null,
		"publisher_year": null,
		"doc_origin": "저작권위원회"
	},
	"Meta(Refine)": {
		"passage_id": "REPORT-literature-07497-07497",
		"passage": " 내 입으로 분명히 말한다면 나는 당신에게‘연애 이상’이라고 하겠습 니다. 그것을 무엇이라고 이름 짓는지 나는 알지 못하며 알려고 애쓰고도 싶습니다. 다만‘연애 이상’이라고 밖에 아무런 표현도 할 수 없습니다.\n왜냐하면 연애는 미(美)입니다. 신비스런 미(美)이에요. 그러나 나는 당신 에게 그 신비스런 미의 감정을 지나‘힘’이란 느낌을 가진 까닭입니다.\n힘은 모 ─ 든 것을 정복하는‘절대’의 미를 가졌어요. S! 그러면 가장 실질적 현실적으로는 나의 이 결론이 어떠한 형식으로 전개될 것인가! 그것은 지금 결론을 내릴 수 없습니다. 당신이 가진 바 그‘힘’은 어떻게든지 전개시킬 수 있는 것인 까닭입니다. 그럼으로 오 ─ 직 이 섬세 한 문제는 당신과 내가 내년 봄 삼월에 다시 만날 그 순간에 결정될 것이라 고 생각합니다. S! 그러면 내년 봄 삼월까지 나는 무성한 잎사귀를 한 가지 가득 움트게 할 정열을 아름답게 다듬어 둘까 합니다.\n2. 천국(天國)에 가는 편지 (S가 가 있는 곳은 재래(在來)의 천국(天國)이 아니다. 희망(希望)의 녹기 (綠旗)를 높이 꽂은 저 ─ 봉우리 위이다) S! 왜? 이다지 장난이 심하십니까! 아무리 장난이더라도 거짓말하는 것은 꽃은 즐기지 않는답니다. S! 오늘은 바로 이월 이십팔 일! 즉, 이월 그믐날이랍니다. 이 하루만 지나면 우리가 기다리던 그 봄 삼월이옵니다. 내일날부터 시작되는 그 삼월달에 우리에게 훌륭한 그야말로 환희에 넘치는 삶을 함께 느낄 수 있는 날이 있 는 것입니다.\n",
		"passage_Cnt": 746
	},
	"Annotation": {
		"summary1": "나는 당신에게 신비로운 미를 넘어서 힘을 느꼈기 때문에 연애 이상의 감정을 가졌다.",
		"summary2": null,
		"summary3": "내 입으로 분명히 말한다면 나는 당신에게‘연애 이상’이라고 하겠습 니다. 왜냐하면 연애는 미(美)입니다. 그러나 나는 당신 에게 그 신비스런 미의 감정을 지나‘힘’이란 느낌을 가진 까닭입니다. 그것을 무엇이라고 이름 짓는지 나는 알지 못하며 알려고 애쓰고도 싶습니다.",
		"summary_3_cnt": 152
	}
}