{
	"Meta(Acqusition)": {
		"doc_id": "REPORT-literature-07636",
		"doc_category": "REPORT",
		"doc_type": "literature",
		"doc_name": "장화",
		"author": "이무영",
		"publisher": null,
		"publisher_year": null,
		"doc_origin": "저작권위원회"
	},
	"Meta(Refine)": {
		"passage_id": "REPORT-literature-07636-07636",
		"passage": " “단원은 다들 모였는가?” 흰 노타이 셔츠에 단장이라고 시뻘겋게 쓴 완장을 달고 국방모를 질끈 눌 러쓰 고 딱 버티고 설라치면 제법 그럴 듯싶다. 양 어깨가 일자가 진 데다가 허리가 또 부듯해서 언뜻 보면 네모가 나보인다. 탱크로 들이받아도 움쩍도 않을 것 같다. 이 네모난 체격이 누구의 명령인지 사각장군이라는 칭호를 낳았다. “쉬, 사각장군 온다!” 쌈이 났다가도 사각장군이 기다란 곤봉을 질질 끌고 나설라치면 인기척 들 은 송사리떼처럼 풍비박산을 한다. “뭣들을 그래?” “아니올시다. 술들 먹구 장난입니다.” “술이라니, 지금이 어느 땐데 술들이 취해서 그래. 조심들 해!” “예!” A읍 사람 쳐놓고 사각장군 두려워하지 않은 사람은 없지만 과거 왜정 때 기세를 올리던 친일파, 민족반역자가 제일 밥이다. 군수고 서장은 모두 일 인이었으니까 들고 튀었지만 그 밑의 조무래기 친일파들은 명령 일하에 군청 마당에다 무릎을 끓리어 엎치었다. “너 네 죌 알겠지!” “예. 그저 죽을 죄를 졌습니다.” “네 죌 일일이 대어라!” “죄란 월급푼 받구 그놈들의 종 노릇한 것밖엔 없습니다.” “저놈을 패라!” “와!” 그의 세도가 이럴 때다. 그러니 왜정 때 순사질을 한 강창복이가 사각장군 앞에 밥이 아닐 수 없다. 그래서 하루는 강창복이가 김달영이의 비위를 사 기 위해서 가죽장화를 갖다 진상한 것이다. “단장님, 거 어디 됐습니까. 나도 인저 그놈의 칼을 떼어놨으니 개발에 편자지요. 이놈을 신으시고 한 번 군중 앞에 썩 나서 보십시오!” 사법 대서란 이발소와 자동차 운전사와 함께 순사의 밥이었다. 걸핏하면 돈도 뺏어가고 술도 뺏아먹다가 한 번 안 들어주어도 그날로 말썽을 부리던 강 순사가 이렇게 와서 굽실거리고 물건까지 진상을 하다니 세상은 정녕 음 지가 양지되고 양지가 음지된 줄 알겠다.\n",
		"passage_Cnt": 896
	},
	"Annotation": {
		"summary1": "양 어깨가 일자가 진 데다가 허리가 또 부듯해서 언뜻 보면 네모가 나 보이는 탱크가 받아도 움쩍도 않을 것 같은 체격이 사각장군이라는 칭호를 낳았다.",
		"summary2": null,
		"summary3": "양 어깨가 일자가 진 데다가 허리가 또 부듯해서 언뜻 보면 네모가 나보인다. 탱크로 들이받아도 움쩍도 않을 것 같다. 이 네모난 체격이 누구의 명령인지 사각장군이라는 칭호를 낳았다. “쉬, 사각장군 온다!” 쌈이 났다가도 사각장군이 기다란 곤봉을 질질 끌고 나설라치면 인기척 들 은 송사리떼처럼 풍비박산을 한다.",
		"summary_3_cnt": 177
	}
}