{
	"Meta(Acqusition)": {
		"doc_id": "REPORT-literature-07445",
		"doc_category": "REPORT",
		"doc_type": "literature",
		"doc_name": "화염에 싸인 원한",
		"author": "나도향",
		"publisher": null,
		"publisher_year": null,
		"doc_origin": "저작권위원회"
	},
	"Meta(Refine)": {
		"passage_id": "REPORT-literature-07445-07445",
		"passage": "상인은 종수를 찾아갔다. 그곳에서 얼마간 앉아 이야기하다가 다시 자기 집으로 가기를 청하였다.\n밤이 늦지는 않았으나 길거리가 부신 듯 고요하고 띄엄띄엄 가게집 등잔과 주막집 아궁이에서 일어난 불이 보일 뿐인데 아직 대엿새밖에 안되어 보이 는 반달이 고개를 쳐들어 하늘을 보아야 보이고 허리 굽혀 땅을 살펴야 알 게 떠 있다.\n종수와 상인은 자기 집을 거진 다 와서 주막 앞을 지나게 되었다.\n머슴 녀석이 반갑게 쑥 나오며, \"어디 다녀 오십니까?\" 하고 앞에 선다.\n\"응, 너냐\" 하고 대답을 채 마치기 전에 집 앞에서 부녀의 목소리로, \"그 뉘시냐\" 하는 소리가 들렸다.\n\"나요.\" 상인은 돌아다보았다.\n\"아 김 주사 나리십디까. 들어오시요. 담배라도 한 대 태우시고 가시 죠.\" 주인이라 손님을 사귀어 두는 것도 좋지마는 이름난 부자의 자식이요 외양 이 똑똑하고 재주 있어 보이고 시골 서울로 다녀서 때도 쏙 빠졌으므로 자기 집에 청해서 청주 한 잔 대접하는 것도 공연한 일은 아닐 것이다.\n상인은, \"들어오시오\" 하는 소리를 듣고 좋기는 하나 또 한 옆으로는 또 부끄럽기도 하고 서먹서 먹하였다. 그래서 주저주저하다가 종수를 곁눈으로 보니까 그는 대답도 없 이 먼저 주막으로 들어갔다.\n상인은 따라 들어갔다. 주인이란 계집은 나이가 사십이 되어 근 오십이 되 어 보이는데 눈이 삿갓눈이요 몸이 뚱뚱하고 입이 변덕스러웁게 생겨서 누 가 보든지 저런 데서 그런 딸이 어떻게 나왔나 하도록 모녀의 생김생김이 다르다.\n",
		"passage_Cnt": 737
	},
	"Annotation": {
		"summary1": "종수를 찾아간 상인은 밤이 늦지는 않았으나 주막집 아궁이와 가게집 등잔에서 띄엄띄엄 불이 보일 뿐 길거리가 고요하여 자기 집으로 가기를 청했다.",
		"summary2": null,
		"summary3": "상인은 종수를 찾아갔다. 그곳에서 얼마간 앉아 이야기하다가 다시 자기 집으로 가기를 청하였다. 밤이 늦지는 않았으나 길거리가 부신 듯 고요하고 띄엄띄엄 가게집 등잔과 주막집 아궁이에서 일어난 불이 보일 뿐인데 아직 대엿새밖에 안되어 보이 는 반달이 고개를 쳐들어 하늘을 보아야 보이고 허리 굽혀 땅을 살펴야 알 게 떠 있다.",
		"summary_3_cnt": 183
	}
}