{
	"Meta(Acqusition)": {
		"doc_id": "REPORT-literature-07604",
		"doc_category": "REPORT",
		"doc_type": "literature",
		"doc_name": "단장(短章)",
		"author": "정인택",
		"publisher": null,
		"publisher_year": null,
		"doc_origin": "저작권위원회"
	},
	"Meta(Refine)": {
		"passage_id": "REPORT-literature-07604-07604",
		"passage": " 볼 한복판에서 시작한 거무데데한 반점은 귀밑으로 턱 아래로 둥글게 원을 그리며 번져, 어제부터는 아랫입술까지 침범했다. 마치 나무의 연륜같이 썩어가는 그 반점의 언저리는 희멀쑥하게 짓물러 가 는 것이었으나 그것이 지나간 자리는 딱딱하게 굳어 곱게 다스린 나무결 모 양으로 반지르르 빛나면서 감각이 없었다. 그 빛이 또 유난하게 고와서 광 선에 따라 자줏빛으로도 연분홍으로도 혹은 새까맣게도 또는 그런 가지각색 빛이 한데 얼버무려진 것같이도 영롱하게 반짝이는 것이다. 때로 창준은 그 썩은 살결의 빛깔의 움직임을 예쁘다고 생각하며 넋을 잃고 바라볼 적이 있 었다. 불쌍하고 측은한 감정이 지나쳤기 때문이요 또 그것에 지치기도 한 때문이다. 아랫입술까지 그렇게 썩어 경직되고 보니 다물어지지 않는 입에서는 지하 수 모양으로 마냥 누르스름한 침이 흘러 내렸다. 무슨 부스럼에서 나오는 고름같이 끈기 있고 진한 침은 썩은 살빛 그대로 줄줄줄, 한 번에 분량이 많지는 않았으나 끊임없이 샘솟 듯했다. 턱밑에다는 수없이 거즈니, 탈지면이니를 갈아 댔으나 그래도 그 침을 당 해낼 수 없어, 나중엔 수건이건 셔츠건 닥치는 대로 갖다 막을 수밖에 없었 다. 그렇게 침 받은 것을 한 옆에 수북이 쌓아놓으면 거기서도 덕윤이 냄새 가 얼굴을 못 들도록 코를 찌르는 것이다. 때로는 창준이 부부조차 얼굴을 돌이키지 않을 수 없는 워낙이 그렇게 지 독한 악취라, 환자를 10여 명이나 수용할 수 있는 넓은 시료실이었어도 방 구석구석에까지 그 흉한 냄새는 퍼져, 그들 창준이 부부는 다른 환자들에게 여간 미안한 생각이 드는 것이 아니었으나 빈궁한 사람들은 마음까지가 가 난한 때문인지 그것에 대하여 불평을 말하는 사람이 하나도 없을 뿐 아니 라, 도리어 불치의 병이라는 그 점만을 몹시들 동정하고 다른 아무런 악의 나 혐오감을 느끼거나 하는 일이 없었다.\n",
		"passage_Cnt": 915
	},
	"Annotation": {
		"summary1": "아랫입술까지 썩고 경직되어 다물어지지 않는 입에서 누르스름한 침이 끊임없이 흘러내려 턱밑에 거즈와 탈지면 뿐만 아니라 셔츠건 수건이건 닥치는 대로 갖다 막았다.",
		"summary2": null,
		"summary3": "아랫입술까지 그렇게 썩어 경직되고 보니 다물어지지 않는 입에서는 지하 수 모양으로 마냥 누르스름한 침이 흘러 내렸다. 무슨 부스럼에서 나오는 고름같이 끈기 있고 진한 침은 썩은 살빛 그대로 줄줄줄, 한 번에 분량이 많지는 않았으나 끊임없이 샘솟 듯했다. 턱밑에다는 수없이 거즈니, 탈지면이니를 갈아 댔으나 그래도 그 침을 당 해낼 수 없어, 나중엔 수건이건 셔츠건 닥치는 대로 갖다 막을 수밖에 없었 다.",
		"summary_3_cnt": 228
	}
}