{
	"Meta(Acqusition)": {
		"doc_id": "REPORT-literature-07414",
		"doc_category": "REPORT",
		"doc_type": "literature",
		"doc_name": "배따라기",
		"author": "김동인",
		"publisher": null,
		"publisher_year": null,
		"doc_origin": "저작권위원회"
	},
	"Meta(Refine)": {
		"passage_id": "REPORT-literature-07414-07414",
		"passage": "평양성 내에는, 겨우 툭툭 터진 땅을 헤치면 파릇파릇 돋아나는 나무새기와 돋아나려는 버들의 어음으로 봄이 온 줄 알 뿐 아직 완전히 봄이 안 이르렀지만, 이 모란봉 일대와 대동강을 넘어 보이는 가나안 옥토를 연상시키는 장림(長林)에는 마음껏 봄의 정다움이 이르렀다.\n그러고 또 꽤 자란 밀보리들로 새파랗게 장식한 장림의 그 푸른 빛. 만족한 웃음을 띠고 그 벌에 서서 내다보는 농부의 모양은 보지 않아도 생각할 수가 있다.\n구름은 자꾸 하늘을 날아다니는 모양이다. 그 밀 위에 비치었던 구름의 그림자는 그 구름과 함께 저편으로 물러가며, 거기는 세계를 아까 만들어 떼어 것 같은 새로운 녹빛이 퍼져 나간다. 바람이나 조곰 부는 때는 그 잘 자란 밀들은 물결같이 누웠다 일어났다 일록일청(一綠一靑)으로 춤을 춘다. 그리고 봄의 한가함을 찬송하는 솔개들은, 높은 하늘에서 동그라미를 그리면서 더욱더 아름다운 봄에 향기로운 정취를 더한다. “다스한 봄정에 솟아나리다. 다스한 봄정에 솟아나리다.” 나는 두어 번 소리 나게 읊은 뒤에 담배를 붙여 물었다. 담뱃내는 무럭무럭 하늘로 올라간다.\n하늘에도 봄이 왔다.\n하늘은 낮았다. 모란봉 꼭대기에 올라가면 넉넉히 만질 수가 있으리만큼 하늘은 낮다.\n그리고 그 낮은 하늘보담은 오히려 더 높이 있는 듯한 분홍빛 구름은 뭉글뭉글 엉기면서 이리저리 날아다닌다.\n나는 이러한 아름다운 봄경치에 이렇게 마음껏 봄의 속삭임을 들을 때는 언제든 유토피아를 아니 생각할 수 없다. 우리가 시시각각으로 애를 쓰며 수고하는 것은, 그 목적은 무엇인가. 역시 유토피아 건설에 있지 않을까. 유토피아를 생각할 때는 언제든 그 ‘위대한 인격의 소유자’며 ‘사람의 위대함을 끝까지 즐긴’ 진나라 시황(秦始皇)을 생각지 않을 수 없다.\n",
		"passage_Cnt": 868
	},
	"Annotation": {
		"summary1": "분홍빛 구름이 날아다니는 이러한 아름다운 봄의 속삭임을 들을 때 생각하는 유토피아에서 나는 진나라 시황을 생각하지 않을 수 없다.",
		"summary2": null,
		"summary3": "그리고 그 낮은 하늘보담은 오히려 더 높이 있는 듯한 분홍빛 구름은 뭉글뭉글 엉기면서 이리저리 날아다닌다. 나는 이러한 아름다운 봄경치에 이렇게 마음껏 봄의 속삭임을 들을 때는 언제든 유토피아를 아니 생각할 수 없다. 유토피아를 생각할 때는 언제든 그 ‘위대한 인격의 소유자’며 ‘사람의 위대함을 끝까지 즐긴’ 진나라 시황(秦始皇)을 생각지 않을 수 없다.",
		"summary_3_cnt": 201
	}
}