{
	"Meta(Acqusition)": {
		"doc_id": "REPORT-literature-07653",
		"doc_category": "REPORT",
		"doc_type": "literature",
		"doc_name": "도야지",
		"author": "채만식",
		"publisher": null,
		"publisher_year": null,
		"doc_origin": "저작권위원회"
	},
	"Meta(Refine)": {
		"passage_id": "REPORT-literature-07653-07653",
		"passage": " 아직 스무살 박이의 순박한 총각 문태석쯤으로는 그렇듯 미묘한 여자의 생태(生態)를 이해할 지혜는 미처 없었으나, 하여간 그것이 감각에 유쾌한 것은 사실이었다. 유쾌하면서 그러나 일변 궁금한 것이 있었다. 문태석의 개념으로 하면 젊은 과부라고 하면 어디라 없이 추레하고 슬픔이 드리워 있는 것이라야 하였다. 경채에게서는 그러나 그런 추레하고 슬픔과는 반대의 그와 같은 유쾌함을 느끼게 하는 것이나 있을 따름이요 하던 것이었었다. 문태석의 외가 즉 최씨 부인의 친정집과 경채의 친정집은 서울서 가까이 지내던 집안끼리였었다. 그러한 관계와 반연으로. 최씨 부인은 경채를 이곳의 강씨네 집에다 중매를 섰다. 그래서 친정끼리의 가깝던 것이 이번에는 두 여인의 시집으로 연장이 되었다. 경채는 스물두 살에 결혼을 하였고 이듬해에는 남편 강준성을 따라 만주로 갔다. 목단강이라는 곳이었다. 경채의 남편 강준성은 재산의 기초도 약간 있었거니와 30 전의 젊은 사람답지 아니하게 민첩한 수완이 있고 하여, 거판지게 제재소를 한다.\n개간사업을 한다, 일본군에다 군용품을 용달한다, 그 밖의 여러 방면으로 활약을 하면서 전쟁 중의 그 흔한 돈을 무더기로 벌었다. 최씨 부인은 강준성을 경채에게 중매 서면서 ‘다시 없이 좋은 신랑감’이요, ‘장래가 유망한 청년’이요 하다고 하였다. 중등의 상업학교를 마친 것과 일본서 대학을 다닌 것과(사립대학의 전문부에다 학적을 걸어놓고 3년 동안 마작과 빌리어드와 술과 계집질과 이것으로 펀둥거리고 지냈다는 것은 규수집에서만의 비밀이었고) 재산이 있고, 근지가 좋고, 그리고 무엇보다도 교인이요, 또 무엇보다도 멀끔한 허위대가 함빡 최씨 부인 자신의 눈에 들었고(때에 최씨 부인의 나이 40이었다. 40의 여인이 스물일곱의 멀끔하니 허위대가 좋고 세파트 같이 정력적인 수양 오랍 동생 강준성이 함빡 눈에 들었다는 것은 노상 부자연한 생리가 아니었다) 이리해서 강준성은 소위 ‘다시 없이 좋은 신랑감’이요 ‘장래가 유망한 청년’이요 한 것이었었다.\n",
		"passage_Cnt": 988
	},
	"Annotation": {
		"summary1": "최 씨 부인은 경채에게 강준성을 중매서면서 장래가 유망한 청년이라고 했는데 강준성은 젊은 사람답지 않게 민첩한 수완이 있고 여러 방면으로 활약해 돈을 무더기로 벌었다. ",
		"summary2": null,
		"summary3": "최씨 부인은 강준성을 경채에게 중매 서면서 ‘다시 없이 좋은 신랑감’이요, ‘장래가 유망한 청년’이요 하다고 하였다. 개간사업을 한다, 일본군에다 군용품을 용달한다, 그 밖의 여러 방면으로 활약을 하면서 전쟁 중의 그 흔한 돈을 무더기로 벌었다. 경채의 남편 강준성은 재산의 기초도 약간 있었거니와 30 전의 젊은 사람답지 아니하게 민첩한 수완이 있고 하여, 거판지게 제재소를 한다.",
		"summary_3_cnt": 216
	}
}