{
	"Meta(Acqusition)": {
		"doc_id": "REPORT-literature-07638",
		"doc_category": "REPORT",
		"doc_type": "literature",
		"doc_name": "논 이야기",
		"author": "채만식",
		"publisher": null,
		"publisher_year": null,
		"doc_origin": "저작권위원회"
	},
	"Meta(Refine)": {
		"passage_id": "REPORT-literature-07638-07638",
		"passage": " 아저씨 웬일이시냐고. 조카 잘 있었더냐고. 항용 하는 인사가 끝난 후에, 이 동네 사는 길천이라는 일인이 값을 후히 내고 땅을 사 드린다는 소문이 있으니 적실하냐고 아까 한덕문이 전주집더러 묻던 말을 윤첨지가 한덕문더 러 물었다. 그렇단다는 한덕문의 대답에, 윤첨지는 이윽고 생각을 하고 있더니 혼잣말 같이 “그럼 나두 이왕 궐(厥)한테다 팔아야 하겠군.” 하다가 한덕문더러 “황등이까지 가서두 살까? 예서 이십 리나 되는데.” 하고 묻는다. “글쎄요…… 건데 논은 어째 파실 영으루?” “허, 그거 온 참…… 저어 공주 한밭(大田[대전])서 무안 목포(木浦)루 철로(鐵道)가 새루 나는데, 그것이 계룡산(鷄龍山) 앞을 지나 연산(連山) 팥거리(豆溪[두계])루 해서 논메(論山[논산])강경(江景)으루 나와가지구, 황등장터를 지나게 된다네그려.” “그런데요?” “그런데 철로가 난다치면 그 십리 안짝은 논을 죄 버리게 된다는 거야.” “어째서요?” “차가 댕기는 바람에 땅이 울려가지구 모를 심어두 뿌릴 제대루 잡지 못하구 해서, 벼가 자라질 못한다네그려!” “무슨 그럴 리가……” “건 조카가 속을 몰라 하는 소리지. 속을 몰라 하는 소린 것이, 나두 작 년 정월에 공주 한밭엘 갔다, 그놈 차가 철로 위루 달리는 걸 구경했지만, 아 그 쇳덩이루 만든 집채더미 같은 시꺼먼 수레가 찻길 위루 벼락 치듯 달 리는데, 땅바닥이 사뭇 움죽움죽하드라니깐! 여승 지동(地震)이야…… 그러 니, 땅이 그렇게 지동하듯 사철 들이 울리니, 근처 논이 모가 뿌리를 잡을 것이며, 자라기를 할 것인가?” “………” 듣고 보니 미상불 근리한 말이었다.\n",
		"passage_Cnt": 803
	},
	"Annotation": {
		"summary1": "윤첨지가 한덕문에게 길천이라는 일인이 땅을 후하게 사드린다는 소문이 적실하냐고 묻자 그렇다고 대답했다.",
		"summary2": null,
		"summary3": "항용 하는 인사가 끝난 후에, 이 동네 사는 길천이라는 일인이 값을 후히 내고 땅을 사 드린다는 소문이 있으니 적실하냐고 아까 한덕문이 전주집더러 묻던 말을 윤첨지가 한덕문더 러 물었다. 그렇단다는 한덕문의 대답에, 윤첨지는 이윽고 생각을 하고 있더니 혼잣말 같이 “그럼 나두 이왕 궐(厥)한테다 팔아야 하겠군.” 하다가 한덕문더러 “황등이까지 가서두 살까? 예서 이십 리나 되는데.” 하고 묻는다.",
		"summary_3_cnt": 224
	}
}