{
	"Meta(Acqusition)": {
		"doc_id": "REPORT-literature-07246",
		"doc_category": "REPORT",
		"doc_type": "literature",
		"doc_name": "사호일단",
		"author": "채만식",
		"publisher": null,
		"publisher_year": null,
		"doc_origin": "저작권위원회"
	},
	"Meta(Refine)": {
		"passage_id": "REPORT-literature-07246-07246",
		"passage": " 이것은 그러나 막상 그가 보다 더한 행복, 가령 제왕 같은 지체며 장상 같 은 명예를, 재산으로도 석숭을 능가할 거부장자를 바라고 의욕하여, 시방의 행복을 시뻐하는 탓이더냐 하면 아니었었다. 혹은 현자의 풍도가 있어, 진 속의 행복이나 물욕 같은 것을 초탈한 담박한 기품을 지닌 소치더냐 하면 그 역 아니었다. 지석차산중 운심부지처(只石此山中 雲深不知處)란 격으로, 오로지 행복 속 에서만 살아, 불행이라는 것을 전혀 모르는 탓이기 쉬울 것이다. 열이 어느 한도 이상에 올라가면 만져도 열인 줄은 감각치 못하는 사정과 같달 수도 있겠고. 그러나 그 이전에 박주사라는 사람이 오직 박주사 그 사람인 데에 가장 원 인이 없음도 아닐 것이다. 부질없이 남의 호강에 팔려 해망을 하고 앉았다가 최생원은 호랑이한테 그 만 띄고 말았다. 하인 오월이가 박주사의 조반상을 올리는 뒤를 따라 은쟁반에 은잔과 은주 전자를 받쳐 들고, 반주 시중을 나오는지, 나오던 강씨 부인은 문 밖에서부 터 최생원을 알아보고서 웃는 낯을 짓는다. 벌떡, 최생원은 일어서기는 했으나, 그대로 앞문이라도 박차고 내빼는 수 는 없었다. 강씨 부인은 문턱을 넘어 들어오면서 흔감히 “오래간만에 오섰군요!” “네 헤! 아 참 오래간만에……” 찔매느라고 먼저 인사를 못했다가, 겨우 대응을 하고는 뒤미처서야 다시 “……그새 안녕하신 말씀은 들었음다! 댁내 다아……” “웨 이렇게 총총히……?” “네 헤, 좀 긴급한……” 그럴 때에 박주사가 “약주나 한잔……?” “웨엔걸 술을 먹나요? 어디……” “많인 못하서두 웨 몇 잔하시지?” “웬걸 무어 먹나요!” 전에 없이 굳이 사양을 하여 박주사는 더 만류하는 대신 배웅 인사로 자리 에서 몸을 일으킨다.\n",
		"passage_Cnt": 845
	},
	"Annotation": {
		"summary1": "반주 시중을 나오던 강 씨 부인을 보고 최생원은 벌떡 일어섰으나 문을 박차고 내뺄 수는 없었다.",
		"summary2": null,
		"summary3": "하인 오월이가 박주사의 조반상을 올리는 뒤를 따라 은쟁반에 은잔과 은주 전자를 받쳐 들고, 반주 시중을 나오는지, 나오던 강씨 부인은 문 밖에서부 터 최생원을 알아보고서 웃는 낯을 짓는다. 벌떡, 최생원은 일어서기는 했으나, 그대로 앞문이라도 박차고 내빼는 수 는 없었다.",
		"summary_3_cnt": 153
	}
}