{
	"Meta(Acqusition)": {
		"doc_id": "REPORT-literature-07332",
		"doc_category": "REPORT",
		"doc_type": "literature",
		"doc_name": "어떤 날 밤",
		"author": "김동인",
		"publisher": null,
		"publisher_year": null,
		"doc_origin": "저작권위원회"
	},
	"Meta(Refine)": {
		"passage_id": "REPORT-literature-07332-07332",
		"passage": " 청요리를 시켰지. 약주도 좀 받고 기생이나 응대하자면 손익은 일이지만 내 평생 처음 대해 보는 영양인지 영부인이라 주장군(酒將軍)의 조건이 없 이는 좀 곤란하단 말이지. “한 잔 ― 꼭 한 잔만 드세요.” “약주는 ―.” “그러기에 한 잔만.” “미안합니다.” 궐의 눈가에 슬쩍 미소가 보이네. 자긍심 많은 이 대감 미소에 됐다 했네 그려. ‘꼭 한잔’ ‘꼭 한잔’이 거듭되고 대감도 취하시고 궐도 취하고……． 봄날. 청춘. 술기운. 좁은 방 ― 운무지몽에 이러구 저러구 ― 차간일행약 야(此間一行略也)라. 자. 그런데 오입장이의 근성이 이런 때는 더러워. 궐은 곤한지 좀 있다가 잠들어 버리고 혼자 잠 못 든 견우 대감. 생각했네 자 내일 저 계집을 . 해우채라도 주어야 하나. 하다못해 기차비라 도 주어야 하나. 계집을 보았으면 반드시 돈을 주어야 된다는 관념이 있기 때문에 이런 연구를 했네그려. 딱한 견우성이지. 주었다가 도로혀 비웃기지나 않을까. 혹은 주어야 할까 어쩌나. 좌우간 천 병 만 마지 간을 다 다닌 맹장의 경험으로 분명히 직업적 계집은 아닌데 그런 경우에도 해우채는 주는 법인가 안 주는 법인가. 이런 것은 불량 소년의 영 분이지 오입장이의 영분이 아닐세그려. 그런 연구를 하다가 나도 그만 잠이 들어 버렸어. 이튿날 아침에 깨 보니까 계집이 없다. 제 자리도 벌써 재켜 놓고. 방 안을 둘러보니 계집의 핸드백 등도 없고. 간 것이 분명한데그려. 먼저 내 시계와 지갑을 보니 그냥 있어. 그래서 이 점에는 안심을 하고 보 이를 불러서 물어 보니까 계집은 이른 새벽에 깨어서 갔는데 자기의 하룻밤 숙박비는 치르고 그 위에 어젯밤의 청요리값까지 치르고 갔다네그려.\n",
		"passage_Cnt": 831
	},
	"Annotation": {
		"summary1": "오입장이의 영분을 연구하다 나도 잠이 들어 버렸는데 이튿날 깨 보니 계집은 숙박비와 청요리 값까지 치르고 갔다고 한다.",
		"summary2": null,
		"summary3": "이런 것은 불량 소년의 영 분이지 오입장이의 영분이 아닐세그려. 그런 연구를 하다가 나도 그만 잠이 들어 버렸어. 이튿날 아침에 깨 보니까 계집이 없다. 그래서 이 점에는 안심을 하고 보 이를 불러서 물어 보니까 계집은 이른 새벽에 깨어서 갔는데 자기의 하룻밤 숙박비는 치르고 그 위에 어젯밤의 청요리값까지 치르고 갔다네그려.",
		"summary_3_cnt": 185
	}
}