{
	"Meta(Acqusition)": {
		"doc_id": "REPORT-literature-07348",
		"doc_category": "REPORT",
		"doc_type": "literature",
		"doc_name": "목석부인",
		"author": "이무영",
		"publisher": null,
		"publisher_year": null,
		"doc_origin": "저작권위원회"
	},
	"Meta(Refine)": {
		"passage_id": "REPORT-literature-07348-07348",
		"passage": "한 번은 아들인 송필수 씨한테 그런 말을 한 적도 있은 성싶다. 그의 며느님 되는 송씨 부인도 그 자리에 있었던 성싶다. 나의 말에 만족한 듯이 웃음기 를 입가에 띠었을 뿐이었는데 그의 아내인 인애 여사는, 이 남편의 만족해하 는 웃음에 적이 불만인 표정이다.\n\"부인께서두 이동백 노인은 뵌 일이 있으십니까?\" 이렇게 묻던 내 말에는 대답도 안고서, \"이렇게 말하면 아드님은 노여우 실지 모르지만 전 아버님을 뵈울 때마다 문 득 대원군이 연상되어 못 견디겠어요.\" 하던 것이다.\n물론 그때는 나도 아직 석경 선생의 사람됨을 모르던 때라 그것이 무슨 뜻 인가했었지만 날이 갈수록 이 며느님의 시아버님 평은 정당했다고 감탄이 되었었다.\n정말 무서운 고집이었다. 침실 평생을 두고, 자기가 한 번 한 말을 뒤집은 일이 없다는 것이다. 자기가 한 번 하고자 한 일은 누가 뭐라든 중단은 고사하고, 변경한 적도 없다는 것이다.\n영감 한테는 여자 대학 , 음악과에 다니는 딸이 있었다. 아버지를 닮아서 해 사하게 생긴 여성이었다. 은희라는 이름이었다. 은희는 작년에 스물셋이었으 니까 해방 후 십 년 간은 전쟁 물결 속에서 살아온 셈이다.\n며느리인 인애만 해도 나이 이제 겨우 서른여섯이고 보니 여성으로서 성숙 기에 들면서 해방을 맞았던 것이다. 송필수와의 결혼생활 십오 년 간에 열다 섯을 위로 열둘, 여덟이렇게 세 번 아이 낳이를 했다지만 위로 형제를 뽑고, 끝으로 여덟 살 난 딸 이후로는 거의 단산을 하다시피 하고 있는 인애다. 거 기다가 몸은 약해빠져도 강단이 있어 서른이란대도 곧이들을 만큼 앳되다.\n",
		"passage_Cnt": 784
	},
	"Annotation": {
		"summary1": "날이 갈수록 나는 시아버님을 뵐 때마다 대원군이 연상된다던 며느님의 평이 정당했다고 감탄했다. ",
		"summary2": null,
		"summary3": "\"부인께서두 이동백 노인은 뵌 일이 있으십니까?\" 이렇게 묻던 내 말에는 대답도 안고서, \"이렇게 말하면 아드님은 노여우 실지 모르지만 전 아버님을 뵈울 때마다 문 득 대원군이 연상되어 못 견디겠어요.\" 하던 것이다. 물론 그때는 나도 아직 석경 선생의 사람됨을 모르던 때라 그것이 무슨 뜻 인가했었지만 날이 갈수록 이 며느님의 시아버님 평은 정당했다고 감탄이 되었었다.",
		"summary_3_cnt": 208
	}
}