{
	"Meta(Acqusition)": {
		"doc_id": "REPORT-literature-07377",
		"doc_category": "REPORT",
		"doc_type": "literature",
		"doc_name": "유서",
		"author": "김동인",
		"publisher": null,
		"publisher_year": null,
		"doc_origin": "저작권위원회"
	},
	"Meta(Refine)": {
		"passage_id": "REPORT-literature-07377-07377",
		"passage": " 그러나 얼마 지나지 아니하여 나는 앞을 지나가는 의 아내의 가벼운 걸 음을 보았다. 나는 그가 두세 집쯤 더 지나갔을 때를 짐작하여 곧 시계를 꺼내어 본 뒤에 그 집을 작별하고 나서서 그의 뒤를 밟았다. 그는 전차길까지 나가서는 전차를 기다리려고 정류장에 섰다. 그것을 바라 보면서 나는 어떤 담배집에 들어가서 담배를 한 갑 사서 천천히 성냥을 그 어서 붙여 가지고 역시 천천히 정류장을 향하여 걸었다. 이때에 전차가 한 대 와 닿으며 의 아내는 파라솔을 접고 전차를 타버렸 다. 나는 문득 담배를 떨어뜨리고 얼빠진 것같이 의 아내를 태워 가지고 달 아나는 전차를 바라보았다. 이제라도 무론 뛰어가서 그 전차를 잡아타려면 못 탈 바는 아니다. 그러나 탐정소설에 나오는 탐정과 같이 변장을 못 한 나는 의 아내 모르게 같은 전차 안에 함께 탈 수는 없는 바이었다. 그렇다고 이 모양대로 그를 미행한 다는 것은 마치 그에게, ‘나는 그대를 미행합니다.’ 하고 통지하는 것과 마찬가지로서 또한 할 수 없는 바이었었다. 나는 다만 저편으로 달아나는 전차를 원망스러이 바라보고 서 있었다. “탐정 노릇도 못해 먹을 게다.” 나는 마침내 억지의 웃음을 웃고 돌아섰다.\n7 그 날 밤에 곰곰 생각하여 보았지만, 이러한 일로써는 의 아내가 어디를 다니는지는 십 년이 지날지라도 알 길이 없었다. 어찌하여서든 한 번 그와 같은 전차를(우연히 된 것같이 보이게)타고, 그가 어디로 가는지를 뒤를 밟 아 보아야 하겠다. 그렇지 않으면 다만 실패의 역사를 거푸 하는 것에 지나 지 못할 뿐 아무 효과가 없을 것이다.\n",
		"passage_Cnt": 782
	},
	"Annotation": {
		"summary1": "얼마 지나지 않아 아내가 가벼운 걸음으로 내 앞을 지나가서 뒤를 밟으니 전차길 정류장에 서는 것이었다. ",
		"summary2": null,
		"summary3": "그러나 얼마 지나지 아니하여 나는 앞을 지나가는 의 아내의 가벼운 걸 음을 보았다. 나는 그가 두세 집쯤 더 지나갔을 때를 짐작하여 곧 시계를 꺼내어 본 뒤에 그 집을 작별하고 나서서 그의 뒤를 밟았다. 그는 전차길까지 나가서는 전차를 기다리려고 정류장에 섰다.",
		"summary_3_cnt": 148
	}
}