{
	"Meta(Acqusition)": {
		"doc_id": "REPORT-literature-07259",
		"doc_category": "REPORT",
		"doc_type": "literature",
		"doc_name": "백조의곡(상)",
		"author": "김내성",
		"publisher": null,
		"publisher_year": null,
		"doc_origin": "저작권위원회"
	},
	"Meta(Refine)": {
		"passage_id": "REPORT-literature-07259-07259",
		"passage": " \"꿈은 꿈이고 현실은 현실이고……\" 그렇게 생각한 연숙이었기에 영훈과 최후의 작별을 하는 날, 자기가 흘린 눈물의 가치를 결코 과소 평가 하지도 않은 대신 황해도 부호의 며느리가 되어 가는 날 느낀 일종의 행복감도 또한 거짓 감정은 아니었다. \"영훈씨는 저를 마음껏 원망해도 좋아요. 이 넓은 세상에서 자기가 그 누 구에게 애정의 원망을 받고 있다는 사실을 생각할 때마다 행복을……저는 끝 없는 행복 같은 것을 느끼면서 살 수가 있으니까요.\" \"누구나가 다하는, 판에 박은 말이다! 네가 싫어져서 내가 간다는 말은 아무도 하지 않는 법이다.\" 영훈은 단지 그 한 마디 뿐, 별반 연숙을 원망하지도 않았다. 아니, 원망할 이유를 갖지 못했다고 믿었기 때문이다. 사랑하는 이에게 배 반을 당했다고 해서 그를 원망한다는 것은 이미 낡은 도덕에 속하는 감정이 었다. 애정의 일방적 강요라는 것은 벌써 한낱 봉건적인 유물로서 밖에는 더 대우를 받을 수가 없기 때문이다. 더구나 어렸을적부터 부유한 가정에서 자란 연숙의 안일한 육체와 화려한 감정은 넉넉한 살림살이를 베풀 수 있는 결혼 생활을 원하는 것은 개인의 행복 추구 자체로 본다면 당연히 일이 아닌가. 그러나 그것은 결국에 있어서 이성의 자기 설복을 의미했을 뿐, 영훈의 손 길은 최후의 선물로 연숙의 뺨 한 대를 보기 좋게 내갈기고 일어섰던 것이 다. 그것은 그 해 가을 늦은 계절에 속하는 어느 날 밤, 서대문 네거리에 있는 어떤 조그만 중국 요정에서 생긴 일이었다.\n",
		"passage_Cnt": 739
	},
	"Annotation": {
		"summary1": "그 해 가을 어떤 조그만 중국 요정에서 취후의 선물로 영훈이 연숙의 빰 한 대를 갈기고 일어섰다.",
		"summary2": null,
		"summary3": "그러나 그것은 결국에 있어서 이성의 자기 설복을 의미했을 뿐, 영훈의 손 길은 최후의 선물로 연숙의 뺨 한 대를 보기 좋게 내갈기고 일어섰던 것이 다. 그것은 그 해 가을 늦은 계절에 속하는 어느 날 밤, 서대문 네거리에 있는 어떤 조그만 중국 요정에서 생긴 일이었다.",
		"summary_3_cnt": 151
	}
}