{
	"Meta(Acqusition)": {
		"doc_id": "REPORT-literature-07442",
		"doc_category": "REPORT",
		"doc_type": "literature",
		"doc_name": "동업자[눈보라]",
		"author": "김동인",
		"publisher": null,
		"publisher_year": null,
		"doc_origin": "저작권위원회"
	},
	"Meta(Refine)": {
		"passage_id": "REPORT-literature-07442-07442",
		"passage": " 자, 이 일을 어쩌나, 어떻게 치료해야 되나. 홍 선생도 구슬땀을 흘렸습니 다. 보통 배아픈 데에는 위산을 먹였지만 이 환자에게는 위산은 쓸데없을 것이었습니다. 아편을 주자 하니 거기 또한 태모와 태아, 생리학적 관계를 모르는 홍 선생은 뒷일이 염려되어 그것도 할 수가 없었습니다. 홍 선생은 연하여 땀을 씻고는 배를 만져보고 배를 만져보고는 땀을 씻고 하였습니다.\n전기 기계를 열었습니다. 둘러앉았던 환자의 남편이며 시어머니는 이 기계 를 보고야 적이 안심된 듯이 서로 얼굴을 바라보며 수근거렸습니다. 치료는 시작되었습니다. 사실 이때에 기회만 있었더라면 홍 선생은 뒷문으 로 빠져서 달아나기를 주저하지 않았겠습니다. 소심한 홍 선생은 땀을 뻘뻘 흘리며 손을 떨면서 환자의 배를 기계로 문질렀습니다. 그리하여 한창 거기 정신이 팔려서 문지를 때에(홍 선생에게는 뜻밖으로서) 환자는 어느덧 숨소 리 고요히 잠이 들었습니다. 어느덧 잠이 들었는지 잠든 것을 발견한 홍 선 생은 환자를 눈이 끔벅끔벅 들여다보다가 문득 치료자로서의 긍지를 느끼면 서 기계를 수습하고 머리를 들었습니다. 아까의 저품과 근심은 눈과 같이 사라졌습니다. 기계 뚜껑을 덮은 뒤에 손수건으로 두어 번 툭툭 먼지를 터 는 홍 선생의 태도에는 개선한 장군과 같은 위엄과 자랑이 있었습니다. 그런 뒤에 여전히 식전 약으론 안티피린, 식후 약으론 위산을 몇 봉지 찾 아준 뒤에 코 위에 걸린 안경을 어루만지면서 일어났습니다. 그리하여 많은 치하와 사례를 받은 뒤에 객주로 돌아오려고 그가 문에까지 이르렀을 때에 그 집 작은주인이 따라 나오면서 그를 찾았습니다. 홍 선생은 가슴이 선뜩 내려앉았습니다. 그래서 못 들은 체하고 그냥 가려 할 때에 문까지 따라 나 온 작은주인은 마침내 홍 선생을 붙들었습니다.\n",
		"passage_Cnt": 879
	},
	"Annotation": {
		"summary1": "홍 선생이 전기 기계로 환자의 배를 문지르며 치료하자 환자는 고요히 숨소리를 내며 잠들었고 홍 선생은 환자가 잠든 것을 발견하고 기계를 수습했다.",
		"summary2": null,
		"summary3": "소심한 홍 선생은 땀을 뻘뻘 흘리며 손을 떨면서 환자의 배를 기계로 문질렀습니다. 전기 기계를 열었습니다. 치료는 시작되었습니다. 그리하여 한창 거기 정신이 팔려서 문지를 때에(홍 선생에게는 뜻밖으로서) 환자는 어느덧 숨소 리 고요히 잠이 들었습니다. 어느덧 잠이 들었는지 잠든 것을 발견한 홍 선 생은 환자를 눈이 끔벅끔벅 들여다보다가 문득 치료자로서의 긍지를 느끼면 서 기계를 수습하고 머리를 들었습니다.",
		"summary_3_cnt": 232
	}
}