{
	"Meta(Acqusition)": {
		"doc_id": "REPORT-literature-07203",
		"doc_category": "REPORT",
		"doc_type": "literature",
		"doc_name": "아시아의 운명",
		"author": "채만식",
		"publisher": null,
		"publisher_year": null,
		"doc_origin": "저작권위원회"
	},
	"Meta(Refine)": {
		"passage_id": "REPORT-literature-07203-07203",
		"passage": " 지필의 준비까지도 다 계획하였던 것이고, 역시 계획대로 박영효가 그것을 가지고 일본공사관으로 가 죽첨에게 전하였다. 왕 이하가 경우궁의 잠긴 뒷문의 자물쇠를 부수고 들어가 정전 뜰에 이르 렀을 때에, 박영효가 일본군대를 거느린 죽첨 공사와 함께 당도하였다. 일본군대의 당도를 보고, 개화당은 비로소 안도를 하였다. 왕 이하 왕비, 왕세자, 대왕대비, 왕세자빈이 정전에 앉고, 김옥균, 박영 효와 일본공사 죽첨이 그 좌우에 모여 서고, 장사패의 총 지휘 서재필이 정난 교(鄭蘭敎), 이규완(李圭完) 등 열세 명의 사관생도와 장사패를 거느려 정 전 안에서 옹위하고, 정전 문 밖은 다시 이인종(李寅鐘) 등 열명의 사관생 도와 장사패가 벌려 서고 하였다. 정전 뜰 앞뒤에는 후영 소대장 윤경완(後營小隊長 尹京完)이 검을 뽑아 들 고, 당직병 오십 명을 거느려 배열하고 서서 경계를 하였다. 윤경완은 개화 당의 동지로, 이날 밤 침전(寢殿 : 王[왕]의 寢室[침실])의 당직이었는데, 그 당직병 오십 명을 그대로 이끌어,창덕궁에서부터 벌써 이 쿠데타에 참 가를 하였었다. 마지막, 그리고 죽첨 공사가 거느리고 온 일백오십 명 일본군은 중촌(中 村) 중대장의 지휘로 경우궁의 각 문과 주위의 요소를 경비하였다. 이 밖에 무감(武監) 십여 명을 따로이 궁문에 파수 세워, 변을 듣고 입궐하는 대신이며 요인들을 일일이 사찰하게 하였다. 좁은 경우궁으로는 이만하면 철통 같은 단속이라고 할 수가 있었다.\n",
		"passage_Cnt": 723
	},
	"Annotation": {
		"summary1": "왕 이하가 경우궁의 정전 뜰에 도착했을 때 박영효가 일본 군대를 거느린 죽첨 공사와 같이 당도하여 개화당은 안도하였다.",
		"summary2": null,
		"summary3": "왕 이하가 경우궁의 잠긴 뒷문의 자물쇠를 부수고 들어가 정전 뜰에 이르 렀을 때에, 박영효가 일본군대를 거느린 죽첨 공사와 함께 당도하였다. 일본군대의 당도를 보고, 개화당은 비로소 안도를 하였다.",
		"summary_3_cnt": 111
	}
}