{
	"Meta(Acqusition)": {
		"doc_id": "REPORT-literature-07544",
		"doc_category": "REPORT",
		"doc_type": "literature",
		"doc_name": "전기",
		"author": "최서해",
		"publisher": null,
		"publisher_year": null,
		"doc_origin": "저작권위원회"
	},
	"Meta(Refine)": {
		"passage_id": "REPORT-literature-07544-07544",
		"passage": " 두 눈에서 술이 흐를 듯이 취한 박인화가 자동차에 실리어서 자기 집으로 들어가는 골목 어귀 큰길에 이른 때는 그날 밤에 새로 한시 가 넘어서였다. 초저녁부터 일어난 바람은 열 두시가 가까와서 소낙비를 몰아치었다. 파란 번갯불이 탐조경 빛발같이 먼 산까지 보이도록 창살 같은 빛발 속을 스치자 마자 산천이 뒤집히는 듯한 우뢰 소리가 흐릿한 그의 귀를 간간이 때리었 다. 그는 영도사에서 누가 어떻게 자동차에 담아 주었는지 전연히 몰랐다.\n술취한 흐린 정신에도 몸이 흔들리고 중심을 잃은 것이 느끼어지었던지 눈 을 떠 보니 자동차 속에서 들었었다. 그는 갈 대로 갈 데까지 가거라 하고 쓰러지면서 차체의 동요가 심하니까 입과 콧구멍으로 먹은 것을 토하였다. “여보게, 이 사람 정신차리게……. 자…… 어서 뛰어들어가게…….” 하고 자기 집앞에 오서 어떤 친구가 흔드는 바람에 차에서 비틀비틀 내리어 섰다. 그는 비틀걸음을 치면서 골목으로 헤어나가 대문 안에 들어서니까 물 에서 건지어 놓은 쥐가 다 되었다. 토하고 찬비를 맞은 까닭인지 정신은 좀 돌아서는데 두통이 나고 가슴이 어떻게 구르는지 누워서 견딜 수 없었다. 젖은 양복을 쥐어짜 널어 주는 아 내가 곤한 듯이 하품을 하고 눈을 비비면서 들어와 머리를 동여 주는 것이 미안스러웠다. 그의 두통은 점점 더 심하였다. 왼편 머리는 도끼로 때리어 부수는 것처럼 어떻게 쏘는지 눈알까지 굴릴 수 없었다. 그리고 가슴이 몹시 구르고 어질 어질하여서 견딜 수 없었다. 그는 올라오는 구역을 못 참았다. 요, 이불, 방바닥 할것없이 진탕같이 걸죽한 것을 한 말이나 토하였다. 시티하고 구린 냄새가 방안에 넘치었다.\n",
		"passage_Cnt": 816
	},
	"Annotation": {
		"summary1": "영도사에서 누가 그를 자동차에 담아 주었는지 모른 채 집 앞에 왔고 차에서 내려 토하고 찬비를 맞았더니 정신이 좀 돌아섰다.",
		"summary2": null,
		"summary3": "그는 영도사에서 누가 어떻게 자동차에 담아 주었는지 전연히 몰랐다. “여보게, 이 사람 정신차리게……. 자…… 어서 뛰어들어가게…….” 하고 자기 집앞에 오서 어떤 친구가 흔드는 바람에 차에서 비틀비틀 내리어 섰다. 토하고 찬비를 맞은 까닭인지 정신은 좀 돌아서는데 두통이 나고 가슴이 어떻게 구르는지 누워서 견딜 수 없었다.",
		"summary_3_cnt": 184
	}
}