{
	"Meta(Acqusition)": {
		"doc_id": "REPORT-literature-07471",
		"doc_category": "REPORT",
		"doc_type": "literature",
		"doc_name": "그 전날 밤",
		"author": "이무영",
		"publisher": null,
		"publisher_year": null,
		"doc_origin": "저작권위원회"
	},
	"Meta(Refine)": {
		"passage_id": "REPORT-literature-07471-07471",
		"passage": " 증원부대가 목표인 모양이었다. “어떡하려구 그러느냐?” 하고 문찬은 문식의 손을 덥석 잡았다. 순간 그의 머리에서는 부모의 생각 은 완전히 없었다. 오직 동생을 보내서는 안된다는 생각뿐이다. “가겠어요.” “안된다! 못 간다.” “놔주어요!” 문식은 홱 팔을 뿌리친다. 그러나 형은 또 달라붙었다. 팔을 잡았다. 동생 은 빼려고 애를 썼다. 형은 놓쳐서는 안된다는 결심이 서 있었다. 밀고 당 기고 끌리고 이러는데 우군 하나가 저만큼 나타나고 있었다. 무기를 가진 국군을 보자 문식은 재치 있게 형의 발을 걸어 쓰러뜨리고 달 리기 시작했다. 형은 비탈에서 한참을 굴렀었다. 그러나 다시 일어나서 문 식을 쫓기 시작했다. 그때다. 착각이 일었다. 문식이가 아버지, 어머니를 판 것은 거짓이다. 문식이는 공산주의에 충실하기 위해서 달아나는 것이라 는 생각이었다. 틀림이 없다 싶었다. 무서운 오해였다. 그러나 또 무서운 증오였었다. 돌려보내서는 안된다는 생각뿐이었다. 그는 동생을 쫓았다.\n다리가 말을 안 듣는다 . 비탈을 구르다가 다리를 접친 모양이었다. 동생과 의 거리는 자꾸 멀어만 가고 있었다. 간이 졸인다. 안타깝기만 했다. 그는 자기도 모르게 뭐라고 소리를 쳤었 다. 왼쪽 다리가 완전히 말을 안 듣는다. 그는 앵금을 치면서 역시 쫓아가 고 있다. 쫓으면서 역시 고함을 치는 것이었다. 그 자신은 물론 몰랐다. 몰랐기에 그런 소리를 쳤을 것이다. 아까의 착각 이 그대로 그를 사로잡고 있었던지도 몰랐다.\n",
		"passage_Cnt": 735
	},
	"Annotation": {
		"summary1": "문찬은 어떡하려고 그러느냐며 문식의 손을 덥석 잡았는데 그의 머릿속엔 동생을 보내선 안된다는 마음뿐이었다.",
		"summary2": null,
		"summary3": "증원부대가 목표인 모양이었다. “어떡하려구 그러느냐?” 하고 문찬은 문식의 손을 덥석 잡았다. 순간 그의 머리에서는 부모의 생각 은 완전히 없었다. 오직 동생을 보내서는 안된다는 생각뿐이다. “가겠어요.” “안된다! 못 간다.” “놔주어요!” 문식은 홱 팔을 뿌리친다.",
		"summary_3_cnt": 154
	}
}