{
	"Meta(Acqusition)": {
		"doc_id": "REPORT-literature-07415",
		"doc_category": "REPORT",
		"doc_type": "literature",
		"doc_name": "수평선 너머로",
		"author": "김동인",
		"publisher": null,
		"publisher_year": null,
		"doc_origin": "저작권위원회"
	},
	"Meta(Refine)": {
		"passage_id": "REPORT-literature-07415-07415",
		"passage": "“누님, 누님 아시는 건 말해 주세요. 그리고 연구하고 의논해 보십시다.” 인준 이는 이렇게 말하였다.\n“내가 그 집에 하인으로 들어가 있는 이상 이렇다 저렇다 끈끈히 캐서 알 아볼 수는 없지만 그 사건(권총 사건)이 있기 이삼 일 전에 그 집에 이상한 일이 있었네.” “네? 어떤 일이오니까?” 이런 질문에 대하여 서씨가 대답한 바는 대략 이러하였다 ─.\n권총 사건이 있기 전 이삼 일 전에 웬 사람 하나가 그 집 노마님을 찾아왔 다.\n노마님은 웬만한 사람은 만나지도 않는 사람이었다. 본시 공주 기생으로서 노백작이 공주 감사 적에 첩으로 삼았던 사람인데 본부인은 소생이 없이 세 상을 떠나고 그 기생이 사자(嗣子), 지금 찬두를 낳았기 때문에 저절로 정 실이 되고 이래 삼십 년간을 노백작의 부인으로 지내는 사람이다.\n찬두가 거처하는 양관은 신식 생활이지만 노마님이 거처하는 내실은 조선 양반집 구식 생활이니만치 그 위에 노마님의 전신이 기생이니만치 그다지 찾아오는 사람도 없고 무당이나 거기 유사한 계급의 사람만 간간 드나드는 이 내실에 알지 못하는 사람이 찾아온 것이었다.\n그 사람은 노마님과 한 삼십 분 간 이야기하고 돌아갔다. 무슨 이야기를 하 였는지는 모르지만 그 사람이 돌아간 뒤에 노마님은 안절부절 매우 낭패한 양을 보여서 집안 사람으로 하여금 이상하게 생각케 하였다.\n노마님은 본시 곁에 사람이 같이 자는 것을 싫어하여 늘 혼자 잤었는데 그날부터는 무엇이 무섭다고 침모와 몸종을 불러들여서 같이 잤다.\n",
		"passage_Cnt": 739
	},
	"Annotation": {
		"summary1": "노마님은 노백작이 공주 감사 시절 첩으로 삼았던 기생으로 찬두를 낳았는데 본부인이 소생 없이 세상을 떠나 저절로 정실이 되었다.",
		"summary2": null,
		"summary3": "본시 공주 기생으로서 노백작이 공주 감사 적에 첩으로 삼았던 사람인데 본부인은 소생이 없이 세 상을 떠나고 그 기생이 사자(嗣子), 지금 찬두를 낳았기 때문에 저절로 정 실이 되고 이래 삼십 년간을 노백작의 부인으로 지내는 사람이다. 노마님은 웬만한 사람은 만나지도 않는 사람이었다.",
		"summary_3_cnt": 159
	}
}