{
	"Meta(Acqusition)": {
		"doc_id": "REPORT-literature-07296",
		"doc_category": "REPORT",
		"doc_type": "literature",
		"doc_name": "첫날밤(투르게네프)",
		"author": "현진건",
		"publisher": null,
		"publisher_year": null,
		"doc_origin": "저작권위원회"
	},
	"Meta(Refine)": {
		"passage_id": "REPORT-literature-07296-07296",
		"passage": "별안간에 회오리 바람을 만난 듯이 어쩔 줄을 모르던 유리도 그 말을 듣고 보니 그럴 듯도 한 일이다.자기가 시안의 안 해도 아니요. 시안이 자기의 남 편도 아닌 다음에야 어머니를 빼놓고 누구와 의논을 하며 누구와 걱정을 논하랴.\n“그러면 당신이 마차를 불러 주셔요. 그 동안에 나는 당신의 짐을 싸 드 릴터이니.” 하고, 총망한 발길로 시안의 방에 들어가서 되는 데로 흩어져 있는 물건을 주섬주섬 거둬서 가방 속에 넣으려 하였다.\n어수선한 가방 속을 정리하고 있던 유리는 그 자리에 기절을 할 듯싶었다.\n거시서 새빨간 피가 징글징글하게 묻은 손수건이 나오지 않는가! 그 수건은 자기가 시안의 성자를 수 놓아준 것임은 첫눈에도 알 수 있었다. 그러고 이 피 흔적은 누가 보더라도 칼 닦은 자최임이 분명하다.\n어젯밤 두 시쯤 되어 시안이가 저편으로 셋째 방에서 나오는 것을 보았는 데, 그때에 왼손에 들고 있던 수건이 이것이나 아니었던가. 그는 그렇다 하 더라도 그 셋째 방은 누가 들었던가. 이러니 저러니 할 것 없이 대관절 무 서워 견달 수 없으므로 무심코 집어 들었던 그 수건을 본 대대로 가방 밑에 넣으려 한즉, 싸늘하게 손에 닿는 물건 하나가 또 있었다.\n그것은 피 묻은 단도이었다. 어젯밤에 시안의 오른편 손에도 무엇을 들고 있는 듯하더니. 그러면 그 때 이 단도를 가지고 있지나 않았던가, 하는 의 심가지 일어났다.\n그러나 유리에게는 이리 저리 생각을 굴려 볼 겨를도 없었다. 귀신에게나 홀린 듯이 눈을 홉뜨고 있는 그는 사나운 잠승에게 쫒기는 사람 모양으로 그 방을 뛰어나왔다. 나와 본즉 셋째 방에 사람들이 떼를 지우고 모여서 여 자의 송장 하나를 꺼내고 있다. 저것이 시안의 본처의 시체다. 어젯밤에 시 안이가 저 방에서 나온 것이다! 유리는 모든 일이 하도 무서워서 거의 미칠 것 같았다. 지긋지긋한 이 곳으로부터 한시바삐 달아나고 싶은 생각 뿐이었 다. 그에겐 시안도 없었다. 귀부인의 체면도 없었다. 여러 사람의 수상해 하는 눈동자도 없었다. 허둥지둥하는 발길로 문간까지 뛰어나와 보니, 방장 어데인지 떠나려는 마차 한 채가 그의 뒤집힌 눈에도 띄었다.\n",
		"passage_Cnt": 1049
	},
	"Annotation": {
		"summary1": "시안의 방에 들어가 흩어져 있는 물건을 가방 속에 넣으며 정리하던 유리는 새빨간 피가 묻은 손수건이 나와 기절할 것 같았다.",
		"summary2": null,
		"summary3": "“그러면 당신이 마차를 불러 주셔요. 그 동안에 나는 당신의 짐을 싸 드 릴터이니.” 하고, 총망한 발길로 시안의 방에 들어가서 되는 데로 흩어져 있는 물건을 주섬주섬 거둬서 가방 속에 넣으려 하였다. 어수선한 가방 속을 정리하고 있던 유리는 그 자리에 기절을 할 듯싶었다. 거시서 새빨간 피가 징글징글하게 묻은 손수건이 나오지 않는가!",
		"summary_3_cnt": 190
	}
}