{
	"Meta(Acqusition)": {
		"doc_id": "REPORT-literature-07218",
		"doc_category": "REPORT",
		"doc_type": "literature",
		"doc_name": "어머니와딸",
		"author": "강경애",
		"publisher": null,
		"publisher_year": null,
		"doc_origin": "저작권위원회"
	},
	"Meta(Refine)": {
		"passage_id": "REPORT-literature-07218-07218",
		"passage": " 둘째는 매던 이랑을 마치고 나서 밭머리로 나왔다. 이밭 저밭에서 꾸역꾸 역 사람들이 밀려 나왔다. 그는 사람들의 지껄이는 소리가 귀찮아서 맨 꽁무 니에 떨어져서 산비탈 지름길에 들어섰다. 딱 막아선 다방솔포기 옆에 붙어 앉아 그는 담배를 피워 물었다. 그리고 정신없이 읍등새만 바라보고 있었다. 뒤에서는 잦은 발소리가 차츰차츰 가까워졌다. 그는 무심코 힐끗 돌아보니 새하얀 손수건으로 귀밑까지 폭 눌러쓴 색시가 노란 바구니를 옆에 끼고 이 편을 향하여 오다가 인기척 있음을 알고 피하여 가만가만 저편으로 가는 것 이었다. 둘째의 눈은 차차로 둥그래지며 멀어가는 색시의 뒷맵시를 살피는 순간 ‘예쁜이다!’이렇게 속으로 부르짖고 벌떡 일어났다. 그의 가슴은 점점 술 렁이기 시작하였다. 한참이나 멍하니 바라보던 그는 최후의 용기를 내어 색시의 뒤를 따르기 시작하였다. 열 눈이 자기 한 몸으로만 쏠린 듯하여 뒷잔등이 오싹오싹해지 며 이마에 식은땀이 흐르는 것이었다. 이 눈치를 챈 색시는 두 팔을 허우적거리며 재게 걸었다. 뒤에 발소리가 가까워짐을 알자 그는 바구니까지 내치고 달아난다. 일삼아 다듬어가며 뜯 어 넣은 풋나물은 길가에 좍 헤지고 바구니는 데굴데굴 구르기 시작했다. 둘째는 구르는 바구니를 붙잡고 헤어진 나물을 주섬주섬 주웠다. 솔밭 속으로 지나치는 색시는 뒤를 돌아보자 수건이 공중 벗겨지며 삼단 같은 머리채가 어깨 위로 미끄러져 빨간 댕기가 나풀거렸다. 둘째는 색시의 눈과 마주치자 머리를 푹 숙일 때.\n",
		"passage_Cnt": 739
	},
	"Annotation": {
		"summary1": "둘째는 색시의 뒷맵시를 멍하니 바라보다가 용기를 내어 색시의 뒤를 따랐다.",
		"summary2": null,
		"summary3": "둘째의 눈은 차차로 둥그래지며 멀어가는 색시의 뒷맵시를 살피는 순간 ‘예쁜이다!’이렇게 속으로 부르짖고 벌떡 일어났다. 한참이나 멍하니 바라보던 그는 최후의 용기를 내어 색시의 뒤를 따르기 시작하였다. 둘째는 매던 이랑을 마치고 나서 밭머리로 나왔다.",
		"summary_3_cnt": 142
	}
}