{
	"Meta(Acqusition)": {
		"doc_id": "REPORT-literature-07312",
		"doc_category": "REPORT",
		"doc_type": "literature",
		"doc_name": "낙조(落潮)",
		"author": "채만식",
		"publisher": null,
		"publisher_year": null,
		"doc_origin": "저작권위원회"
	},
	"Meta(Refine)": {
		"passage_id": "REPORT-literature-07312-07312",
		"passage": " 조촐한 술상이 나오고, 손 닿는 사과나무에서 아직 맛이 덜 든 대로 사과를 따 소주잔을 주고받고 하면서, 오래 적조한 이야기로, 먼 소학교 시절의 회고담으로, 때의 시국에 대한 비판으로, 둘이는 시간 가는 줄을 몰랐다. 최군은 독일이 패전을 하여 일본과의 동서호응작전(東西呼應作戰)의 전렬로부터 떨어져나간 것과, 그 영향 말고도 일본이 독자적으로 지칠 대로 지친 여러 가지의 구체적인 실증과, 소비에트 러시아가 대일작전에 참가할 것과, 이런 여러 가지의 사실을 기초로 일본이 멀지 않아 항복을 하고 말 것을 자신 있어 단언하였다. 최군은 또 단지 소극적으로 세상을 피하여 과수 재배나 하면서 독서와 사색으로 무료히 세월을 보내고만 잇거니 여겼던 것은 나의 잘못 짐작이었고, 실상은 그러한 캄플라지 밑에서 적극적으로 무엇인가를 일하고 있는 눈치가 보이는 것 같았다. 중국 연안(延安)에 독립동맹(獨立同盟)이라는 조선 사람의 적색 해방 투쟁단체가 있고, 조선 안에서는 여운형이 그와 기맥을 통하여 있다는 꿈 같은 이야기를 나는 얼마 전에 서울서 들은 것이 있었다. 당시의 나에게는 별을 따려고 드는 사람들의 일같이 허황하고 부질없은 이야기였다. 최군이 그런데, 역시 그 독립동맹에 대한 이야기를 하였다. 이야기를 하되, 들은 풍월로, 제 3자적인 처지에서 이야기 삼아 옮기는 그러 것이 아니라, 어디라 없이 그 자신이 일맥의 간여가 없고는 그토록 절절하게 이야기를 할 수가 없을 아주 육체적인 것이 엿보였다.\n",
		"passage_Cnt": 732
	},
	"Annotation": {
		"summary1": "최 군은 독일이 패전해 일본과의 동서호응작전의 전열로부터 떨어져 나간 것과 여러 사실을 기초로 일본이 머지않아 항복할 것 등을 단언했다.",
		"summary2": null,
		"summary3": "최군은 독일이 패전을 하여 일본과의 동서호응작전(東西呼應作戰)의 전렬로부터 떨어져나간 것과, 그 영향 말고도 일본이 독자적으로 지칠 대로 지친 여러 가지의 구체적인 실증과, 소비에트 러시아가 대일작전에 참가할 것과, 이런 여러 가지의 사실을 기초로 일본이 멀지 않아 항복을 하고 말 것을 자신 있어 단언하였다.",
		"summary_3_cnt": 173
	}
}