{
	"Meta(Acqusition)": {
		"doc_id": "REPORT-literature-07623",
		"doc_category": "REPORT",
		"doc_type": "literature",
		"doc_name": "그믐밤",
		"author": "최서해",
		"publisher": null,
		"publisher_year": null,
		"doc_origin": "저작권위원회"
	},
	"Meta(Refine)": {
		"passage_id": "REPORT-literature-07623-07623",
		"passage": " “산 배암에게 물리면 연주창에 큰 효과가 있다” 하고 의사가 가르친 뒤로부터 삼돌이는 배암 잡으러 다녔다. 그러다가 이틀 전에 배암에게 다리를 물리고 그것이 너무 아파서 오늘은 드러누웠더니 그 런 꿈을 꾸고 또 이 봉변을 당하고 있다. “낼까지 그러고 있겠니? 빨리 가 잡아라!” 김 좌수의 호령에 멍하니 섰던 삼돌이는 왼편 다리를 절룩절룩 절면서 사 랑 머슴방으로 나갔다. 쨍쨍한 볕은 그저 땅에 흘렀다. 삼돌이는 배암 잡는 무기를 들고 집을 나섰다. 그것은 낚싯대[釣竿] 끝에 말총 올가미를 붙잡아 맨 것이다. 배암의 목을 올가미질하려는 것이다. 이 것은 삼돌의 지혜로 나온 무기였다. 땀과 먼지가 엉키어서 찔덕찔덕한 적삼 등골로 스며드는 삼복 볕은 유난스럽게 뜨거웠다. 무릎까지 오는 베고의에 코가 떨어진 짚신을 끌고 절룩절룩 걸을 때마다 몸에서 오르는 땀 냄새는 시틋하고 구리였다. 집앞 채마밭을 지나서 눈이 모자라게 벌어진 논가 길에 나섰다. 지지는 볕 아래 빛나는 흥건한 논물은 자 남짓이 큰 벼포기 그늘을 잠갔다. 그루를 박 아 세운 듯한 한결 같은 키로 질펀히 이어 선 벼는 윤기 나는 푸른 비단을 살짝 깔아떼어 것 같았다. 이따금 스치는 서늘한 바람에 가는 볏잎이 살금 살금 물결 치는 것은 빛나는 봄 하늘 아래서 망망한 큰 바다를 보는 것 같았 다. 삼돌이는 멍하니 서서 그것을 보았다. 시각이 옮겨갈수록 현실에 괴로 운 그의 의식은 점점 신선하고 빛나는 자연과 어울려서 그는 자기라는 존재 까지 잊었다. 그에게는 빛나는 태양과 푸른 벌판과 서늘한 바람이 있을 뿐 이었다. 베 고의적삼에 삿갓을 쓰고 논 기음에 등을 지지던 농군들은 저 편 방축 버드나무 그늘 아래서 담배도 피우고 장기도 두고 있다. 삼돌이는 그 것을 볼 때 잠잠하던 마음이 다시 물결쳤다. 자기도 밭이나 논에서 기음맬 때는 길가는 개까지 부럽더니 오늘은 그것이 도리어 부러웠다. 그는 아픈 다리를 질질 끌면서 방축 아래 좁은 길로 앞산을 향하였다.\n",
		"passage_Cnt": 972
	},
	"Annotation": {
		"summary1": "산 배암에게 물리면 연주창에 효과가 있다는 말에 잡으러 다니다가 배암에게 물려 드러누운 삼돌이는 김 좌수의 호령에 배암 잡는 무기를 들고 집을 나섰다.",
		"summary2": null,
		"summary3": "“산 배암에게 물리면 연주창에 큰 효과가 있다” 하고 의사가 가르친 뒤로부터 삼돌이는 배암 잡으러 다녔다. 그러다가 이틀 전에 배암에게 다리를 물리고 그것이 너무 아파서 오늘은 드러누웠더니 그 런 꿈을 꾸고 또 이 봉변을 당하고 있다. “낼까지 그러고 있겠니? 빨리 가 잡아라!” 김 좌수의 호령에 멍하니 섰던 삼돌이는 왼편 다리를 절룩절룩 절면서 사 랑 머슴방으로 나갔다. 삼돌이는 배암 잡는 무기를 들고 집을 나섰다.",
		"summary_3_cnt": 238
	}
}