{
	"Meta(Acqusition)": {
		"doc_id": "REPORT-literature-07610",
		"doc_category": "REPORT",
		"doc_type": "literature",
		"doc_name": "병이 낫거든",
		"author": "채만식",
		"publisher": null,
		"publisher_year": null,
		"doc_origin": "저작권위원회"
	},
	"Meta(Refine)": {
		"passage_id": "REPORT-literature-07610-07610",
		"passage": " 처음 여섯 달 동안 견습을 마치고 나면 그 다음부터는 한 달에 적어도 이십오 원씩은 벌이가 된다고 하니 25원에서 기숙사 밥값 7원 50전을 제하면 17원 50 이 남아. 그 17원 50전에서 2원 50전만 용돈을 쓰고 5원은 집으로 보내고 나머 10원은 꼬박꼬박 저금을 한다. 그렇게 하기를 3년만 두고 한다치면 통 360원. 래 있으면 일급이 차차로 오른다니까 3년 동안에 4백 원은 되렷다. 그 4백 원이 차거들랑 그 땔라컨 한목 죄다 찾아가지고 집으로 돌아와. 와서는 아버지는 큰소 를 한 바리 사 드리고. 어머니는 양돝 걸구(암놈) 한 마리를 사 드리고. 집안 빚 을 갚아 드리고. 그러고서 한 백 원 남는 걸로는 시집갈 밑천을 하고. 대체 시집 이란 게 무엇하는 것인지 알 수도 없고, 당장 그다지 가고 싶은 생각도 없고 하 기는 하지만, 어머니 아버지가 노오 그런 걱정이요 또 남들도 다 가는 시집이요 하니, 나도 가기는 가야 할 테고. 그러니 그 끈터리로 그 마련도 하는 것이 마땅하고, 또 그 밖에야 집안 형세가 달리는 변통이 없고. 이렇듯이 업순이는 예산과 포부가 자못 알뜰스러웠었다. 깊기로도 영감처럼 의 젓한 궁량이었다. 그리고 그 성취를 그는 믿었었다. 지극히 겸손하고도 솔직한 설계였다. 결코 분에 넘치거나 부당한 욕심이 아니었 다. 어디까지고 떳떳할지언정 조금치도 억지와 무리가 없었다. 따라서 성취될 수 가 있는 것이고, 응당히 성취되어야 할 것이었다. 성취를 믿어도, 그러므로 공상 은 아니었다.\n",
		"passage_Cnt": 744
	},
	"Annotation": {
		"summary1": "여섯 달 동안 견습을 마치고 나면 한달에 이십오 원씩은 벌고 이 중 10원을 꼬박꼬박 저금한다. ",
		"summary2": null,
		"summary3": "처음 여섯 달 동안 견습을 마치고 나면 그 다음부터는 한 달에 적어도 이십오 원씩은 벌이가 된다고 하니 25원에서 기숙사 밥값 7원 50전을 제하면 17원 50 이 남아. 그 17원 50전에서 2원 50전만 용돈을 쓰고 5원은 집으로 보내고 나머 10원은 꼬박꼬박 저금을 한다.",
		"summary_3_cnt": 156
	}
}