{
	"Meta(Acqusition)": {
		"doc_id": "REPORT-literature-07575",
		"doc_category": "REPORT",
		"doc_type": "literature",
		"doc_name": "작은 반역자",
		"author": "이무영",
		"publisher": null,
		"publisher_year": null,
		"doc_origin": "저작권위원회"
	},
	"Meta(Refine)": {
		"passage_id": "REPORT-literature-07575-07575",
		"passage": " 현숙과 정수, 자기와 인수, 이 네 사람의 선 위치가 빚어낸 과오였고 또 비극이었던 지도 모른다 싶어진 것이다. 이 위치를 측정치 않고서는 준은 이 두 아들을 교육시킬 자격도 능력도 없느니라 했다. 현숙이란 한 여성의 남편될 자격이 없듯이 아이들의 아버지 될 자격도 없느니라 했다. 오늘의 정수와 인수 사이에 그어진 평행선은 결혼 전의 준과 현숙 사이에 그어져 있던 평행선과 똑같은 것이었고, 준과 현숙이가 그랬듯이 정수와 인수도 실 로 십 년 간 모순된 관념 속에서 피비린내 나는 암투를 해왔었고, 그것이 나 중에 현숙과 준의 작별이 되었고 인수의 K교 사건으로 발전했느니라 싶어진 것이다. 다만 어른들이 아이들의 세계를 몰랐고 아이들이 어른들의 세계를 이해하 지 못했을 따름이라 했다. 정수와 인수가 어릴 때만 해도 그랬었다. 쌍둥이 는 옷의 빛깔은 물론 모양까지도 똑같이 입히는 풍습이었다. 그것이 작은 놈 한테는 불만인 모양이었었다. “또 똑같은 거야.” 언제나 불평을 말하는 것은 작은 놈이었다. “쟨 별난 애라니까. 똑같으면 오죽 보기 좋냐?” “난 싫어, 똑같은 것!” “쟤 좀 봐. 쌍둥인 그렇게 입는 법이야. 장가두 한날 들구.” “그럼 죽기두 한날 죽어야 하나? 쟤가 죽으면 난 병두 없구 앓지두 않구 죽어야 하나?” “죽는 건 따루 죽어두 괜찮아. 같이 죽으랄까봐 쟤가 겁인가베나.” 학교 가기 전이었으니까 대여섯 살 났을 때였을 것이다. 정월이었다. 보라 바지, 분홍 저고리에 남 조끼 남 대님 ─ 이렇게 똑같이 일습을 내어주려니 까 인수란 놈이 앙파드기 입지 않겠다던 것이다. 준의 어머니가 큰 변이나 난 듯이 야단해서 겨우 하루를 입더니만 작은 놈이 조끼를 뒤집어 입고 다니 었다.\n",
		"passage_Cnt": 845
	},
	"Annotation": {
		"summary1": "준은 자신과 현숙, 그리고 정수와 인수가 함께 서 있는 비극일지도 모르는 이 위치를 측정치 않고는 현숙의 남편이 될 자격도 두 아들의 아버지가 될 자격도 없느니라 했다.",
		"summary2": null,
		"summary3": "현숙과 정수, 자기와 인수, 이 네 사람의 선 위치가 빚어낸 과오였고 또 비극이었던 지도 모른다 싶어진 것이다. 이 위치를 측정치 않고서는 준은 이 두 아들을 교육시킬 자격도 능력도 없느니라 했다. 현숙이란 한 여성의 남편될 자격이 없듯이 아이들의 아버지 될 자격도 없느니라 했다. 정수와 인수가 어릴 때만 해도 그랬었다.",
		"summary_3_cnt": 183
	}
}