{
	"Meta(Acqusition)": {
		"doc_id": "REPORT-literature-07372",
		"doc_category": "REPORT",
		"doc_type": "literature",
		"doc_name": "동생을 찾으러",
		"author": "방정환",
		"publisher": null,
		"publisher_year": null,
		"doc_origin": "저작권위원회"
	},
	"Meta(Refine)": {
		"passage_id": "REPORT-literature-07372-07372",
		"passage": " “큰일이 났네 그려, 놓쳤으면…….” “아니, 내가 그 자동차에 달려서 거기까지 쫓아갔단 온 길이야!” 듣고 있던 일동은 춤을 출 듯이 기뻐하면서, ‘응, 그럼 선생님들은 나중에 구원해도……, 그놈들은 또 다른 데로 도망하기 전에 그리로 먼저 가세.\" 학생이 궁둥이 아픈 것도 잊어버리고 휘딱 올라타자 자동차는 지시하는 신 작로로 총알같이 닫기 시작하였습니다. 자동차에는 열매 열리듯 옹기종기 매달려 탄 일행이 창호와 창호의 아버지 와 학생까지 총11명, 흥분된 기운이 하늘이라도 찌를 것처럼 뻗쳐났습니다. 아까처럼 시가를 꿰뚫고 고개를 지나 철로 둑을 넘어 초가집 동네의 굴뚝 집 뒤에 이르러, 와르르 내리는 길로 가지고 온 아령 방망이들을 들고 벽돌 집 대문을 두드리니, 벌써 청국 놈들은 손에 손에 몽둥이를 들고 뛰어나왔 습니다. “오냐, 덤벼라” 좁은 문으로 나오는 놈마다 방망이로 두들겨대니, 놈들도 얼떨떨하여 한풀 꺾이고 덤비었습니다. 접전! 대접전! 차고 때리고 깔고 안고 머리가 깨지고 쓰러지고 부르짖 고……. 달밤의 싸움이 피 속에 엉클어졌습니다. 그때! 창호는 약삭빠르게 자동차 운전수에게 자동차를 가지고 골목밖에서 기다리라고 이르고 제비같이 날아서 벽돌집 뒤로 돌아 뒷밭으로 뚫린 유리 창을 깨뜨리고 뛰어 들어갔습니다. 모두 싸움하러 대문 밖에서 나간 틈이라 집 속은 텅 빈 것 같았습니다. 어 둠 침침한 집 속에 방은 어찌 그리 많은지 갈피를 찾기 어려운지라 여기저기 허둥지둥 들여다보며, “순희야, 순희야!” 소리를 질러 자꾸 불렀습니다.\n",
		"passage_Cnt": 764
	},
	"Annotation": {
		"summary1": "총 11명이 자동차에 매달려 초가집 동네의 굴뚝 집 뒤에 이르렀고 가지고 온 아령 방망이들을 들고 벽돌 집 대문을 두드리니 청국 놈들이 몽둥이를 들고 뛰어나왔다.",
		"summary2": null,
		"summary3": "자동차에는 열매 열리듯 옹기종기 매달려 탄 일행이 창호와 창호의 아버지 와 학생까지 총11명, 흥분된 기운이 하늘이라도 찌를 것처럼 뻗쳐났습니다. 아까처럼 시가를 꿰뚫고 고개를 지나 철로 둑을 넘어 초가집 동네의 굴뚝 집 뒤에 이르러, 와르르 내리는 길로 가지고 온 아령 방망이들을 들고 벽돌 집 대문을 두드리니, 벌써 청국 놈들은 손에 손에 몽둥이를 들고 뛰어나왔 습니다.",
		"summary_3_cnt": 210
	}
}