{
	"Meta(Acqusition)": {
		"doc_id": "REPORT-literature-07270",
		"doc_category": "REPORT",
		"doc_type": "literature",
		"doc_name": "노인의 죽엄",
		"author": "이효석",
		"publisher": null,
		"publisher_year": null,
		"doc_origin": "저작권위원회"
	},
	"Meta(Refine)": {
		"passage_id": "REPORT-literature-07270-07270",
		"passage": " 이런 이른 결코 한두 번이 아니었다. 아니 매일과 같이――그래 어저께는 이서방이 잡히고 접때는 금동이가 잡혀 들어갔다. 교활한 산림기수의 눈은 미우리만큼 명확하였다. 가혹한 산림기수! 이 사람 때문에 촌인의 생활이 얼마나 동요하여 가고 불안에 전율하여 가는지 모른다. 넓은 방안에는 산림기수를 저주하고 원망하는 빛이 가득하였다. “그러니 이 어데 살아갈 수 있다. 나중에는 나무도 못하게 하니…… 참 흉악한 놈의 세상일세. 점점 못살게 되니 어찌하면 좋을지. 산림기수집이 그렇게 껍죽대고 제 세상으로, 아니 기막히는 세상일세. 무호동중이 작호라 하더니 꼭 옳다.” 박서방은 여전한 구변으로 탄식하면서 또 계속한다. “그렇게 제도니 무에니 야단법석을 하고, 백성을 위하느니 살게 하느니 하지 말고 위선 사람을 골라 써야 하겠데. 그 따위가 있기 때문에 될 일도 안될 테야.” 고요하던 이야기가 점점 높아져 나중에는 연설 같이도 되고 토론 비슷하게도 되었다. 그러나 짧은 밥이 점점 깊어 감에 따라 그들의 눈도 저절로 감겨져 왔다. 마침내 넓은 방에는 낮 동안 피로를 아주 일ㅈ어 버린 듯한 안식의 코 고는 소리가 고요히 울린다. 유리 같은 하얀 달은 파란 웃음을 띄우고 올빼미 우는 소리는 무섭게도 동리를 진동시켰다. 처참한 밤이었다. 그 이튿날 아침, 뒷동산 소나무 밑에서 교사絞死하여 세상을 마친 노인의 시체를 발견할 줄은 아무도 생각지 못하였었다. ――1925. 11 .\n",
		"passage_Cnt": 715
	},
	"Annotation": {
		"summary1": "미우리만큼 명확한 산림기수의 눈 때문에 접때는 금동이가 잡히고 어저께는 이 서방이 잡히니 촌인의 생활이 얼마나 불안에 전율해 가는지 모른다.",
		"summary2": null,
		"summary3": "아니 매일과 같이――그래 어저께는 이서방이 잡히고 접때는 금동이가 잡혀 들어갔다. 교활한 산림기수의 눈은 미우리만큼 명확하였다. 이 사람 때문에 촌인의 생활이 얼마나 동요하여 가고 불안에 전율하여 가는지 모른다.",
		"summary_3_cnt": 120
	}
}