{
	"Meta(Acqusition)": {
		"doc_id": "REPORT-literature-07229",
		"doc_category": "REPORT",
		"doc_type": "literature",
		"doc_name": "낙조(落潮)",
		"author": "채만식",
		"publisher": null,
		"publisher_year": null,
		"doc_origin": "저작권위원회"
	},
	"Meta(Refine)": {
		"passage_id": "REPORT-literature-07229-07229",
		"passage": " 이날 학교가 파하여 정거장으로 오는 길에서, 영춘은 여남은이나 되는 일본인 생도들에게 으슥한 곳으로 끌려가 늑신 매를 맞았다. 표방하는 죄목은, 중학생 녀석이, 더구나 주둥이가 새파란 녀석이벌써부터 그런 풍기 아름답지 못한 거동을 하니 괘씸하다는 것이었었다. 저희들은 아주 노골하고 심각한 장난을 여생도들과 하면서…… 그러므로, 푸기 어쩌고 하는 수작은 억지엣 구실일 따름이었다. 두들겨패면서 그들은 연방 ‘센진노 구세니, 나이찌진노 죠세이도니 모숑오 가께루난 떼 나 마이끼’라고, ‘요보노 구세니, 붕기오 시라나이 야쓰’라고 하였다. 정히 민족적인 집단성(集團性)을 띤 성적 질투(性的嫉妬)였었다. 영춘은 억울한 매를 맞고도 분함을 꿀꺽꿀꺽 삼켜야 하였다. 형 재춘더러 말을 하면 그야 분풀이를 하여 주기는 할 것이었다. 그러나 그 대신 영춘은 형에게 못생긴 녀석이라는 가혹한 꾸지람과 무서운 매를 맞아야 할 것이매, 차라리 혼자 꿍꿍 참고 말기만 못한 노릇이었다. 처음 입학하던 1년 급 때에 일본 아이들한테 몰매를 맞고 돌아와 형에게 일렀다 사정 없는 꾸지람과 매를 맞은 전감이 있었기 때문이었다. 아무튼 그리하여 소년 영춘은 학업이 싫은 바는 아니면서도 학교가 싫어 우울하고 늘 불안한 마음을 놓지 못하였다. 815의 해방이 왔다. 영춘의 해방의 고마움을 살이 아프도록 느낀 사람 가운데 한 사람이었다. 그 기승스럽고 야 속히 굴던 일본 아이들이 그만 풀이 껶여 버리는 것이며, 죽은 소리도 못 하고 봇짐을 싸는 것이며…… 주먹덩이 같은 것이 여러 해 동안 뭉쳤던 가슴이 단박에 후련히 씻겨 내려가는 것 같았다.\n",
		"passage_Cnt": 796
	},
	"Annotation": {
		"summary1": "영춘은 일본인 생도들로부터 억울하게 매 맞은 것을 형에게 말하면 분풀이를 해줄 것이나 그 대신 형의 꾸지람을 받을 것이매 혼자 분함을 참고 말았다.",
		"summary2": null,
		"summary3": "영춘은 억울한 매를 맞고도 분함을 꿀꺽꿀꺽 삼켜야 하였다. 형 재춘더러 말을 하면 그야 분풀이를 하여 주기는 할 것이었다. 그러나 그 대신 영춘은 형에게 못생긴 녀석이라는 가혹한 꾸지람과 무서운 매를 맞아야 할 것이매, 차라리 혼자 꿍꿍 참고 말기만 못한 노릇이었다. 이날 학교가 파하여 정거장으로 오는 길에서, 영춘은 여남은이나 되는 일본인 생도들에게 으슥한 곳으로 끌려가 늑신 매를 맞았다.",
		"summary_3_cnt": 223
	}
}