{
	"Meta(Acqusition)": {
		"doc_id": "REPORT-literature-07646",
		"doc_category": "REPORT",
		"doc_type": "literature",
		"doc_name": "굉장 씨",
		"author": "이무영",
		"publisher": null,
		"publisher_year": null,
		"doc_origin": "저작권위원회"
	},
	"Meta(Refine)": {
		"passage_id": "REPORT-literature-07646-07646",
		"passage": " “남의 다리를 긁어도 분수가 있지!” 굉장 씨는 그렇게 되기를 빌 뿐 아니라 그것을 믿었다. 믿었기 때문에 그 는 텃밭과 향교말 여덟 마지기 판 돈도 코 아래 진상을 했고, 글방 친구의 집에서 사귄 네다섯이 놀러 왔을 때는 그야말로 굉장한 잔치도 베풀었다.\n코를 골도록 먹여 보내는 데만 그치지 않고 밤에, 감에, 고기에, 쌀에 그야 말로 공진회 보따리처럼 꾸려 보내기도 했다. “다들 장래 군수감들이지.” 그는 동무들을 보내놓고 이렇게 흡족해했다. 그는 행복이었다. 인제는 완 전히 빈손이었다. 집안 용돈도 아쉬웠으나 그는 ‘뭘 저금한 폭인데’했다. 그러나 세계 정 세는 고사하고 국내 정세에도 밝지 못한 그는 그 저금 돈이 밑 없는 것임을 깨닫지를 못했다. 하늘에서 별 떨어지기를 기다리듯 초조히 바라던 임정 요 인들이 환국을 하던 날은 그는 눈이 다 침침했었다. 박박 긁어가지고 간 돈 이 떨어져서 사흘 만에 집으로 내려왔지만 그는 요인의 얼굴을 본 것만으로 도 자기가 지불한 대가보다는 황홀한 것이라 했다. 그는 그 앞에 절을 했 다. 아들의 설명을 듣고 그 요인은 뭐라고 했던가. “아, 알구 말구.” 요인은 그에게 자녀가 몇인가 물었다. 그동안 뭣을 했느냐고도 물었다. 굉 장 씨는 말소리가 떨리는 것을 깨달으면서도 어찌할 도리가 없었다. 그는 일어서면서 살짝이 요인을 훔쳐보았다. 윗눈썹이 수북한 것만이 그의 인상 에 남았다. 요인은 그와 이야기하는 동안 잠시도 쉬지 않고 엄지손가락을 들었다 놓았 다 했다. 굉장 씨의 눈에는 그 버릇이 퍽 좋게 보였다. 그는 집에 와서도 요인처럼 손가락을 움직여본다. 틈만 있으면 그때 요인이 하던 표정도 흉내 내보며 엄지손가락을 까딱여 본다. 그것이 어느새 버릇이 되어버렸다.\n",
		"passage_Cnt": 856
	},
	"Annotation": {
		"summary1": "저금 돈이 밑 없는 것임을 깨닫지 못한 그는 돈이 떨어져서 집에 내려왔지만 요인의 얼굴을 본 것만으로 황홀해 했다.",
		"summary2": null,
		"summary3": "그러나 세계 정 세는 고사하고 국내 정세에도 밝지 못한 그는 그 저금 돈이 밑 없는 것임을 깨닫지를 못했다. 박박 긁어가지고 간 돈 이 떨어져서 사흘 만에 집으로 내려왔지만 그는 요인의 얼굴을 본 것만으로 도 자기가 지불한 대가보다는 황홀한 것이라 했다.",
		"summary_3_cnt": 143
	}
}