{
	"Meta(Acqusition)": {
		"doc_id": "REPORT-literature-07521",
		"doc_category": "REPORT",
		"doc_type": "literature",
		"doc_name": "어머니와딸",
		"author": "강경애",
		"publisher": null,
		"publisher_year": null,
		"doc_origin": "저작권위원회"
	},
	"Meta(Refine)": {
		"passage_id": "REPORT-literature-07521-07521",
		"passage": " 어떤 날 그는 모란봉 위에 올라 시원한 바람을 쐬었다. 잔잔히 흐르는 대 동강 물, 다정히 모여 앉은 능라도 수풀도 별한 아름다움과 흥미를 그에게 주지 못하였다. 그저 그렇다 할 뿐이었다. 그는 자기 스스로도 이상히 생각하였다. 이것이야말로 실연의 쓴맛인가? 무엇 때문에 내가 이럴까? 강수 때 문에? 딱히 강수 때문인 것 같지 않았다. 어쩐지 자기 가슴속에 열이란 하 나도 없어지고 차디찬 송장같이 생각되었다. 그러면 세상을 버릴까 하는 최 후까지 마음 키워 보았으나 그다지 염증 나게 세상이 싫지도 않았다. 그저 그만그만하였다. 몇 사람의 지나치는 신발소리도 들었으나 돌아보지 않았다. 한참 이러한 생각으로 시간을 보낸 그는 발길을 돌렸다. 그의 앞에 딱 막아선 사람이 있었다. 얼른 쳐다보니 강수였다. 한참 동안 강수를 쏘아본 그는 천천히 발길을 옮겼다. “산호주, 잠깐만 기다리오.” 그는 우뚝 섰다. 발갛게 상기된 그의 얼굴은 느긋느긋함이 돌았다. 산호주 는 머리를 돌렸다. 바짝 다가선 강수는, “한 번 집까지 가려는 중에 잘 만났습니다.” “네.” 그는 머리를 끄덕이며 주춤 물러났다. 씨근씨근하는 그의 숨소리가 불쾌했 던 것이다. “용서하여 주시겠소? 물론 영리한 당신인 것만큼 이번 일에 대하여는 관 서할 것으로 믿습니다마는. 네, 용서하시지요. 환경이 나로 하여금 그리 맨 들었소마는, 그러나 당신만은 내가 잊을 수가 있소?” 우두커니 서서 듣고 있던 그는, “그렇겠소.” “용서하시지요? 나는 믿습니다.” “더할 말 없지요?” 그는 다시 돌아섰다. 그리하여 천천히 내려왔다. 멍하니 바라보던 강수는, “산호주!” 빽 질렀다. 그는 돌아보았다.\n",
		"passage_Cnt": 820
	},
	"Annotation": {
		"summary1": "환경이 나를 그리 맨들었으나 나는 당신만을 잊을 수 없다며 용서해달라고 말했다.",
		"summary2": null,
		"summary3": "“용서하여 주시겠소? 물론 영리한 당신인 것만큼 이번 일에 대하여는 관 서할 것으로 믿습니다마는. 네, 용서하시지요. 환경이 나로 하여금 그리 맨 들었소마는, 그러나 당신만은 내가 잊을 수가 있소?” 우두커니 서서 듣고 있던 그는, “그렇겠소.” “용서하시지요? 나는 믿습니다.” “더할 말 없지요?” 그는 다시 돌아섰다.",
		"summary_3_cnt": 180
	}
}