{
	"Meta(Acqusition)": {
		"doc_id": "REPORT-literature-07507",
		"doc_category": "REPORT",
		"doc_type": "literature",
		"doc_name": "괴승신수(怪僧信修)",
		"author": "윤백남　",
		"publisher": null,
		"publisher_year": null,
		"doc_origin": "저작권위원회"
	},
	"Meta(Refine)": {
		"passage_id": "REPORT-literature-07507-07507",
		"passage": " 저녁해가 붉게 산마루를 몰들일 때까지 한갈퀴라도 더 모으고자 힘없는 팔 에 힘을 돋우던 성옹은 드디어 어슬렁 어슬렁 집을 찾아 들었다. 아침 식량이 떨어졌는 줄 빤히 아는 터에 저녁밥을 찾아들어오기는 너무도 서글픈 일이지만 그래도 빈 창자가 쪼르륵 소리를 내며 무엇을 요구하는 통 에 역시 내 집 밖에는 찾아갈 곳이 없는 것이었다. \"그것이 어디서 변통을 해다 죽이라도 끓여 두었으면…….\" 굽어진 등을 마구 내려 누르는 듯한 나뭇짐을 겨우 지탕하여 싸리문을 돌 아 들어오려던 성옹은 잠깐 멈칫하고 물러섰다. 댓돌 위에 어지럽게 굴러져 있는 한 쌍의 남자의 신발과 툇마루에 자빠진 시주자루, 그 방탕한 신수가 아내에까지 손을 뻗쳤음은 말할 것도 없는 일이 었다. \"응 저것들이…….\" 그의 콧구멍에서는 휘파람소리같은 단숨결이 드나들며 눈에는 서릿발같은 찬빛이 뻗치는 것 같았다. 그러나 다음 순간, \"오죽해야 저런 생각까지 날라구 불쌍한 것.\" 이렇게 억지로 생각을 돌려 뒤집힌 배알을 바로 잡았다. \"암 오죽 배가 고파야.\" 그러나 그는 눈앞에 밥사발이 보이기보다도 실상 보아서는 두 눈에서 불이 일어날 듯한 그 무슨 광경이 꼴딱서니 사납게도 자꾸 두 눈에 비쳐오는 것이 다. 그러나 이러구 있을 때가 아니었다. 힘없는 어깨 위의 나무가 자꾸 체모 없이 내리 누르는 통에 점점 머리가 홀 쭉한 뱃가죽을 향하여 굽어드는 때문이다. 성옹은 미닫이를 드윽 열어젖히고 싶은 것을 억지로 참으며 부엌바닥에 나 뭇짐을 부려 던지고 맨 봉당 위에 터덜썩 주저앉았다. 방안에서도 남편이 돌 아온 기색을 알자 수성수성하는 모양이었다.\n",
		"passage_Cnt": 796
	},
	"Annotation": {
		"summary1": "저녁 해가 질 무렵 집으로 돌아온 성옹은 툇마루에 자빠진 시주 자루와 댓돌 위에 있는 남자 신발을 발견했다.",
		"summary2": null,
		"summary3": "댓돌 위에 어지럽게 굴러져 있는 한 쌍의 남자의 신발과 툇마루에 자빠진 시주자루, 그 방탕한 신수가 아내에까지 손을 뻗쳤음은 말할 것도 없는 일이 었다. 저녁해가 붉게 산마루를 몰들일 때까지 한갈퀴라도 더 모으고자 힘없는 팔 에 힘을 돋우던 성옹은 드디어 어슬렁 어슬렁 집을 찾아 들었다.",
		"summary_3_cnt": 162
	}
}