{
	"Meta(Acqusition)": {
		"doc_id": "REPORT-literature-07228",
		"doc_category": "REPORT",
		"doc_type": "literature",
		"doc_name": "행운(幸運)",
		"author": "차상찬",
		"publisher": null,
		"publisher_year": null,
		"doc_origin": "저작권위원회"
	},
	"Meta(Refine)": {
		"passage_id": "REPORT-literature-07228-07228",
		"passage": " 김씨 부인은 시아버님께 이같은 말을 듣자마자 자기마 음에는 사위가 가합 지않더라도 무엇이라고 또 딴말 을 꺼내기가 어려워서 \"아버님, 소녀가 당돌히 말씀드 린 죄를 용서해 주십시요. 웃어른께서 어련 히 아시고 조처하셨습니까. 공연히 못마 땅한 생각을 품었사온것 죄송만만 이옵나이다.\" 하고 사죄하는 한편에 시아버님 말씀에 복종하는 빛을 보였다. 그날로 신판서 집에서는 신랑영송(迎送)의 예(禮)를 다 한 뒤에 신랑집이 몹시 간구하기 때문에 신랑 집에서 행하는 예식은 제례(除禮)를 하였다. 혼인날이 이튿이 지나고 사흘째 되는 날에 신랑은 처가(妻家)가 되는 신판 서 집에 이르게 되었다. 신판서는 손주 사위를 반가이 맞아 들이어 내실(內室)에다 따로 방을 정해 주고 신랑 신부가 함께 그 방에서 거처(居處)하도록 마련을 해주었다. 신랑과 신부가 한 달가량나 금슬이 좋게 함께 기거를 하고 지냈는데 신부 는 엄장은 엄부렁하게 커서 겉으로는 튼튼해 보였지마는 실상인 즉 부잣집 에서 금지옥엽같이 길리운 몸이라 섬섬(纖纖) 약질(弱質)인데다 나이는 한 살 아래나 허구한 날 힘세찬 신랑에게 부대껴 지내게 되니 차츰차츰 얼굴에 노랑꽃이 피이게 되고 병명(病名)조차 알 수 없는 병색이 잔뜩 들어있는 것과 같아 보이었다. 신판서는 단번에 이 눈치를 채이자마자 \"아뿔싸 저것들은 그냥 한 방에 내버려 두었다가는 결국엔 큰일을 저질르겠 는걸\" 하고 속으로 혼자 근심하는 생각이 들어서 유생을 사랑으로 불러 내어 이르 는 말이었다.\n",
		"passage_Cnt": 739
	},
	"Annotation": {
		"summary1": "금지옥엽으로 길리워 몸이 약한 신부는 한 달가량나 힘세찬 신랑에게 부대끼다 보니 점점 얼굴에 병색이 깃든 것 같아 보였다.",
		"summary2": null,
		"summary3": "신랑과 신부가 한 달가량나 금슬이 좋게 함께 기거를 하고 지냈는데 신부 는 엄장은 엄부렁하게 커서 겉으로는 튼튼해 보였지마는 실상인 즉 부잣집 에서 금지옥엽같이 길리운 몸이라 섬섬(纖纖) 약질(弱質)인데다 나이는 한 살 아래나 허구한 날 힘세찬 신랑에게 부대껴 지내게 되니 차츰차츰 얼굴에 노랑꽃이 피이게 되고 병명(病名)조차 알 수 없는 병색이 잔뜩 들어있는 것과 같아 보이었다.",
		"summary_3_cnt": 213
	}
}