{
	"Meta(Acqusition)": {
		"doc_id": "REPORT-literature-07548",
		"doc_category": "REPORT",
		"doc_type": "literature",
		"doc_name": "우심",
		"author": "이무영",
		"publisher": null,
		"publisher_year": null,
		"doc_origin": "저작권위원회"
	},
	"Meta(Refine)": {
		"passage_id": "REPORT-literature-07548-07548",
		"passage": " 이렇듯 볶아치는 생활을 나는 반년이나 하였다. 그러던 것이 화물 자동차 가 먼지를 피우고 다니기 시작한후부터 나도 마차를 끌지 않게 되었던 것 이다. 사람이란 짐승을 부려먹는 데는 이골이 난 동물이다. 마차짐이 없어지자 이번에는 나를 품팔이로 내세웠다. 오늘은 장 첨지네 내일은 구 서방네 하 고 이 집 저 집으로 끌려다녔다. 일은 좀 편했다. 그러나 일이 좀 수월한 대신 덕칠 영감네 집안에는 죽이 나마 못 끓이는 날이 점점 늘어갔다. 덕칠 영감은 그 조그만 곰방대를 물고 는 뜰팡에 앉아서 한숨을 치쉬고 내리쉬는 날이 늘어갔다. 하다 못한 장성 이는 정 주사네 머슴으로 들어가고 집안에서는 어린것이 아귀같이 밥을 내 라고 볶아쳤다.\n“배고파! 어머니!” “아이, 죽이라도 후룩후룩 좀 들이마셨으면!” 코를 찔찔 흘리는 것들이 외양간 앞에 둘러앉아서 이런 넋두리하는 소리 를 들으면 비록 짐승일망정 눈물이 핑 돌고는 하였다. 짐이라도 하나 생겼 으면 하였다. 모도원 고개를 넘다가 거꾸러지는 한이 있더라도 짐만 생겨라 하였다. 이른 아침이었다. 새벽부터 온 집안이 숙덕숙덜하더니 점심때가 실히 되어 서 양복 입은 사람들이 영감네 집으로 내달았다.\n“쥔 있소?” 나는 들은 척도 안했다.\n“여보, 쥔 없소?” 조금 있다가 영감이 허우단심 뛰어들어왔다.\n“당신이 쥔요?” “그렇쇠다.” 영감은 머리를 굽실한다.\n“임자가 김덕칠이야?” “예에.” “그럼 이리 좀 와!” 영감은 바깥으로 끌려나갔다. 한동안 밖에서 떠들썩했다. 그러더니 마차를 이리저리 다루는 소리가 나고 사람들의 발소리가 잦더니 안 봉당에서 울음 소리가 터졌다.\n",
		"passage_Cnt": 799
	},
	"Annotation": {
		"summary1": "점심때가 되어서 영감 네 집으로 내달은 양복 입은 사람들이 쥔 없냐고 묻는 중에 허우단심 뛰어들어 온 영감을 끌고 바깥으로 나갔다.",
		"summary2": null,
		"summary3": "새벽부터 온 집안이 숙덕숙덜하더니 점심때가 실히 되어 서 양복 입은 사람들이 영감네 집으로 내달았다. “여보, 쥔 없소?” 조금 있다가 영감이 허우단심 뛰어들어왔다. “당신이 쥔요?” “그렇쇠다.” 영감은 머리를 굽실한다. “임자가 김덕칠이야?” “예에.” “그럼 이리 좀 와!” 영감은 바깥으로 끌려나갔다. “쥔 있소?” 나는 들은 척도 안했다.",
		"summary_3_cnt": 198
	}
}