{
	"Meta(Acqusition)": {
		"doc_id": "REPORT-literature-07279",
		"doc_category": "REPORT",
		"doc_type": "literature",
		"doc_name": "송동이",
		"author": "김동인",
		"publisher": null,
		"publisher_year": null,
		"doc_origin": "저작권위원회"
	},
	"Meta(Refine)": {
		"passage_id": "REPORT-literature-07279-07279",
		"passage": " 집에서 돌아와서 보매 칠성이는 어느덧 학교에서 돌아와서 기둥을 어루만 지며 혼자서 놀고 있었다. 송 서방은 광에 가서 콩을 한 줌 집어내다가 한 알 넣고 살구나무를 향하여 쏘았다. ‘딱’ 소리에 칠성이는 돌아보았다.\n그리고 송 서방은 손에 든 것을 한 번 유심히 들여다본 뒤에는 도로 돌아서 고 말았다. “칠성이, 너 이거 안 가지간?” 송 서방은 몹시 미안한 듯이 어깨를 들먹거리며 가까이 가서 돌아서 있는 칠성의 앞으로 그 총을 내밀었다. 칠성이는 그 총을 한 번 어루만져보고 송 서방의 얼굴을 힐끗 돌아다보고는 다시 말없이 돌아섰다. “너 줄까? 이걸루 쏘면 새라두…… 새는 안 죽을까, 나비라두 당장에 죽 는단다.” 그런 뒤에 그는 슬며시 그 총을 칠성이의 앞에 떼어 뒤에 자기 방에 돌아 와서 문을 방싯이 열고 내다보았다. 칠성이는 처음엔 그것을 가만히 만져보았다. 그리고 사면을 살핀 뒤에 뜰 에 아무도 없는 것을 보고 그것을 들었다. 그런 뒤에 송 서방이 놓고 들어 간 콩을 한 알 넣어서 쏘아보았다. 딱! 한 번 몸을 흠칫한 칠성이는 다시 한 알 넣어서 쏘아보았다. 또 딱! 두어 번 시험을 해본 칠성이는 흥이 났는지 송 서방이 놓아둔 콩을 주머니 에 집어넣은 뒤에 뜰을 이리저리 돌아다니며 닥치는 대로 쏘았다. 이리 왔 다 저리 갔다, 그것은 근래에 없던 칠성이의 활발한 모양이었다. 이것을 문틈으로 내려다보던 송 서방은 너무 기뻐서 어찌할 줄을 몰랐다. “오누, 오누.” “양…….” “이리 온.” 그는 그 커다란 손으로 까맹이를 움켜쥐고 높이 쳐들었다. 까맹이는 높이 들려서 연하여 아양을 부리느라고 양 ― 양 ― 하였다.\n",
		"passage_Cnt": 809
	},
	"Annotation": {
		"summary1": "칠성이가 송 서방의 총을 어루만지자 그는 그 총을 칠성이의 앞에 떼어 자기 방에 돌아와 문을 열어 내다봤고 두어 번 시험을 해본 칠성은 돌아다니며 닥치는 대로 쐈다.",
		"summary2": null,
		"summary3": "두어 번 시험을 해본 칠성이는 흥이 났는지 송 서방이 놓아둔 콩을 주머니 에 집어넣은 뒤에 뜰을 이리저리 돌아다니며 닥치는 대로 쏘았다. 칠성이는 그 총을 한 번 어루만져보고 송 서방의 얼굴을 힐끗 돌아다보고는 다시 말없이 돌아섰다. “너 줄까? 이걸루 쏘면 새라두…… 새는 안 죽을까, 나비라두 당장에 죽 는단다.” 그런 뒤에 그는 슬며시 그 총을 칠성이의 앞에 떼어 뒤에 자기 방에 돌아 와서 문을 방싯이 열고 내다보았다.",
		"summary_3_cnt": 240
	}
}