{
	"Meta(Acqusition)": {
		"doc_id": "REPORT-literature-07613",
		"doc_category": "REPORT",
		"doc_type": "literature",
		"doc_name": "혼명에서",
		"author": "백신애",
		"publisher": null,
		"publisher_year": null,
		"doc_origin": "저작권위원회"
	},
	"Meta(Refine)": {
		"passage_id": "REPORT-literature-07613-07613",
		"passage": " 나무는 말라진 듯 합니다. 그러나 나의 어머니는 이 나무를 정성껏 가꾸십 니다. 왜 말라버린 것 같은 이 나무를 가꾸실까! 나는 손 끝에 힘을 보내어 잡았 던, 가지를 작끈하는 소리를 내면서 분질러 뜨렸습니다. 그러나 S! 그 작은 젓 가지 하나에도 약동하는 생명의 줄이 흐르고 있음을 보았습니 다. ‘나의 어머니가 너를 가꾸심이 이것이다. 너는 아무리 죽은 듯하나 굳세 게도 살아 있었다. 모진 삭풍에 부대끼어 그 잎사귀를 다 ─ 빼앗기고 말았 어도 너는 너대로 다시 오는 봄을 기다려 너 혼자 누구에게도 알리지 않고 가만히 살고 있었다.’ 나는 가슴속으로 부르짖어 보았던 것입니다. 그리고 커다란 한 가지를 와지끈 분질러 보았습니다. 제가 얼마나 훌륭히 살아 있는가를 내 눈으로 보고 싶은 욕망에서……. 고함치며 누구에게라도 보이고 싶었어요. S! 돌아오는 봄 삼월에 당신에게 드릴 보고는 이제 훌륭히 준비되었습니다.\n그리고 당신이 나에게 말할 결론도 벌써 완성된 줄 알겠습니다. 나는 봄을 기다리기 싫습니다. 이 차디찬 겨울에서도 훌륭히 살아 있는 나를 한시바삐 알리고 싶습니다. 내가 살아 있다는 것을 바로 보라고 눈을 뜨게 한 당신입니다. S! 내가 얻은 바 결론을 이제 보고합니다. 나는 나를 갖은 수단을 다 ─ 하여 속아 달라고 달려왔을 뿐입니다. 나는 나를 속이지 못하여 고민하였고 울어 왔을 뿐이었어요. 이렇게 함으로써 세 상에 아첨하였던 것입니다. 나를 사랑하는 어머니, 나에게 끝까지 행복하고 안일을 바라시는 어머니! 그에게 내 삶을 내 스스로 파악하고 굳세게 살아가며 어느 때나 용감하게 보임으로써 비로소 안심과 만족을 얻도록 할 것이에요. 내가 나를 속이는 괴로움을 지닌 채 일평생 나의 불행을 슬퍼할 것이에요.\n",
		"passage_Cnt": 861
	},
	"Annotation": {
		"summary1": "어머니가 가꾸는 말라진 듯한 나무의 가지를 분질러 뜨려 봤더니 작은 젓 가지에도 생명의 줄이 흐르는 것을 볼 수 있었다.",
		"summary2": null,
		"summary3": "나무는 말라진 듯 합니다. 그러나 나의 어머니는 이 나무를 정성껏 가꾸십 니다. 나는 손 끝에 힘을 보내어 잡았 던, 가지를 작끈하는 소리를 내면서 분질러 뜨렸습니다. 그 작은 젓 가지 하나에도 약동하는 생명의 줄이 흐르고 있음을 보았습니 다.",
		"summary_3_cnt": 139
	}
}