{
	"Meta(Acqusition)": {
		"doc_id": "REPORT-literature-07297",
		"doc_category": "REPORT",
		"doc_type": "literature",
		"doc_name": "편주의 가는곳",
		"author": "김동인",
		"publisher": null,
		"publisher_year": null,
		"doc_origin": "저작권위원회"
	},
	"Meta(Refine)": {
		"passage_id": "REPORT-literature-07297-07297",
		"passage": " 집안도 보잘것 없었다. 가세도 보잘것 없었다. 그렇다고 도미 당자가 또한 뛰어난 인물에 혹하여 갔는가 하면 그도 그렇지 않았다. 도미라는 인물은 아무 보잘것도 없는 한 평범한 사나이였다. 장안은 모두 입을 딱 벌렸다. 방맞은 사내들은 주먹을 휘둘렀다. \"훌륭한 데 가서 평범하게 지내는 것보다는 평범한 데 가서 훌륭하게 지내 겠읍니다.\" 이것이 도미에게로 시집갈 때에 제 부모에게 한 말이었다. 그러나 장안 모든 사람들은 그 말뜻을 잘 알지 못하였다. 그리고 그의 결 혼은 불행한 결말을 맺으려니 하였다. 그만큼 뛰어난 인물의 계집이 아무 보잘것 없는 도미의 집에 만족해 할 리가 없다. 지금 철없이 가기는 했지만 얼마를 못 살고 다시 돌아올 것이라 하였다. 그들의 상식으로 보자면 그렇게밖에 해석할 수가 없었다. 지금도 수없는 훌륭한 도령님 서방님들이 연하여 유혹의 눈을 던지는데 평범하고 보잘것 없고 가난한 도미의 집에 끝까지 붙어 있을 이치가 없다는 것이었다. 시집간 지 일 년이 지났다. 현처(賢妻)의 소문이 차차 밖으로 새어 나왔다. 가난한 살림살이를 맡아 가지고 한 마디의 불평도 없이 집안을 다스리고 남편을 섬기고 잘 산다는 것이었다. 그러나 길씸 좋은 장안 사람들은 그래도 감시의 눈을 게을리지 않았다. \"일 년쯤이야 아직 아무것도 모르지.인제부터야 차차 싫증이 날 테지.\" 자기네의 경험에 미루어 이렇게 비평하고 감시하였다. 또 일 년이 지났다. 현처의 소문은 차차 높아 갔다. 시집온 지 이 년 그 새 수없는 유혹의 손 끝이 그를 불러도 보았으며 수없는 유혹물이 그를 달래도 보았지만 눈 한 번 거듭 떠 보지 않고 가난한 제 집안을 아름답게 꾸미기에 열중이라 한다.\n",
		"passage_Cnt": 832
	},
	"Annotation": {
		"summary1": "평범한 도미의 현처는 가난한 살림에도 불평 없이 남편을 섬기고 유혹이 있어도 눈 한 번 거듭떠 보지 않고 집안 꾸미기에 열중이라고 소문이 났다.",
		"summary2": null,
		"summary3": "현처(賢妻)의 소문이 차차 밖으로 새어 나왔다. 가난한 살림살이를 맡아 가지고 한 마디의 불평도 없이 집안을 다스리고 남편을 섬기고 잘 산다는 것이었다. 시집온 지 이 년 그 새 수없는 유혹의 손 끝이 그를 불러도 보았으며 수없는 유혹물이 그를 달래도 보았지만 눈 한 번 거듭 떠 보지 않고 가난한 제 집안을 아름답게 꾸미기에 열중이라 한다. 도미라는 인물은 아무 보잘것도 없는 한 평범한 사나이였다.",
		"summary_3_cnt": 227
	}
}