{
	"Meta(Acqusition)": {
		"doc_id": "REPORT-literature-07667",
		"doc_category": "REPORT",
		"doc_type": "literature",
		"doc_name": "오리온과 능금",
		"author": "이효석",
		"publisher": null,
		"publisher_year": null,
		"doc_origin": "저작권위원회"
	},
	"Meta(Refine)": {
		"passage_id": "REPORT-literature-07667-07667",
		"passage": "오리온과 능금 1 ‘나오미’ 가 입회한지는 두 주일밖에 안되었고, 따라서 그가 연구회에 출 석하기는 단 두 번임에 불구하고 어느덧 그의 태도가 전연 예측치 아니하였 던 방향으로 흐름을 알았을 때에 나는 놀라지 않을 수 없었다. 사람의 감정 의 움직임이란 예측하기 어려운 것이지만 짧은 시간에 그가 나에게 대하여 그러한 정서를 품게 되었다는 것은 도무지 뜻밖의 일이었음을 나는 놀라는 한편 현혹한 느낌을 마지않았던 것이다. 하기는 ‘나오미’ 가 S의 소개로 입회하게 된첫날부터 벌써 나는 그에게 서 ‘동지’ 라는 느낌보다도 ‘여자’ 라는 느낌을 더 많이 받았다. 그것은 ‘나오미’ 가 현재 어떤 백화점의 여점원이요, 따라서 몸치장이 다소 사치 한 까닭이라는 것보다도 대체로 그의 육체와 용모의 인상이 너무도 연하고 사치한 까닭이었다. 몸이 몹시 가늘고 입이 가볍고 눈의 표정이 너무도 풍 부하였다. 그의 먼 촌 아저씨가 과거에 있어서 한 사람의 굳건한 ××으로 서 현재 영어의 몸이 되어 있다는 소식도 S를 통하여 가끔 들은 나였만은 그러한 나의 지식과 ‘나오미’ 의 인상과의 사이에는 한 점의 부합의 연상 도 없고 물에 뜬 기름 모양으로 서로 동떨어진 것이었다. 그것은 마치 같은 가지에 붉은 꽃과 푸른 꽃의 이 전연 색다른 두 송이의 꽃이 천연스럽게 맺 히는 것과도 같은 격이었다. 그러나 연약한 인상이라고 그의 미래를 약속하 지 못하는 법은 없을 것이다. 그러므로 진실한 회원이요, 믿음직한 동지인 S가 그를 소개하였을 때에 우 리는 그의 입회를 승낙하기에 조금도 인색하지 않았던 것이다.\n",
		"passage_Cnt": 780
	},
	"Annotation": {
		"summary1": "나오미가 입회한 첫날부터 나는 그에게 여자라는 느낌을 많이 받았는데 그것은 그의 용모가 인상이 너무도 연하고 사치한 까닭이었다. ",
		"summary2": null,
		"summary3": "하기는 ‘나오미’ 가 S의 소개로 입회하게 된첫날부터 벌써 나는 그에게 서 ‘동지’ 라는 느낌보다도 ‘여자’ 라는 느낌을 더 많이 받았다. 그것은 ‘나오미’ 가 현재 어떤 백화점의 여점원이요, 따라서 몸치장이 다소 사치 한 까닭이라는 것보다도 대체로 그의 육체와 용모의 인상이 너무도 연하고 사치한 까닭이었다.",
		"summary_3_cnt": 174
	}
}