{
	"Meta(Acqusition)": {
		"doc_id": "REPORT-literature-07525",
		"doc_category": "REPORT",
		"doc_type": "literature",
		"doc_name": "장미 병들다",
		"author": "이효석",
		"publisher": null,
		"publisher_year": null,
		"doc_origin": "저작권위원회"
	},
	"Meta(Refine)": {
		"passage_id": "REPORT-literature-07525-07525",
		"passage": " “아무리 부랑자기로 생면부지에 소락소락…… 안된 녀석.” “노여하실 것 없는 것이 춤추는 사람끼리는 춤을 청하는 것이 모욕이 아니라 도 리어 존경의 뜻인걸요. 제법 춤의 격식이 익숙하던데요.” 남죽의 항의에는 한마디도 대꾸할 바를 몰랐으나 그러면 그 괘씸한 심사는 질투 에서 나온 것이었던가? 그렇다면 남죽을 얼마나 사랑하고 있는 셈인가 하고 현보 는 자신의 마음을 가지가지로 의심하여 보았다.\n“참기 싫어요, 견딜 수 없어요……죄수같이 이 벽 속에만 갇혀 있기가. 어서 데 려다주세요, 데이비드. 이곳을 나갈 수 없으면, 이 무서운 배에서 나갈 수 없으면 금방 미칠 것두 같아요. 집에 데려다주세요, 데이비드. 벌써 아무 것두 생각할 수 없어요. 추위와 침묵이 머리를 가위같이 누르는걸요. 무서워. 얼른 집에 데려다주 세요.” 남죽은 남죽으로서 딴소리를―듣고 보니 오닐의고래의 구절구절을 아직 도 취흥에 겨운 목소리로 대로상에서 마치 무대에서와 같은 감정으로 외치는 것이 었다. 북극 해상에서 애니가 남편인 선장에게 애원하고 호소하는 그 소리는 그대 로가 바로 남죽 자신의 절실한 하소연이기도 하였다.\n“이런 생활은 나를 죽여요…… 이 추위, 무섬. 공기가 나를 협박해요― 이 적막. 가는 날 오는 날 허구한 날 똑같은 회색 하늘. 참을 수 없어요. 미치겠어 요. 미치는 것이 손에 잡힐 듯이 알려요. 나를 사랑하거든 제발 집에 데려다주세 요. 원이에요. 데려다주세요.” 이튿날은 또 하루 목표 없는 지난날의 연속이었다.\n",
		"passage_Cnt": 742
	},
	"Annotation": {
		"summary1": "현보는 남죽을 사랑하는 마음을 의심하였고 북극 바다에서 애니가 남편인 선장에게 호소하는 소리는 남죽의 간절한 하소연이기도 했다. ",
		"summary2": null,
		"summary3": "그렇다면 남죽을 얼마나 사랑하고 있는 셈인가 하고 현보 는 자신의 마음을 가지가지로 의심하여 보았다. 북극 해상에서 애니가 남편인 선장에게 애원하고 호소하는 그 소리는 그대 로가 바로 남죽 자신의 절실한 하소연이기도 하였다.",
		"summary_3_cnt": 126
	}
}