{
	"Meta(Acqusition)": {
		"doc_id": "REPORT-literature-07654",
		"doc_category": "REPORT",
		"doc_type": "literature",
		"doc_name": "월급날",
		"author": "이무영",
		"publisher": null,
		"publisher_year": null,
		"doc_origin": "저작권위원회"
	},
	"Meta(Refine)": {
		"passage_id": "REPORT-literature-07654-07654",
		"passage": " ‘자식! 오늘은 머리가 돌았군!’ 생쥐란 별명으로 불리어지는 회계과장이 옹졸한 얼굴이 눈앞에 떠오른다.\n십환 한 장을 갖고 발발 떠는 친구이기도 해서 온 사원들의 밉상으로 돌려세 우는 친구다. 그 악바리를 곯려먹은 것이 무엇보다도 통쾌했다. 제 실수로 그랬으니까 나중에 딴 소리를 한대도 소용이 없느니라 했다. 주기에 썼다. 다음달에 제 하면 되지 않느냐! 이렇게 내댈 작정을 하고 도망치듯 밖으로 뛰어나오려니 동료 하나가 어깨 를 툭 친다. “월급날의 우울을 고스란히 집으로 가지고 갈 순 없잖아!” 막걸리를 하자는 것이다. 속을 트고 지내는 사이기도 했다. 이만환을 고스란히 타고 나니 마치 공돈 같았다. 기분이 좋아서 친구한테 그런 이야기를 해가며 막걸리를 맥주로 크 라운장으로 호기 있게 발전을 한 것은 물론이다. 아내한테도 잠자코 있으면 그만이었다. 상권은 상조회비 난에 이만환을 기 입하는 것도 물론 잊지 않았다. “아, 정말 통쾌하다! 주판두 그런 실 술할 때가 있거든! 나중에 발견하구 서 콩 튀듯할 께라! 뙤약볕에 콩 튀듯 하라지 ! 오늘이면 다 똥이 될 걸 되뱉으라겠나 뱉으라면 ! 뱉어주지! 정말 신 난다! 신 나! 고 생쥐 녀석 콩 튀 듯할 생각을 하니 통쾌해! 통쾌하거든!” 그놈의 이만환 때문에 월급날도 막걸리 한번 마음 놓고 먹지 못해 온 울분을 푸는 데는 이만환도 오히려 부족했다. “아, 정말 통쾌한데?” 친구가 맞장구를 쳐주는 바람에 정말 이만환을 거의 다 먹어치웠다.\n",
		"passage_Cnt": 730
	},
	"Annotation": {
		"summary1": "십환 한 장을 갖고 발발 떠는 악바리 회계과장을 곯려먹은 것이 통쾌했다.",
		"summary2": null,
		"summary3": "‘자식! 오늘은 머리가 돌았군!’ 생쥐란 별명으로 불리어지는 회계과장이 옹졸한 얼굴이 눈앞에 떠오른다. 그 악바리를 곯려먹은 것이 무엇보다도 통쾌했다. 십환 한 장을 갖고 발발 떠는 친구이기도 해서 온 사원들의 밉상으로 돌려세 우는 친구다.",
		"summary_3_cnt": 136
	}
}