{
	"Meta(Acqusition)": {
		"doc_id": "REPORT-literature-07385",
		"doc_category": "REPORT",
		"doc_type": "literature",
		"doc_name": "백발홍장(白髮紅粧)",
		"author": "차상찬",
		"publisher": null,
		"publisher_year": null,
		"doc_origin": "저작권위원회"
	},
	"Meta(Refine)": {
		"passage_id": "REPORT-literature-07385-07385",
		"passage": "즉 이병사가 지면 자기를 장가들여 주고 자기가 지면 이병사의 아들 노릇을 하겠다고 말하였다. 그것은 물론 이병사가 지면 그의 딸을 자기에게 주고 자기가 지면 그에게 사위 자식이 되겠다는 엉뚱한 생각이니 다시 말하면 이기나 지나 그의 사위 가 되겠다는 말을 부쳐 보자는 수작이었다. 효준은 이렇게 미리 계획하고 하는 말이지만 이병사는 원래 그런 일은 꿈 에도 생각을 아니 하였기 때문에 효준의 말에 그저 농담으로 여기고 효준의 내기청하는 것을 한마디에 허락하고 장기를 두기 시작하였다. 전날에는 이병사의 장기 두는 솜씨가 효준 보다 좀 높아서 열번에 육칠차 씩은 번번히 이기었더니 이날은 무슨 신조가 있는 듯이 삼판양 승에 효준이 가 어렵지 않게 이기게 되었다. 그렇지 않아도 혼인하자는 말거리를 얻지 못하여 고심하던 끝에 그렇게 승리를 하게 되자 효준으로서는 두 번도 없는 좋은 기회였다. 장기판을 집어 치우고 효준이는 이병사에게 말하되 \"여보 영감, 어찌하시렵니까. 내 장가를 꼭 들려 주셔야 지요.\" 하고 여러 번 졸랐다. 이병사도 처음에는 그저 농담으로 그러는 줄 알았더니 효준이가 진심으로 여러 번 조르는 것을 보고 그도 또한 농담으로 여기지 않고 사실대로 대답하 되 \"글쎄 ― 말이요, 그까짓 장기 내기야 했건 않했건 우리 교분에 장가를 못 들여 줄 것은 없으나 당신이 당신의 사정을 잘 알다시피 집에 돈은 한 푼도 없고 나이 근 오십에도 사취까지나 되니 어디 누가 딸을 주겠소. 정말 장가 가 가고 싶다면 기회를 보아서 어디 과부라도 하나 얻어 줄터이니 조금만 참으시오.\" 하였다.\n",
		"passage_Cnt": 780
	},
	"Annotation": {
		"summary1": "전날에는 이병사의 장기 두는 솜씨가 좀 높아서 번번히 이기었더니 이날은 삼판 양승으로 승리를 하게 되자 효준으로서는 혼인하자는 말거리를 하기에 좋은 기회였다.",
		"summary2": null,
		"summary3": "전날에는 이병사의 장기 두는 솜씨가 효준 보다 좀 높아서 열번에 육칠차 씩은 번번히 이기었더니 이날은 무슨 신조가 있는 듯이 삼판양 승에 효준이 가 어렵지 않게 이기게 되었다. 그렇지 않아도 혼인하자는 말거리를 얻지 못하여 고심하던 끝에 그렇게 승리를 하게 되자 효준으로서는 두 번도 없는 좋은 기회였다.",
		"summary_3_cnt": 171
	}
}