{
	"Meta(Acqusition)": {
		"doc_id": "REPORT-literature-07473",
		"doc_category": "REPORT",
		"doc_type": "literature",
		"doc_name": "백금",
		"author": "최서해",
		"publisher": null,
		"publisher_year": null,
		"doc_origin": "저작권위원회"
	},
	"Meta(Refine)": {
		"passage_id": "REPORT-literature-07473-07473",
		"passage": " “무슨 일이우?” 나는 호기와 의심이 잔뜩 고인 눈으로 R형을 보았다. R형은 무엇을 생각하 는지 나를 멀거니 보다가, “네게 돈 좀 있니?” 나의 묻는 말과는 딴전을 친다. “돈? 여기 한 이십 삼 전 되는지?” 나는 지갑을 꺼낼 양으로 호주머니에 손을 넣었다. 그리고, “글쎄 전화로 한다는 것은 무슨 말이오?” 채를 쳤다. “그건 천천히 말하겠지만 술이 삼십 전어치면 얼마나 되나?” 또 딴전을 부린다. “다찌노미면 여섯 잔은 되지요!” “흐흥 너는 해정도 못 하겠구나!” “그런 데 별안간 술 말은 왜 하우?” “취토록 먹자면 얼마나 될까?” R형은 두 손으로 머리 뒤에 깍지를 끼면서 혼잣말처럼 뇌였다. 나는 서슴 지 안고, “그야 짐작이 있소!” 맞장구를 쳤으나 무슨 수수께끼인지 알 수 없었다. R형은 술이라면 금주회 원 이상의 반대자다. 내가 술 먹는 것은 더욱 금하던 사람인데 나더러 술 살 돈이 있느냐고 묻는 것은 참 뜻밖이다. 무슨 수작인가? 전화론 할 말이 있 다더니 그 말은 끊어지고 술 말을 끄집어 내니 아까 전화의 의심은 좀 풀리 는 것 같기도 하나 내가 술을 먹는다고 비꼬지나 안나 하는 의심도 없지 안 았다. 그러나 평시보단 갈앉고 화색이 스러진 그 낯빛을 보면 무슨 불평이 있는 듯이도 생각되었다. “돈은 없지만 술이야 없겠오. 갑시다. H군에게 가서 등을 칩시다. 그 주인 집에 술이 있으니!” 실상 말하자면 나는 목도 말랐고 또 R형의 술 먹는 것이 보고도 싶었다.\n",
		"passage_Cnt": 730
	},
	"Annotation": {
		"summary1": "내가 무슨 일이냐며 호기와 의심의 눈으로 R형을 보았을 때 돈 좀 있냐고 물어서 나는 지갑을 꺼내려고 호주머니에 손을 넣었다.",
		"summary2": null,
		"summary3": "“무슨 일이우?” 나는 호기와 의심이 잔뜩 고인 눈으로 R형을 보았다. R형은 무엇을 생각하 는지 나를 멀거니 보다가, “네게 돈 좀 있니?” 나의 묻는 말과는 딴전을 친다. “돈? 여기 한 이십 삼 전 되는지?” 나는 지갑을 꺼낼 양으로 호주머니에 손을 넣었다.",
		"summary_3_cnt": 149
	}
}