{
	"Meta(Acqusition)": {
		"doc_id": "REPORT-literature-07580",
		"doc_category": "REPORT",
		"doc_type": "literature",
		"doc_name": "바람은 그냥 불고",
		"author": "계용묵",
		"publisher": null,
		"publisher_year": null,
		"doc_origin": "저작권위원회"
	},
	"Meta(Refine)": {
		"passage_id": "REPORT-literature-07580-07580",
		"passage": " “이 사람이 벌써 취했나? 술두 몇 잔 안 들어가서.” “아니, 취허긴 이 사람아 그럼 전 눈 좀 밝다구 모르는 사람을 속여 먹 어야 옳은가. 몰수당할 토지를 팔아먹으문 사는 놈은 녹을 줄을 몰라? 그놈 아니문 내 자식두 쌈 나가서 죽질 않았어. 내 자식두 내 집두 그놈으 손에 다 녹아나야 옳아? 뻔뻔헌 놈! 체면이 있지, 자식을 먹구 미안하지두 않아 서 집을 또 먹게서? 이 집이 이게 누구 때문에 파는 것인 줄 몰라? 난 못 파네, 내 집을 그놈의 손에단. 어서 물러다주게, 허 세상이 .” 아닌 게 아니라 선달은 벌써 주기가 얼근히 도는 모양이다. 손세까지 이 상히 쓴다. “그 무슨 소리야, 이 사람 정말 취했네게레. 자 자 그런 소린 말구 어서 또 잔이나 내게.” “글쎄 아니야, 내 집은 백 번 죽어두 그놈의 손엔 안 넣네. 어서 일어서 게 이 사람?” 선달은 잔을 바로도 못 들고 술을 옷자락에다 줄줄 흘리며 들이키더니 상 위에다 잔을 엎어 놓으며 일어선다. “이 사람이 이게 앉아.” “아니야, 일어서래두.” “앉아요 글쎄. 이게 무슨 일야 이 사람.” 구장은 선달의 손목을 끌어 당긴다. “아니, 안 일어날 텐가? 그럼 내가 가겠네.” 팔을 뿌리쳐 구장의 손을 떨구고 감투를 눌러쓰며 계약서를 집어 들더니 문을 차고 나간다. 설도 지났으니 양지쪽엔 이미 봄뜻도 푸르련만 날씨는 그대로 차다. 종일을 그칠 줄 모르는 바람이 그냥대로 누동의 구새 먹은 오리나무 가지 를 왕왕 울린다.\n",
		"passage_Cnt": 728
	},
	"Annotation": {
		"summary1": "자신의 손목을 끌어당기는 구장의 손을 떨군 선달은 계약서를 집어 들더니 감투를 눌러쓰고 나가버렸다.",
		"summary2": null,
		"summary3": "“이 사람이 이게 앉아.” “아니야, 일어서래두.” “앉아요 글쎄. 이게 무슨 일야 이 사람.” 구장은 선달의 손목을 끌어 당긴다. “아니, 안 일어날 텐가? 그럼 내가 가겠네.” 팔을 뿌리쳐 구장의 손을 떨구고 감투를 눌러쓰며 계약서를 집어 들더니 문을 차고 나간다.",
		"summary_3_cnt": 151
	}
}