{
	"Meta(Acqusition)": {
		"doc_id": "REPORT-literature-07462",
		"doc_category": "REPORT",
		"doc_type": "literature",
		"doc_name": "모색",
		"author": "채만식",
		"publisher": null,
		"publisher_year": null,
		"doc_origin": "저작권위원회"
	},
	"Meta(Refine)": {
		"passage_id": "REPORT-literature-07462-07462",
		"passage": " 여학교의 교원은 그러하고, 그 밖에 속은 잘 모르겠어도(속을 몰랐기 때문에) 부인기자라는 것이 어떨까 싶어 아무려나 전자에 졸업감상을 쓰라고 하던 그 선 배 부인기자더러 지날말 같이 물어보았더니(눈치를 챘던지 웃으면서) 그 무내용한 품이라든지 불량성(不良性)의 속성(屬性)의 수월찮은 품이라든지 고운 아가씨네 의 가히 취할 직업이 아닐 뿐만 아니라 그 주제에 또 혼자서 뽑아도 곧잘 빠지지 안는 만인계(萬人契)니라는 게 대답이었었다. 그러나저러나 글 한 줄 반반히 쓸 줄도 모르는 터수에 신문 잡지의 기자 구실을 생각하다니 생각하는 내가 도시에 망녕이지 하고 그는 스스로 고소를 하고 말았 다. 그러고 나니 직업도 마땅히 가짐 즉한 것이 없고. 직업도 가질 만한 것이 없을 지경이면 옥초는 마침내 학업을 마치고 교문 밖으 로 나서는 그 날 그시각부터 아무것도 할 것이 없는 사람이 될 테라는 결론에 도달치 안을 수가 없었다. 이 아무것도 할 것이 없다는 결론의 말 내용은 그러나 먼저의 아무것도 하는 것 이 없이 그저 놀면서 지낸다는 사실을 의미한다거나 따라서 그에의 복귀(復歸)인 것이 아니었었다. 대수학(代數學)에서는 마이너스도 한 수(數)의 자격을 갖는다. 그와 마찬가지로 옥초의 그 경우에 있어서는 아무것도 하는 것이 없이 그저 놀면서 지낸다는 사실 도(비록 가치는 부정이 될망정 존재는 긍정을 받아) 하나의 ‘생활’로서의 자격 을 보유하고 있었던 것이다. 그러나 방금의 아무것도 할 것이 없다던 결론은 그 놀면서 지낸다는 사실까지도 부정을 하는 절대의 부정으로, 따라서 어느 공간이 아니라 진공(眞空)이어서 전연 제로를 가리킴이었었다.\n",
		"passage_Cnt": 810
	},
	"Annotation": {
		"summary1": "글을 쓸 줄도 모르는데 기자를 생각했다며 스스로 고소를 한 옥초는 아무것도 할 것이 없는 사람이 될 거라는 생각을 하였다.",
		"summary2": null,
		"summary3": "그러나저러나 글 한 줄 반반히 쓸 줄도 모르는 터수에 신문 잡지의 기자 구실을 생각하다니 생각하는 내가 도시에 망녕이지 하고 그는 스스로 고소를 하고 말았 다. 직업도 가질 만한 것이 없을 지경이면 옥초는 마침내 학업을 마치고 교문 밖으 로 나서는 그 날 그시각부터 아무것도 할 것이 없는 사람이 될 테라는 결론에 도달치 안을 수가 없었다.",
		"summary_3_cnt": 191
	}
}