{
	"Meta(Acqusition)": {
		"doc_id": "REPORT-literature-07380",
		"doc_category": "REPORT",
		"doc_type": "literature",
		"doc_name": "수평선 너머로",
		"author": "김동인",
		"publisher": null,
		"publisher_year": null,
		"doc_origin": "저작권위원회"
	},
	"Meta(Refine)": {
		"passage_id": "REPORT-literature-07380-07380",
		"passage": "과거의 역사적 사실을 말한 뒤에 괴한은 그냥 말을 이어서 이번의 사건에 까지 미쳤다. LC당이라는 세계적 악한의 제이급 당원의 한 사람으로 된 소 춘(괴한)은 자기가 악한당에 관계하게 되니만치 옛날의 자기의 아버지의 원 수를 언제든 갚을 날을 기다리고 있었다. 그 기회를 지으려고 엿보고 있었 다.\n그러는 동안 우연한 기회로 다시 말하자면 상해에 있는 어떤 사상 단체에 게서 찬두의 집 재산의 거의 전부가 외국 공채와 교환이 되었다는 정보를 들었다.\n이것을 알고 소춘이는 즉시 간부에 이것을 보고하였다. 조선이라는 땅은 단돈 만 원도 현금으로 있는 집이 없다고 돌아도 보지 않았었는데 삼사십만 원의 거액이 감추여 있다는 의외의 소식에 LC당에서는 즉시로 당원 몇 사람 을 내어 보내서 탐사하여 보매 그것이 결코 거짓이 아니었다. 그것이 거짓이 아님을 안 뒤에 당에서는 간부급 몇 사람과 당원 몇 사람을 증파하여 이것 을 거두어 내기로 하였다. 소춘 자기도 제이급 당원의 한 사람으로 조선에 잠입하게 되었다.\n오랫동안 벼르던 아버지의 원수를 인제 바야흐로 갚으려 하는 것이었다.\n당무는 당무대로 소춘이의 사사 원수는 사사 원수대로 인제 바야흐로 노백 작의 몸 위에 복수의 커다란 손은 내리려 하는 것이었다.\n─ 이것이 소춘이가 찬두에게 한 말이었다.\n과거의 역사적 사실을 다 말한 뒤에 소춘이는 잠시 머리를 수그리고 생각하였다. 그런 뒤에 다시 말하였다.\n“그래서 야 이봐라. 이번 내가 조선에 들어올 때의 계획으로는 들어오기만 하면 즉시로 이 집안을 전멸시키고 우리 당에서 목적했던 재물을 찾아 내어 가지고 달아날 계획이었었구나. 어머니? 아버지를 배반한 어머니에게 무슨 애정이 있겠느냐. 그래서 들어온 지 며칠 뒤에 이 집 내실로 어머니를 찾아 뵈었겠지. 어머님의 의향을 알아보아서 웬만만 하면 이 집안을 전멸시키려 고….” 그래서 소춘이는 자기의 어머니요 겸하여 원수의 안 해 되는 백작부인을 내 실로 찾았다.\n",
		"passage_Cnt": 960
	},
	"Annotation": {
		"summary1": "소춘은 아버지의 원수를 갚기 위해 기회를 엿보고 있었으나 찬두의 집 재산이 상해에 있는 어떤 단체에 의해 외국 공채와 교환이 되었다는 정보를 듣고 즉시 보고했다.",
		"summary2": null,
		"summary3": "LC당이라는 세계적 악한의 제이급 당원의 한 사람으로 된 소 춘(괴한)은 자기가 악한당에 관계하게 되니만치 옛날의 자기의 아버지의 원 수를 언제든 갚을 날을 기다리고 있었다. 그 기회를 지으려고 엿보고 있었 다. 그러는 동안 우연한 기회로 다시 말하자면 상해에 있는 어떤 사상 단체에 게서 찬두의 집 재산의 거의 전부가 외국 공채와 교환이 되었다는 정보를 들었다. 이것을 알고 소춘이는 즉시 간부에 이것을 보고하였다.",
		"summary_3_cnt": 236
	}
}