{
	"Meta(Acqusition)": {
		"doc_id": "REPORT-literature-07227",
		"doc_category": "REPORT",
		"doc_type": "literature",
		"doc_name": "명일",
		"author": "채만식",
		"publisher": null,
		"publisher_year": null,
		"doc_origin": "저작권위원회"
	},
	"Meta(Refine)": {
		"passage_id": "REPORT-literature-07227-07227",
		"passage": " 범수는 무거운 짐 하나를 벗어떼어 듯이 가슴이 홀가분해서 집을 향했다. 그러나 한 발 두 발 집에 가까와가며 ‘명일’보다는 오늘의 양식이 아득해서 도로 침울해졌다. 언덕비탈을 올라가느라니까 서편을 등진 일본집들이 시원하게 문에다가 발을 쳐놓았고 문앞에는 날아갈 듯이 유까다를 걸치고 아이 데린 일본 아낙네들이 저녁 후에 이쑤시개를 문 채 집집이 나와서 서 있다. 초조 없이 안정된 생활에서 오는 침착과 단란을 족히 엿볼 수가 있는 한 폭의 그림이다. 그와 반대로 자기의 집구석은 시방 어떠할까? 생각하매 마음은 급하면서 그러나 걸음은 내키지를 아니했다. 겨우 언덕바지를 넘어 다시 비탈을 내려가느라니 왼손쪽 자기 집에서 안해의 높은 목소리가 들려왔다. 낮에 범수가 나가고 나서…… 영주는 줄에 넌 빨래를 만져보아 뿌득뿌득 말랐으면 그만 걷어다가 다듬질이나 할까 하고 마당으로 내려서는데 나가 놀던 작은아이 종태가 들어왔다. 손가락을 입에 물고 비슬비슬 걸어 들어오면서 볼 먹은 소리로 “음마.” 하는 것이 벌써 이짐을 부릴 눈치다. “오냐.” 영주는 입으로만 대답을 하고 빨래를 주섬주섬 걷느라니까 아이는 옆으로 와서 아랫도리를 안고 매달리며 “음마.” 하고 또 부른다. 결혼하던 해 봄에 큰아이 종석이를 낳아서 지금 열 살(임신은 그 전에 연애시절에 되었었다), 그 다음 세 살 터울로 작은아이 종태를 낳고는 이내 포태를 못했다. 작은아이를 해산할 때에 자궁후굴이 생긴 것을 치료도 아니하고 그대로 둔 것이 지금 와서는 포태도 포태려니와 중증의 히스테리를 잃게 한 것이다.\n",
		"passage_Cnt": 771
	},
	"Annotation": {
		"summary1": "언덕 비탈을 올라가며 유까다를 걸치고 아이 데린 일본 아낙네들의 모습에 오늘의 양식이 아득해서 침울해졌다.",
		"summary2": null,
		"summary3": "언덕비탈을 올라가느라니까 서편을 등진 일본집들이 시원하게 문에다가 발을 쳐놓았고 문앞에는 날아갈 듯이 유까다를 걸치고 아이 데린 일본 아낙네들이 저녁 후에 이쑤시개를 문 채 집집이 나와서 서 있다. 그러나 한 발 두 발 집에 가까와가며 ‘명일’보다는 오늘의 양식이 아득해서 도로 침울해졌다.",
		"summary_3_cnt": 163
	}
}