{
	"Meta(Acqusition)": {
		"doc_id": "REPORT-literature-07475",
		"doc_category": "REPORT",
		"doc_type": "literature",
		"doc_name": "망국인기",
		"author": "김동인",
		"publisher": null,
		"publisher_year": null,
		"doc_origin": "저작권위원회"
	},
	"Meta(Refine)": {
		"passage_id": "REPORT-literature-07475-07475",
		"passage": " 1억의 사반분의 일이라는 수효를 차지하고 있는 조선인의 움직임은 일본의 운명을 좌우할 수 있는 절대적인 존재다. 공식적인 ‘만들어라, 보내라, 이겨라’ 등의 선전이며, 지금 당국이 장려 하는 따위의 시국소설 등은 조선인은 ‘또 그 소리지’쯤으로읽지부터 않 는다. 더욱이 국어 일본어로 쓴 소설은 조선 총인구의 절대 다수를 차지하 고 있는 농부나 여인이나 노인은 알아보지도 못한다. 즉 무의미한 것이다. 한 개 작가단의 조직을 공인하라. 그리고 언문(한글) 작품 검열을 완화하 라. 그 작품 언문의 내용이 건실하여 능히 국민 사상을 강건하게 할 만한 것이면 이를 허가하고 장려하라. 지금 당국에서 종이를 배급 주고 재정적과 정신적으로 보조하고 장려하는 많은 소위 시국소설 등은 무슨 효과를 보이 고 있는가. 억지로 떠맡기고 안겨주니 받기는 받지만, 읽지도 않고 그냥 버 리는 형편이다. 대중이 신용하는 작가를 동원하여, 대중이 읽을 줄 아는 글(조선어)로서 대중이 흥미 있게 읽을 수 있는 소설을 제작하게 하여, 은연중 대중에게서 나약한 사상을 제거하고 강건한 사상을 가지게 하여, 이 난국을 돌파할 수 있는 강건한 국민이 되게 되도록. 방금 당국에서 박멸하고자 하난 대(對) 조선어의 방침과는 배치되는 바 있 으나, 5,000년의 역사를 가진 조선어가 없어질 것도 아니거니와, 방금 절박 한 이 시국에 있어서, 조선어 박멸쯤은 뒤로 밀고라도 국민 사상 강건화를 급속히 하는 것이 급무일 줄 안다.\n",
		"passage_Cnt": 727
	},
	"Annotation": {
		"summary1": "당국의 대조선어 방침과는 배치되지만 이 절박한 시국에 있어서는 국민사상 강건화를 서두르는 것이 급무일 줄 안다.",
		"summary2": null,
		"summary3": "방금 당국에서 박멸하고자 하난 대(對) 조선어의 방침과는 배치되는 바 있 으나, 5,000년의 역사를 가진 조선어가 없어질 것도 아니거니와, 방금 절박 한 이 시국에 있어서, 조선어 박멸쯤은 뒤로 밀고라도 국민 사상 강건화를 급속히 하는 것이 급무일 줄 안다.",
		"summary_3_cnt": 145
	}
}