{
	"Meta(Acqusition)": {
		"doc_id": "REPORT-literature-07381",
		"doc_category": "REPORT",
		"doc_type": "literature",
		"doc_name": "꿈 - 세째권",
		"author": "이광수",
		"publisher": null,
		"publisher_year": null,
		"doc_origin": "저작권위원회"
	},
	"Meta(Refine)": {
		"passage_id": "REPORT-literature-07381-07381",
		"passage": " \"아이 어떡허면 좋아, 이 일을 어떡허면 좋소.\" 하고 달례가 조신의 말을 중동을 잘라 버렸다. \"어머니, 모례가 무에요?\" 달보고가 애를 썼다. 미력이가 달보고의 귀에 입을 대고, \"모례가 사랑에 든 서울 손님아. 수염 긴 양반은 원님이고 수염 조금 나 고 얼굴이 옥같이 하얀 양반이 모례아.\" 하고 설명해 준다. 달례는 음식을 차리러 부엌에 내려 갔다. 꿩을 뜯고 사슴의 고기를 저미 고, 달례는 바빴다. 달보고는 부지런히 물을 길어 들였다. 조신은 술과 주 안상을 들고 사랑으로 들락날락하였다. 나중에는 어찌되든지 당장 할 일은 해아 하겠고, 또 태연 자약한 빛을 보이는 것이 죄를 벗어날 길이라고도 생 각하였다. \"호, 꿩을 잘 구웠는걸. 사슴의 고기도 잘 만지고. 아손, 이런 산촌 음식 으로는 어지간하지 않소? 이것도 좀 들어보시오.\" 원은 벌써 얼근하게 주기를 띄고 이런 말을 하였다. 그러나 모례는 아무리 술을 마셔도 취하지 않는 모양이요, 말도 많이 하지 아니하였다. 조신은 이 좌석에서 하는 말을 한 마디도 아니 놓치려고 그런 눈치 아니 채울 이만큼 귀를 귀울였다. \"엇네, 주인도 한 잔 먹소.\" 원은 더욱 흥이 나는 모양이었다. \"이봐라, 네 이 큰 잔에 한 잔 그득히 부어서 주인 주어라.\" 통인이 큰 잔에 술을 부어서 조신을 주었다. \"황송하오.\" 하고 조신은 술을 받아 외면하고 마시고는 물러나올 때에 아전이 달려 와 서, \"사또 안전에 형방 아전 아뢰오.\" 하고 문 밖에서 허리를 굽혔다.\n",
		"passage_Cnt": 739
	},
	"Annotation": {
		"summary1": "이 좌석에서 하는 말에 귀 기울이던 조신에게 흥이 난 원은 큰 잔에 술을 부어 주라고 통인에게 말했다.",
		"summary2": null,
		"summary3": "\"엇네, 주인도 한 잔 먹소.\" 원은 더욱 흥이 나는 모양이었다. \"이봐라, 네 이 큰 잔에 한 잔 그득히 부어서 주인 주어라.\" 통인이 큰 잔에 술을 부어서 조신을 주었다. 조신은 이 좌석에서 하는 말을 한 마디도 아니 놓치려고 그런 눈치 아니 채울 이만큼 귀를 귀울였다.",
		"summary_3_cnt": 155
	}
}