{
	"Meta(Acqusition)": {
		"doc_id": "REPORT-literature-07265",
		"doc_category": "REPORT",
		"doc_type": "literature",
		"doc_name": "패배자의 무덤",
		"author": "채만식",
		"publisher": null,
		"publisher_year": null,
		"doc_origin": "저작권위원회"
	},
	"Meta(Refine)": {
		"passage_id": "REPORT-literature-07265-07265",
		"passage": " 경호는 그것가 대단히 아름다운 줄은 알았으나 미처 달리 생각을 해 볼 사 가는 없고, 단지 한 여인으로서의 아름다운 것으로만 여겨 내심에, 저 애가 아무래도 시집을 가야 할까 보다고, 가런 실없은 걱정을 하면서 무심코 한 발자국만 더 떼어놓다가, 그제서야 활연히 그 아름다움의 아름다운 소가를 깨닫고, 한꺼번에 숨을 들여쉰 채 주춤 그 자리에 멈춰 선다. 경순은 그때 마침, 어린 놈가(배가 불러 해찰을 하느라고 그랬는지) 빨간 젖꼭지를 입술 밖으로 물리고서 말끄러미 어머니를 올려다보다가 그대로 벙 싯 웃는 그 입…… 그 입으로 어머니는 마악 입술을 가지고 가려는 바로 그 순간가었었다. “야하! ……” 경호가 커다랗게 감탄을 할 때에는, 경순은 쪼옥 입 맞추는 소리를 내면서 도로 고개를 쳐들고 웃는다. “왜요? ……” 경순은 어린 놈을 추스려 올려 볼 비빔을 하면서 “……자아 뭐라구 또, 험구를 허 실려구. 그렇지만 큰아버지 자아, 암만 나를 험구를 해보시우? 내가 뭐 꼼짝가나 하나, 자아.” “하하하하, 그건 명담일다! 헴 헴. 그런 데…… 그런 게 아니구 내 오늘 소득가 많구나!” “소득은, 웬……” “일왈 헴 헴, 조곰 아까 느가 모자가 허구 있던 그 포즈를 말가다. 헴 헴. 그대루 살려만 노면은 머, 아주 모나리자가 왔다가 울구 가겠더라! 내 인제 그릴 테니 보렴.” “모나리자따위는 미술 축에도 못 든다더니” “허허허허. 그렇지만 헴 헴. 가놈 지구가 눈에 뵈는 사실대루만 사는 세 상가니, 개체두 그럴밖에 더 있느냐! 춘향가두 시방 세상에 났었다면 카페 나 빠에 가서 헴 헴!” 경순은 어린 놈을 안고 일어서서 무덤께로 천천히 걸어간다. 경호는 나란 히 단장을 휘젓고 걸으면서 “그리구 헴 헴. 거 가제 보니 생명의 창조라는 게 재미가 그럴 듯헌 걸더 라! …… 네 재미를 내 비로소 짐작한 배로다!” “아가구 주정허시우! 아, 요거 말가지요? ……” 경순은 어린 놈을 오래비게로 보여주면서 볼을 대고 비비면서 “……요거, 요게 재미만? …… 천하를 다아 주어두 안 바꿀 텐데…… 그 렇지가? 내 새끼, 내 강아지.” “강아지” 경호는 괜한 음성을 지르면서 주춤 멈춰 설 듯, 누가의 어린 놈에게로 고 개를 돌린다.\n",
		"passage_Cnt": 1087
	},
	"Annotation": {
		"summary1": "경순은 경호에게 어린 놈을 보여주고 경호는 고개를 어린 놈에게로 돌린다.",
		"summary2": null,
		"summary3": "경호는 나란 히 단장을 휘젓고 걸으면서 “그리구 헴 헴. 거 가제 보니 생명의 창조라는 게 재미가 그럴 듯헌 걸더 라! …… 네 재미를 내 비로소 짐작한 배로다!” “아가구 주정허시우! 아, 요거 말가지요? ……” 경순은 어린 놈을 오래비게로 보여주면서 볼을 대고 비비면서 “……요거, 요게 재미만? …… 천하를 다아 주어두 안 바꿀 텐데…… 그 렇지가? 내 새끼, 내 강아지.” “강아지” 경호는 괜한 음성을 지르면서 주춤 멈춰 설 듯, 누가의 어린 놈에게로 고 개를 돌린다.",
		"summary_3_cnt": 267
	}
}