{
	"Meta(Acqusition)": {
		"doc_id": "REPORT-literature-07678",
		"doc_category": "REPORT",
		"doc_type": "literature",
		"doc_name": "독와사",
		"author": "김정진",
		"publisher": null,
		"publisher_year": null,
		"doc_origin": "저작권위원회"
	},
	"Meta(Refine)": {
		"passage_id": "REPORT-literature-07678-07678",
		"passage": "한 치각은 숙자의 옆으로 바짝 달겨들며 손을 들어서 숙자의 어깨 위에 얹 는다.\n“왜 사람이 그렇게 수줍어? 학교에 다닌다는 사람이 오늘은 나하고 여기 서 이야기나 하다가 놀다가 들어가지” 하며 숙이고 있는 숙자의 얼굴을 들 여다본다.\n숙자는 한 치각의 손을 어깨에서 물리치며 “저리 가세요, 남을 속여서 이 게 무슨 짓이에요?” 하며 숙자는 다시 몸을 피하려 한 치각의 옆에서 빠져 나가려 한다.\n한 치각은 두 손을 벌려 숙자의 몸을 막으며 하하 웃는다.\n“어디로 달아날 텐고? 누가 숙자를 어쩌나? 사람도 하하.” 한 치각은 새장 안에 갇힌 새를 놀리듯이 숙자의 앞을 이리저리 막지르며 넓은 방을 돌아다닌다.\n숙자는 처음에는 무서움과 위협을 느끼어 마음이 울렁거릴 뿐이었으나 한 치각이 자기를 이리저리 막지르며 놀라는 것을 당하니 어린 생각에도 한편 으로는 반항의 기분이 일어나게 되어 앳된 소리로 “왜 이러셔요? 나는 집 으로 갈 테예요. 사람을 속여서 이런 에로 끌고 나와서” 하며 한 치각의 앞 을 홱 지나서 미닫이를 또 연다.\n한 치각은 얼굴에 비웃는 웃음을 나타내며 또 숙자의 옆으로 덤비어 든다.\n숙자는 힘을 다하여 덧문을 내밀었으나 문짝은 조금도 움직이지 아니한다.\n73회 숙자는 함정에 빠졌다 인가를 멀리 떨어진 성북동 퇴락한 정자 집 속에서는 숙자의 순결한 처녀 의 몸이 정욕에 날뛰는 색마 앞에서 최후의 가련한 무도를 계속하고 있다.\n성북동 깊은 골에는 벌써 밤빛이 두 둘리어 온다. 한 치각은 어두워 오는 빈 방안에서 솔개가 병아리를 쫓듯이 숙자의 몸을 쫓으며 밤빛을 따라서 춤을 추는 악마 같이 한 치각의 두 눈에는 시뻘건 정욕의 핏줄이 서고 입에는 침 이 마르고 인간이 가진 모든 이지는 점점 사라져 간다. 한 치각의 체내에는 다만 불길 같이 치미는 성욕의 충동만이 움직이고 있을 뿐이다.\n",
		"passage_Cnt": 905
	},
	"Annotation": {
		"summary1": "새장에 갇힌 새를 놀리는 듯한 한 치각의 손을 물리치며 숙자는 몸을 피해 덧문을 힘껏 내밀었으나 문짝은 움직이지 않았다.",
		"summary2": null,
		"summary3": "“어디로 달아날 텐고? 누가 숙자를 어쩌나? 사람도 하하.” 한 치각은 새장 안에 갇힌 새를 놀리듯이 숙자의 앞을 이리저리 막지르며 넓은 방을 돌아다닌다. 숙자는 힘을 다하여 덧문을 내밀었으나 문짝은 조금도 움직이지 아니한다. 숙자는 한 치각의 손을 어깨에서 물리치며 “저리 가세요, 남을 속여서 이 게 무슨 짓이에요?” 하며 숙자는 다시 몸을 피하려 한 치각의 옆에서 빠져 나가려 한다.",
		"summary_3_cnt": 219
	}
}