{
	"Meta(Acqusition)": {
		"doc_id": "REPORT-literature-07430",
		"doc_category": "REPORT",
		"doc_type": "literature",
		"doc_name": "어둠",
		"author": "강경애",
		"publisher": null,
		"publisher_year": null,
		"doc_origin": "저작권위원회"
	},
	"Meta(Refine)": {
		"passage_id": "REPORT-literature-07430-07430",
		"passage": " “어머님께서는 당분간 숨겨다 오 누이야!” 그는 부지중에 털썩 주저앉았 다. 비록 오빠가 감옥에 있다 할지라도 모든 일을 이리 가르쳐 주었는데 이 제부터는 누구의 지시를 받나! 우선 어머님께는 뭐라구 하나, 오빠 나는 어 찌라우. 그는 발버둥 쳤다. 어젯밤에도 이리 와서 어머니는 차마 만나지 못하고 간 것이다. 어머니만 뵈오면 울음이 탁 나가서 아무리 숨길래야 숨길 수 없음을 깨달은 것이다. 그렇다고 언제까지나 어머님을 만나지 않을 수는 도저히 없는 일이고 내가 좀 대담해야지, 좀 더 침착해야지 하고 가만히 일 어났다. 대문을 붙들고 어머니! 하고 부르려니 벌써 눈등이 무거워지고 목 이 꽉 메어 음성이 나가지 않는다. 그는 눈등을 한 번 부비고 얼결에 대문을 쿵 받았다. “누구냐!” 어머니의 음성이 흘러나온다. 그는 얼른 몸을 피하렸으나 울음이 왁 나오 면서 픽 쓰러졌다. 아득히 들리는 신발소리. 그는 혀를 꼭 물고 발딱 일어 났다. 이제야말로 정신을 차려서 어머니를 대하지 않으면 안되리라 하였 다. 대문이 삐꺽 열리면서 어머니의 흰옷이 새하얗게 보인다. 그는 아뜩하 였으나 두 손에 힘을 주어 울타리를 꼭 붙들고 “나! 나야 흑!” 말 끝에 흑 소리가 턱을 차고 내달린다. 얼른 목을 꼭 쥐어 비틀고 섰노라 니, “서울서 소식 없니!” 하고 어머니는 딸의 곁으로 다가선다. 소르르 건너오는 잎담배 내에 그는 주춤 물러서며 얼굴을 울타리에 돌려대고 힘껏 부비쳤다. 나무판자 울타리 에서 뜨끔 찔리는 볼, 그는 볼에 무엇이 들어박히는 것을 느끼면서도 울음 은 자꾸만 쓸어 나오려고 한다.\n",
		"passage_Cnt": 784
	},
	"Annotation": {
		"summary1": "어머니만 뵈오면 오빠가 감옥에 있다는 사실에 울음이 나가서 차마 어머니를 만나지 못하고 간 것이다.",
		"summary2": null,
		"summary3": "비록 오빠가 감옥에 있다 할지라도 모든 일을 이리 가르쳐 주었는데 이 제부터는 누구의 지시를 받나! 어젯밤에도 이리 와서 어머니는 차마 만나지 못하고 간 것이다. 어머니만 뵈오면 울음이 탁 나가서 아무리 숨길래야 숨길 수 없음을 깨달은 것이다.",
		"summary_3_cnt": 138
	}
}