{
	"Meta(Acqusition)": {
		"doc_id": "REPORT-literature-07244",
		"doc_category": "REPORT",
		"doc_type": "literature",
		"doc_name": "해상(海上)의 쾌인(快人) 안용복(安龍福)",
		"author": "차상찬",
		"publisher": null,
		"publisher_year": null,
		"doc_origin": "저작권위원회"
	},
	"Meta(Refine)": {
		"passage_id": "REPORT-literature-07244-07244",
		"passage": " 용복은 백기주로 가서 그 주의 토주관(土主官)을 보고 더욱 강경한 태도로 일본 어부들의 불법한 행동과 또 오랑도주(五郞島主)가 자기에 대한 무례한 학대를 한것 등의 여러가 지의 전후 사실을 들어 말을 하니 토주관이 크게 감격하여 용복을 융숭하게 대접하고 그의 분노를 풀어 주고 위로하기 위하 여 은(銀)과 기타 여러가 지 선물을 주니 용복은 그것을 다 거절하고 말하되 \"내가 원래에 뜻한 바는 이후로부터 영구히 우리 울릉도를 침해하지 않고 두 나라가 서로 국제적 위의(國際的威儀)를 상하지 말도록 하자는 것이지 그까짓 보물같은 것은 내가 바라는 바가 아니오.\" 하니 도주가 더욱 그의 의(義)에 감복하여 드디어 관백(關伯)에 까지 올려 서 울릉도가 일본 땅이 아니라 한국 땅이란 것과 이후에 일본인이 그 땅에 침입하는 것을 엄금하겠다는 약정서(約定書)까지 작성하여 주고 또 용복에 게 전후의 잘못된 것을 사과하였다. 일이 이와같이 잘 진행되고 보니 용복은 자기의 소망을 성취시켰다하는 기 쁨을 마음에 가득히 안고 고국으로 돌아 갈려고가을 떠났다. 창파만경(蒼波萬頃)에 외로운 배를 저어 하루 이틀 항해를 하다가 중도에 장기(長崎)에 들리니 장기의 도주는 본래대마도 주(對馬島主)로부터 안용복 을 처치해 버리라는 내약이 있었으므로 용복을 잡아 가두고 가진 모욕과 학 대를 하며 백기도주로부터 받은 약정서(約定書)까지 강탈하고 잡아서 대마 도로 호송하였다. 그리고 강호막부(江戶幕府)에 그 의견을 물으니 막부에서 는 다시 약정서를 보내주며 울릉도를 다시 침략치 말고 용복을 본국으로 잘 호송하라고 지령이 내렸다.\n",
		"passage_Cnt": 790
	},
	"Annotation": {
		"summary1": "항해 도중 장기에 들린 안용복은 약정서를 강탈당하고 대마도로 호송되었다.",
		"summary2": null,
		"summary3": "창파만경(蒼波萬頃)에 외로운 배를 저어 하루 이틀 항해를 하다가 중도에 장기(長崎)에 들리니 장기의 도주는 본래대마도 주(對馬島主)로부터 안용복 을 처치해 버리라는 내약이 있었으므로 용복을 잡아 가두고 가진 모욕과 학 대를 하며 백기도주로부터 받은 약정서(約定書)까지 강탈하고 잡아서 대마 도로 호송하였다.",
		"summary_3_cnt": 171
	}
}