{
	"Meta(Acqusition)": {
		"doc_id": "REPORT-literature-07590",
		"doc_category": "REPORT",
		"doc_type": "literature",
		"doc_name": "왕부의 낙조",
		"author": "김동인",
		"publisher": null,
		"publisher_year": null,
		"doc_origin": "저작권위원회"
	},
	"Meta(Refine)": {
		"passage_id": "REPORT-literature-07590-07590",
		"passage": "그 숨이 문득 끊겼다. 왕의 마음이 철썩 내려앉는 순간, 아직껏 좀 가볍던 공주의 몸이 천근같이 무거워졌다.\n“공주! 공주!” 예기는 하였지만 이 의외의 사변에 왕은 공주의 몸을 안은 채 어쩔 줄을 모르고 공주만 연하여 찾았다.\n이동안 국모 대장공주의 승하를 조상하는 애곡성이 태후며 혜비 이씨들에게서 터져 나왔다.\n× 이튿날 국상은 정식으로 반포되었다.\n공민왕 십사년 이월, 아직도 매운 바람이 몸을 에이는 겨울이었다.\n× 긴 듯하고도 짧은 생애. 짧은 듯하고도 긴 생애.\n왕이 아직 한낱 고려 종실로서 백안첩목아(伯顔帖木兒)라는 몽고의 이름으로 원(元)나라 서울에 잠저(潛邸)해 있을 때에 원나라 황제의 어명으로 원나라 종실 위왕(魏王)의 딸을 안해로 맞았다.\n즉 이번에 승하한 대장공주였다. 후에 본국 고려로 돌아와서 충정왕(忠定王)의 뒤를 이어 고려 국왕이 된 이래 십사 년 간을 변함없이 사랑하던 왕비였다.\n즉위 이래 십사 년 간 어지러운 고려의 정파(政波)에 올라앉아서 파란 많은 생애를 보낼 동안 사랑하는 공주의 내조만 없었더면 왕은 이 왕위를 내어 던지고 공주와 함께 어느 조용한 곳에 사랑의 보금자리를 찾으러 떠났을 것이다.\n동과 서와 남쪽의 해변으로는 왜적의 난이 끊이지 않는 일면에 또한 북쪽으로는 홍건적(紅巾賊)의 난이 있어서 그편도 한때도 평안한 날이 없이, 어떤 때는 왕이 멀리 상주까지 몽진을 한 일까지 있었다. 이렇듯 동, 남, 서, 북으로 외구의 환이 끊일 날이 없으면서 또한 안으로는 내란이 끊이지를 않았다.\n",
		"passage_Cnt": 751
	},
	"Annotation": {
		"summary1": "매운 바람이 몸을 에이는 겨울 공주가 승하하고 국상은 정식으로 반포되었다.",
		"summary2": null,
		"summary3": "왕의 마음이 철썩 내려앉는 순간, 아직껏 좀 가볍던 공주의 몸이 천근같이 무거워졌다. 이동안 국모 대장공주의 승하를 조상하는 애곡성이 태후며 혜비 이씨들에게서 터져 나왔다. 공민왕 십사년 이월, 아직도 매운 바람이 몸을 에이는 겨울이었다. × 이튿날 국상은 정식으로 반포되었다.",
		"summary_3_cnt": 158
	}
}