{
	"Meta(Acqusition)": {
		"doc_id": "REPORT-literature-07504",
		"doc_category": "REPORT",
		"doc_type": "literature",
		"doc_name": "원한(怨恨)의 농성(籠城)",
		"author": "차상찬",
		"publisher": null,
		"publisher_year": null,
		"doc_origin": "저작권위원회"
	},
	"Meta(Refine)": {
		"passage_id": "REPORT-literature-07504-07504",
		"passage": "원한(怨恨)의 농성(籠城) 때는 인조(仁祖) 십 사년 병자(丙子) 십이월 십사일. 만호장안 한양성 중은 금시에 법석거리며 물 끓듯 하였다. \"난리 ─.\" \"난리 ─.\" \"되놈이 지금 경기 땅을 들어 섰다지?\" \"경기 땅이 무엇이야 되놈의 군사가 시방 창의문 밖에 진을 치고 있어, 남녀 노유를 물론하고 보이는 대로 막 묶어 간다네.\" 이렇게 온 성 중 배성들은 모두 쑥덕거리었다. 요 근자 며칠을 두고 무학재 봉수대에는 봉화불이 끊일 새 없고 서도에서 달려오는 역마의 말방울 소리는 귀를 요란스럽게 하였다. 노병(虜兵〓청나라 군사)이 구일에 창성(昌城)을 넘어서 서울을 향하여 올 라 갔다는 의주부윤 임경업(林慶業)의 장계(狀啓)가 올라온 것이 지난 십일 일, 이어서 그 다음 날인 십이일에는 적이 안주(安州)를 지나 갔다는 도원 수(都元帥) 김자점(金自點)의 장계가 왔고, 또 십삼일에는 평양, 십사일에 는 중화(中和), 그날 저녁에는 장단(長端), 이렇게 순차로 장계가 올라왔 다. 적군이 국경을 건너선 지 불과 오륙일 사이에 서울 근방에 까지 이르렀다. 워낙 방비가 미약한 까닭에 아무도 나서서 이를 저항하는 사람이 없었다.\n더욱 우스운 것은 장단 부사(長端府使) 황직(黃稷)은 적군에게 잡히어 머리 를 깎이고 졸오(卒伍)에 편입되어 꾸벅꾸벅 딸리어온 일까지 있었다. 이와 같이 아무 거칢 없이 무인지경으로 들어온 것이다. 종로 네거리를 위시하여 남대문 일대와 그리고 수구문 동대문 동소문을 통 하는 큰 길거리에는 피난가는 사람으로 길이 메었다. 남부여대하고 울며 불 며 달아나는 군중, 세간과 양식들을 실은 마바릿떼, 태평을 누리고 번화를 자랑하던 서울은 어느덧 수라장으로 변하고 말았다. 아아 처참한 이 광경! 이야기가 좀 옆길로 가지만, 대관절 이번 이 사변이 어찌하여 생겼는지 여 기에 대하여 궁금히 생각하는 이가 있겠기에 먼저 이번 일이 일어난 데서부 터 잠간 이야기하고자 한다.\n",
		"passage_Cnt": 949
	},
	"Annotation": {
		"summary1": "종로 네거리를 위시하여 남대문 일대와 동대문을 통하는 큰 길거리에는 피난 가는 사람들로 길이 메어 번화를 자랑하고 태평을 누리던 서울을 어느덧 수라장으로 변했다.",
		"summary2": null,
		"summary3": "남부여대하고 울며 불 며 달아나는 군중, 세간과 양식들을 실은 마바릿떼, 태평을 누리고 번화를 자랑하던 서울은 어느덧 수라장으로 변하고 말았다. 종로 네거리를 위시하여 남대문 일대와 그리고 수구문 동대문 동소문을 통 하는 큰 길거리에는 피난가는 사람으로 길이 메었다.",
		"summary_3_cnt": 150
	}
}