{
	"Meta(Acqusition)": {
		"doc_id": "REPORT-literature-07326",
		"doc_category": "REPORT",
		"doc_type": "literature",
		"doc_name": "사의행렬",
		"author": "이무영",
		"publisher": null,
		"publisher_year": null,
		"doc_origin": "저작권위원회"
	},
	"Meta(Refine)": {
		"passage_id": "REPORT-literature-07326-07326",
		"passage": "그들은 앞을 다투어 죽음의 길을 헤치는 것이었다. “제5대! 무슨 말이냐!” “제10대! 빨리” 앞뒤옆에서 재촉이 성화같다. 어쩌다 몸이 대열에서 조금 비져나가기 만 해도 몽둥이가 어깨뼈에 올리었다. 그래도 누구하나‘아이쿠’소리 이 외에는 단 한마디도 못하는 것이었다. 그날 밤은 비까지 주룩주룩 내리고 있었다. “비가 와도 갑니까?” 하고 누가 물었다. “비가 오니까 가아지!” 지금은 밤에도 비행기가 뜨니까 하는 소리였다. “이놈의 자식들은 귀골이니까…” 비가 오는 날이면 낮에는 행군을 하기로 되어 있었다. “젠장! 뭐 몸이 달아서 비 오는 날에두 죽음길을 가아 한다니.” 누군지가 투덜대는 소리를 듣고는 또 벼락이 내리었다. “어떤 놈이냐!” 비는 더욱 처량스럽다. 모자라고 쓴 사람은 한 사람도 없었다. 대부분이 이십여 일씩 어둠 속에서 살았었다. 개중에는 서울이 붉어지기 전에 납치된 사람도 있었다. 그러나 모두 다 한 달씩이나 된 머리들이다. 귀를 덮는 머리 는 비를 맞아 온 얼굴을 덮었다. 아무리 여름이라곤 하지마는 깊은 밤이었 고 또 산속이었다. 거기에 찬 비다. 여기저기 대열에서 재채기 소리가 난다. “여보, 괘니 큰일 날려구 그러우?” “왜?” “대한민국식 재채기는 금물아.” “호호, 소련식 재채긴 어떻구?” “소련식 재채긴 앳치 ─ 김일성 ─ 하기두 하구, 앳치 스탈린 하기두 ─” “쉬 ─” 뚝 그쳤다. 그래도 들은 모양이었다. 소름이 쪽 끼치는 악이 덜미를 친다. 혁도 인제 는 다른 반동자들과 똑같은 생리였었다. 감정과 신경, 시각과 청각 ─ 모든 생리가 과거 오 년 간 같이 호흡하고 같이 생활해온 공산주의자와는 이상하 게도 생리적으로 달라진 자신을 발견하는 것이었다. 다른 모든 반동분자의 증오가 곧 자기의 신경을 통해서 짜릿짜릿 이 생리적 고통을 가져다준다.\n",
		"passage_Cnt": 894
	},
	"Annotation": {
		"summary1": "성화와 같은 재촉으로 그들은 대열에서 몸이 조금도 비져나갈 수 없었으며 비가 오는 밤에도 죽음의 길을 헤쳐야 했다.",
		"summary2": null,
		"summary3": "그들은 앞을 다투어 죽음의 길을 헤치는 것이었다. “제5대! 무슨 말이냐!” “제10대! 빨리” 앞뒤옆에서 재촉이 성화같다. 그날 밤은 비까지 주룩주룩 내리고 있었다. “비가 와도 갑니까?” 하고 누가 물었다. “비가 오니까 가아지!” 지금은 밤에도 비행기가 뜨니까 하는 소리였다. 어쩌다 몸이 대열에서 조금 비져나가기 만 해도 몽둥이가 어깨뼈에 올리었다.",
		"summary_3_cnt": 204
	}
}