{
	"Meta(Acqusition)": {
		"doc_id": "REPORT-literature-07330",
		"doc_category": "REPORT",
		"doc_type": "literature",
		"doc_name": "허영",
		"author": "홍난파",
		"publisher": null,
		"publisher_year": null,
		"doc_origin": "저작권위원회"
	},
	"Meta(Refine)": {
		"passage_id": "REPORT-literature-07330-07330",
		"passage": " 아, 박 백작! 그러면 동대문 안 사는 이요? 네, 알겠읍니다……그런데 지금 부인께서 그이에게 무슨 봉욕을 당하지 않으셨읍니까? 네 봉욕이요?…… 그런 것이 아니라 실상은 제가 저 나무 뒤에서 다 들었읍니다. 빼앗기신 물건은 곧 찾아드릴 터이니 아무 염려 마십시오. 이 말을 듣던 정자 부인은 얼굴빛이 푸르렀다, 붉어졌다 한다. 이 경우를 당한 이상에는 체면이고 지위이고 생각할 여가가 없다. 그러나, 옥지가 그 물건을 찾아다 주겠다는 말에는 저으기 안심되어 박 흥식이와 이 때까지 지 내 오던 관계와 지금 봉욕하던 말을 일일이 말하였다. 정자 부인의 이야기를 다 들은 옥지는 곧 흥식의 뒤를 쫓아갔다. 가까이 접근한 옥지는, 여보세요! 여보세요! 흥식이는 뒤를 흘끔 돌아다 보더니 옥지가 쫓아옴을 보고 깜짝 놀래어서 주춤하고 섰다. 무슨 하실 말씀이 있읍니까? 네, 다른 것이 아니고요. 저 잠깐 여쭈어 볼 말씀이 있는데요. 무슨 말씀이십니까? 혹시 부인네 진주목걸이를 보신 일이 없읍니까? 진주목걸이? 그런 것은 본 일이 없습니다. 그러면 무슨 편지 같은 것을 떨어뜨리신 일도 없어요? 흥식이는 주머니를 뒤적뒤적해 보더니 시치미를 뚝 떼고, 그런 일도 없는데요…… 여보셔요, 그렇게 말씀하실 것이 아니라 제가 다 알고 있는 일이니까요, 얻으신 것이 있거든 제게로 주십시오. 글쎄 얻은 것도 없고 잃은 것도 없어요. 당장에 지금 어떤 부인이 진주목걸이를 잃어버리고 큰 걱정을 하고 있는 데 그렇게 말씀하십니까? 아니, 어떻게 하시는 말씀입니까. 그러면 내가 그 진주목걸이를 훔쳤다 는 말씀이시오? 하고 흥식이는 성을 버럭 내었다.\n",
		"passage_Cnt": 803
	},
	"Annotation": {
		"summary1": "박흥식과의 관계와 봉욕하던 말을 다 들은 옥지가 쫓아옴을 본 흥식이는 깜짝 놀래어서 주춤하고 섰다.",
		"summary2": null,
		"summary3": "정자 부인의 이야기를 다 들은 옥지는 곧 흥식의 뒤를 쫓아갔다. 가까이 접근한 옥지는, 여보세요! 여보세요! 흥식이는 뒤를 흘끔 돌아다 보더니 옥지가 쫓아옴을 보고 깜짝 놀래어서 주춤하고 섰다. 그러나, 옥지가 그 물건을 찾아다 주겠다는 말에는 저으기 안심되어 박 흥식이와 이 때까지 지 내 오던 관계와 지금 봉욕하던 말을 일일이 말하였다.",
		"summary_3_cnt": 192
	}
}