{
	"Meta(Acqusition)": {
		"doc_id": "REPORT-literature-07302",
		"doc_category": "REPORT",
		"doc_type": "literature",
		"doc_name": "백세 노승의 미인담",
		"author": "신채호",
		"publisher": null,
		"publisher_year": null,
		"doc_origin": "저작권위원회"
	},
	"Meta(Refine)": {
		"passage_id": "REPORT-literature-07302-07302",
		"passage": "아비: 오늘 조정안에 너의 말한 정책을 실행할 만한 이가 누구냐? 행할 수 없는 말이야 쓸데 있느냐? 엽분: 쇤네가 아무 무엄한 말을 할지라도 용서하신다면 사람을 천거하겠습 니다.\n아비: 내가 너를 사랑하는 터에 무슨 말이나 용서할 것이 아니냐? 엽분: 쇤네에게 국정을 맡기십시오.\n노승의 아비가 그만 얼굴빛이 좋지 못하여지며 아무 말이 없었습니다. 그 러나 그 뒤에도 엽분을 사랑하시는 마음은 변치 안하여 매양 며느리를 삼 으려 하였으며, 노승도 엽분이가 아내가 되었으면 하였습니다.\n그러나 노승의 아비는 엽분을 항상 여 개 소문(女蓋蘇文)이라 이름하여 엽분 이 만일 남의 집이나 나라를 맡으면 아주 흥망의 판단을 낼 계집아이라 하 시며, 노승의 어미는 더욱 싫어하여 어디에서 온 뼈인지도 모르며 어찌 나 의 아들과 짝을 삼으리요 하여, 기쓰고 반대하며 노승 아비의 친구들도 그 말을 듣고는 놀라서 만일 네가 엽분을 며느리를……(이후 중간이 누락됨 )…… 노승이 황씨를 죽인 뒤에 비록 말은 하지 안했으나 속마음으로 “오냐 당 초에 잘못이다. 엽분과 부처되었다면 내가 이 지경이 되었겠느냐? 이번에는 돌아가 문벌이니 무엇이니 하는 것은 아주 접어버리고 엽분을 정실을 삼아 데리고 살리라 하였습니다……. 엽분이도 그런 눈치를 의례히 채울 지혜가 있지만, 그러나 이것도 저것도 다 싫다고 자살하고 말았습니다.\n엽분은 죽을 때까지 정결한 처녀였습니다. 그러나 이것이 정조를 지키느라 고 처녀로 있은 것이 아니라, 이 세상에는 내 서방될 사나이가 없구나 하고 교만한 마음에서 나온 일입니다. 그 자살한 때의 심사도 노승이 압니다.\n",
		"passage_Cnt": 798
	},
	"Annotation": {
		"summary1": "자살한 엽분은 죽을 때까지 정결한 처녀였으나 정조를 지키느라 그런 것이 아니라 자신의 서방 될 사나이가 이 세상에 없다는 마음에서 나온 일이다.",
		"summary2": null,
		"summary3": "엽분이도 그런 눈치를 의례히 채울 지혜가 있지만, 그러나 이것도 저것도 다 싫다고 자살하고 말았습니다. 엽분은 죽을 때까지 정결한 처녀였습니다. 그러나 이것이 정조를 지키느라 고 처녀로 있은 것이 아니라, 이 세상에는 내 서방될 사나이가 없구나 하고 교만한 마음에서 나온 일입니다.",
		"summary_3_cnt": 159
	}
}