{
	"Meta(Acqusition)": {
		"doc_id": "REPORT-literature-07574",
		"doc_category": "REPORT",
		"doc_type": "literature",
		"doc_name": "홍한녹수",
		"author": "최서해",
		"publisher": null,
		"publisher_year": null,
		"doc_origin": "저작권위원회"
	},
	"Meta(Refine)": {
		"passage_id": "REPORT-literature-07574-07574",
		"passage": "紅恨綠愁[홍한녹수] ──남은 꿈 “아씨 진지 잡수서요!” 하는 할멈의 소리를 어슴프레 들으면서 $2에 씌워서 힘없이 누었던 운경이는 열시가 지나서 눈을 떴다. 창문에는 밝은 가을 볕이 반이나 비치었다. 그것을 보고 시계를 쳐다본 운경이는 다시 눈을 감으면서 하품하였다. 사지가 늘신하고 정신이 흐릿하여 아침이거니 생각하면서도 그 기분은 아침 같지 않았다. 머리는 울린 뒤의 종같이 엥하였다. “편지받으시우!” 하는 소리가 귓결에 들리더니 미닫이 열리는 소리가 드르륵 나면서, “아씨 편지요!” 하는 것은 할멈의 소리였다. 그러나 윤경이는 못 들은 듯이 눈을 뜨지 않았다. 할멈이 미워서 그런 것이 아니라 자연 권태증이 나서 아무 대꾸도 하기 싫었다. “아이그 오늘이 공일인가? 왜 저렇게 주무셔.” 한참이나 아씨의 대답을 기다리던 할멈은 화가 났는지 혼자 중얼거리면서 미닫이를 닫고 나갔다. 할멈 간 뒤에도 한참 있다가 운경이는 또 눈을 떠서 시계를 쳐다보고 다시 눈을 감았다. 눈을 감았던 그는 다시 눈을 스르르 뜨더니 옴팍한 손 가느다란 손가락을 꼼지락거려서 머리 맡에 놓인 편지를 집었다. 그것은 연옥색 양봉투였다. 봉투를 잡은 그는 그리 대절한 것이 아니라는 듯이 빙그레하면서 쪽 찢더니 연분홍 종이에 잘디잘게 쓴 편지를 끄집어내었다. ……어젯밤 술기운은 아직도 남았으나 밝은 달 아래서 속삭이던 그 님은 어이 오지 않나니까? 오늘 오후에 찾으려 하오니 부디 기다려 주시기를…….\n",
		"passage_Cnt": 721
	},
	"Annotation": {
		"summary1": "할멈의 편지 받으라는 소리에 권태증이 난 윤경이 못 들은 듯 눈을 뜨지 않았다. ",
		"summary2": null,
		"summary3": "“편지받으시우!” 하는 소리가 귓결에 들리더니 미닫이 열리는 소리가 드르륵 나면서, “아씨 편지요!” 하는 것은 할멈의 소리였다. 그러나 윤경이는 못 들은 듯이 눈을 뜨지 않았다. 할멈이 미워서 그런 것이 아니라 자연 권태증이 나서 아무 대꾸도 하기 싫었다.",
		"summary_3_cnt": 146
	}
}