{
	"Meta(Acqusition)": {
		"doc_id": "REPORT-literature-07503",
		"doc_category": "REPORT",
		"doc_type": "literature",
		"doc_name": "공상구락부",
		"author": "이효석",
		"publisher": null,
		"publisher_year": null,
		"doc_origin": "저작권위원회"
	},
	"Meta(Refine)": {
		"passage_id": "REPORT-literature-07503-07503",
		"passage": " “남양의 음악을 들으면 난 조그만 섬에 가서 추장노릇을 하고 싶은 생각 이 버쩍 생긴단 말야.” 그 추장노릇의 준비 행동으로 코 아래 수염을 기르는 것일까. 총중에서 누 구보다도 가장 추장의 자격이 있다면 있을 천마는 음악에 잠기면서 꿈의 계 획을 피력하는 것이다. “─세상에서 가장 이상적인 부락을 맨들겠네. 섬에는 물론 새 문화를 수 입해서 각 부문에 전부 근대적 시설을 베풀고 한편으로는 농업을 힘써서 그 농업 면에도 근대화의 치장을 시키고 농업 면과 공업 면이 잘 조화해서 조 금도 어긋나고 모순되지 않도록 즉 부락민은 농사에 종사하면서도 도회면서 살 수 있도록─그러구 물론 누구나가 다 일해야 하구 일과 생활이 예술적으 로 합치되도록 그렇게 섬을 다스려보겠네. 노동이 있을 뿐 아니라 예술이 있고 음악이 있고 음악에 맞춰서 일이 즐겁고 수월하게 되는 부락─그 부락 의 추장노릇을 하고 싶은 것이 평생 원이야.” “그럴 법하긴 하나 원두 자네답게 왜 하필 추장노릇이란 말인가. 이왕 꿈 이구 공상이라면 좀 더 사치하고 시원스런 것이 없나. 공중을 훨훨 날아 본 다든지 하는 비행가가 되기가 내겐 천상 원인 듯하네. 꿈이 아니라 가장 가 능한 일인 것을 시기를 놓쳐 버리고 나니 별수 없이 공상이 되구 말았으 나.” 백구는 천마를 핀잔주듯이 말하면서 은연 중에 공상을 늘어놓는 셈이었다. “추장이니 비행기니 공상들두 왜 그리 어린애다운가. 어른은 어른답게 어 른의 공상을 해야 하잖나.” 청해의 차례이다 다른 . 동무들과 달리 그다지 부자유롭지 않은 처지에서 반드시 취직 걱정도 할 것 없이 안온하게 지내 가는 그가 문학서를 많이 읽 고 생활의 기쁨이라는 것을 유달리 느껴 오는 탓일까. 그렇지 않으면 남보 다 뛰어난 얼굴값을 하자는 수작일까. 하필 하는 소리가.\n",
		"passage_Cnt": 880
	},
	"Annotation": {
		"summary1": "천마는 음악에 잠기면서 조그만 섬에서 추장 노릇을 하고 싶다는 꿈의 계획을 피력했다.",
		"summary2": null,
		"summary3": "“남양의 음악을 들으면 난 조그만 섬에 가서 추장노릇을 하고 싶은 생각 이 버쩍 생긴단 말야.” 그 추장노릇의 준비 행동으로 코 아래 수염을 기르는 것일까. 총중에서 누 구보다도 가장 추장의 자격이 있다면 있을 천마는 음악에 잠기면서 꿈의 계 획을 피력하는 것이다.",
		"summary_3_cnt": 149
	}
}