{
	"Meta(Acqusition)": {
		"doc_id": "REPORT-literature-07235",
		"doc_category": "REPORT",
		"doc_type": "literature",
		"doc_name": "장벽(障壁)",
		"author": "계용묵",
		"publisher": null,
		"publisher_year": null,
		"doc_origin": "저작권위원회"
	},
	"Meta(Refine)": {
		"passage_id": "REPORT-literature-07235-07235",
		"passage": " 그러나, 그 처녀는 음전이의 이 말이 자기를 붙잡아 끌기나 하는 듯이 뒤 로 비실비실 피해 가며, “난 어즈께 너네 마당에 놀레 갔다가 엄매한테 욕까지 얻어 먹었다야!” 하고, 되지도 못한 소리를 한다는 듯이 눈을 둥글하게 뜬다. 아, 이 모욕! 음전이는 정신이 아찔했다. 그들과 자기와의 사이에는 이렇 게도 높다란 장벽이 여전히 가로 막혀 있는 것이다. 이 한 마당 모인 처녀 들이 일제히 트리나 한 듯이 자기와는 놀음의 상대가 되어서는 안된다. 완 전히 벗었다고 알던 옛날의 때(垢), 그것은 그냥 자기의 얼굴에 두드러지게 붙어 있는 듯이 같은 사람으로 대하여 주지 않는다. 섧다 할까 분하다 할까 뭐라고 할 수 없는 아픈 마음에 음전이는 어릿더 릿한 정신을 수습할 길이 없이 널 위에 그대로 선 채 어찌할 바를 모르고 멍하니 땅만 바라보다가 멋쩍게 슬며시 내려섰다. 그대로 이 널 위에서 내 려 선다는 것은 더욱이 자기의 모욕을 말하는 것 같았으니, 금시 터질 것같 이 가슴속에서 들먹이는 눈물을 참아낼 길이 없어, 그 위에서 눈물을 보인 다는 것은 그보다도 오히려 더한 모욕을 사는 것 같았음이로서였다. “아츰부터 놀레를 못 가서 서둘더니 너 와 발쎄 오네?” 불의에 돌아오는 음전이를 보고 그 어머니는 이상해 묻는다. 음전이는 열어 잡은 문고리를 채 놓지도 못하고 대답 대신 엉엉 하고 설 움을 터뜨린다. “아니 야레 이게 웬일이가!” 하고, 어머니는 의아한 눈이 더욱 둥글해진다.\n",
		"passage_Cnt": 724
	},
	"Annotation": {
		"summary1": "그 처녀가 눈을 둥글게 뜨며 음전이의 엄매한테 욕까지 얻어 먹었다고하자 음전이는 정신이 아득했다.",
		"summary2": null,
		"summary3": "그러나, 그 처녀는 음전이의 이 말이 자기를 붙잡아 끌기나 하는 듯이 뒤 로 비실비실 피해 가며, “난 어즈께 너네 마당에 놀레 갔다가 엄매한테 욕까지 얻어 먹었다야!” 하고, 되지도 못한 소리를 한다는 듯이 눈을 둥글하게 뜬다. 음전이는 정신이 아찔했다.",
		"summary_3_cnt": 144
	}
}