{
	"Meta(Acqusition)": {
		"doc_id": "REPORT-literature-07211",
		"doc_category": "REPORT",
		"doc_type": "literature",
		"doc_name": "선화공주",
		"author": "현진건",
		"publisher": null,
		"publisher_year": null,
		"doc_origin": "저작권위원회"
	},
	"Meta(Refine)": {
		"passage_id": "REPORT-literature-07211-07211",
		"passage": "눌문을 노리는 가느다란 눈엔 새파란 불길이 이는 듯, 이를 악물고 잇새로 말을 배앝았다. “네까짓 놈이, 네까짓 놈이 어디 언감생심 꽃 애기씨의 손톱 하나도 건드 렸으면 당장에 천참 만륙될 것. 그야 두말 할 게 있느냐! 네까짓 놈의 입길 에 꽃 애기 씨가 오르나리는 게 살이 떨린단 말이다, 피가 끓는단 말이다!” “원 별 놈의 별의별 소리를 다 듣겠구나. 꽃 애기씨 말만 들어도 네놈의 살이 떨릴 게 뭐란 말이냐? 그 따위 소리를 지망지망히 하다간 네놈의 목이 야말로 열이 있어도 보전을 못할 줄 모르느냐? 건방지고 무엄한 놈!” “오냐, 내 목숨이야 열이든 백이든 누가 네놈에게 염려를 하라느냐. 네놈 의 목숨이야 내 삼척 장검이 한 번 번득이면 가을 바람에 우수수 떨어지는 한 조각 썩은 잎. 그까짓 썩은 잎쯤 베혔기로 살인이나 될 법하냐.” “오, 나는 썩은 잎이고 네놈은 바루 금지옥엽이란 말이냐! 아무리 네 아 비가 이찬 지위에 올라앉아 서슬이 푸르다 해도, 내 칼에 묻은 네 몸의 피 는 씻어주기 어려울걸.” “이놈, 아무리 불학무식하기로 존장을 쳐들어 욕지거리!” 하고, 수품은 분통이 터져서 더 참을 수 없는 것 같았다. “나는 비록 군주(軍主)의 아들이다마는 너 같은 썩은 선비쯤 백 명이고 천 명이고 한칼에 무찌를 내다.” “어디!” 버럭 외마디 소리를 지르자 수품의 날카로운 칼끝은 눌문의 가슴을 향해 정통으로 짓쳐 들어왔다. “이게 겨우 칼 쓰는 법이냐!” 눌문은 비웃듯 한 마디를 던지고 여유작작하게 수품의 칼을 막아내었다.\n",
		"passage_Cnt": 757
	},
	"Annotation": {
		"summary1": "수품의 날카로운 칼끝이 눌문의 가슴을 향해 들어왔고 눌문은 비웃는 듯한 한마디를 던지며 여유롭게 칼을 막아내었다.",
		"summary2": null,
		"summary3": "“나는 비록 군주(軍主)의 아들이다마는 너 같은 썩은 선비쯤 백 명이고 천 명이고 한칼에 무찌를 내다.” “어디!” 버럭 외마디 소리를 지르자 수품의 날카로운 칼끝은 눌문의 가슴을 향해 정통으로 짓쳐 들어왔다. “이게 겨우 칼 쓰는 법이냐!” 눌문은 비웃듯 한 마디를 던지고 여유작작하게 수품의 칼을 막아내었다.",
		"summary_3_cnt": 175
	}
}