{
	"Meta(Acqusition)": {
		"doc_id": "REPORT-literature-07429",
		"doc_category": "REPORT",
		"doc_type": "literature",
		"doc_name": "사의행렬",
		"author": "이무영",
		"publisher": null,
		"publisher_year": null,
		"doc_origin": "저작권위원회"
	},
	"Meta(Refine)": {
		"passage_id": "REPORT-literature-07429-07429",
		"passage": "감정이 아니다. 그것은 육체적인 고통이었다. 과거 오년 간 ─ 특히 일년 간 이란 혁은 오로지 정신만으로 육체를 버티어왔었다. 사상으로 살아온 셈이 었다. 이 정신, 이 사상이 그에게 육체를 지배할 수 있는 신념을 주었던 것 이다. 그러나 지금 그는 그 사상도 잃고 있었다. 신념도 없어진 것을 깨달 았다. 대열 여기저기서 꿍꿍 앓는 소리가 들려오고 있다. 그것은 생리적인 고통 의 호소인 동시에 정신의 신음 소리였다. 인간의 권리와 자유를 빼앗은 공 산당에 대한 저주 그것이었다. 혁도 지금 그들과 똑같은 고통에 이를 악물 고 있는 것이었다. 혁은 하늘을 우러러 보았다. 빛이라고는 단 한 점이 없는 하늘 ─ 공산정치 그대로의 어둠이었다.\n하품이 난다. 으스스한 것이 열도 있나보다. “제발 병만 나지 말아라 ─” 이것이 이 슬픈 행렬 전체의 오직 하나인 염원이었다. 하루에 맨밥 한두 덩이를 얻어먹고는 밤을 새워 걷는다. 걷는다기보다도 그것은 낚시에 꼬이 어 끌려가는 생선 그대로의 고행이었다. 해가 뜨면 미처 숨도 돌릴 수 없는 폭격이었다. 어디서 어떻게 보는지 한두 사람만 번뜩해도 소리도 없이 급강 하를 하며 두르르 갈겨댄다. 폭격을 피하느라니 자연 굴이나 수수밭 고랑에 엎디어 쉬는 시간도 많았다. 그렇건만 그들은 죽음의 행진을 하는 밤이 오 히려 기다려지는 것이다. 쌔앵하는 그 금속성에 그들은 자기 뼈가 깎이는 것 같은 생리적 고통을 느끼는 것이었다. 혁도 인제는 완전히 반동분자들과 같은 생리였다. 혁도 낮보다는 밤이 그리웠다.\n",
		"passage_Cnt": 753
	},
	"Annotation": {
		"summary1": "과거 오 년간 혁은 오로지 육체를 지배할 수 있는 정신과 사상으로 버티어 왔던 것인데 지금 그 사상도 신념도 잃었다.",
		"summary2": null,
		"summary3": "그러나 지금 그는 그 사상도 잃고 있었다. 과거 오년 간 ─ 특히 일년 간 이란 혁은 오로지 정신만으로 육체를 버티어왔었다. 사상으로 살아온 셈이 었다. 이 정신, 이 사상이 그에게 육체를 지배할 수 있는 신념을 주었던 것 이다. 신념도 없어진 것을 깨달 았다.",
		"summary_3_cnt": 150
	}
}