{
	"Meta(Acqusition)": {
		"doc_id": "REPORT-literature-07424",
		"doc_category": "REPORT",
		"doc_type": "literature",
		"doc_name": "이런음악회(音樂會)",
		"author": "김유정",
		"publisher": null,
		"publisher_year": null,
		"doc_origin": "저작권위원회"
	},
	"Meta(Refine)": {
		"passage_id": "REPORT-literature-07424-07424",
		"passage": " 나도 두귀 를 막고 “재청!”를 연발했더니 내앞에 앉은 여학생 계집애가 고개를 뒤로 돌리어 딱한 표정를 하는것 이 아닌가. 이렇게 우리들은 기가 올라서 응원를 하련만, 황철이는 시무룩허니 좋지 않은 기색이다. 그 까닭은 우리 십여명이 암만 악장를 처도 퀑하게 넓은 그 장내, 그 청중으로 보면 어서 떠드는지 알 수 없를만치 우리들의 존재가 너 무 희미하였다. 그뿐 아니라 재청를 요구함에도 불구하고 이번에는 말쑥이 채린 신사 한 분이 바이오린를 옆에 끼고 나오는 것이다. 신사는 예를 멋지게 하고 또 역시 멋지게 바이오린를 턱에 갓다대더니 그 무슨 곡조인지 아주 장쾌한 음악이다. 그러자 어느 틈에 그는 제멋에 질리어 팔뿐아니라 고개며 어깨까지 바이오린채를 딿아 다니며 꺼떡꺼떡 하는 모양 이 얘, 이건 참 진짜로구나, 하고 감탄 안할수 없다. 더구나 압도적 인끼로 청중를 매혹케한 그것를 보드라도 우리 악사보다 몇 배 뛰어남를 알 것이다. 그러나 내가 더 놀란 것은 넓은 강당를 뒤엎는 듯한 그 환영이다. 일반군중 의 시끄러운 박수는말고 우층에서(한 삼사십명 되리라) 떼를 지어 악를 쓰 는 것이 아닌가. 재청소리에 귀청이 터지지않은 것도 다행은 허나 속벽이 모자 랄까봐 발까지 굴러가며 거기에 장단를 맞후어 부르는 재청은 참으로 썩 신 이난다. 음악도 이만 하면 나는 얼마든지 들를수 있다, 생각하였다. 그리고 저도 모르게 어깨가 실룩실룩 하다가 급기야엔 나도 딿아 발를 구르며 재청 를 청구하였다. 실상 바이오린 도 잘 했거니와 그러나 나도 바이오린보다 씩 씩한 그응원를 재청한 것이다.\n",
		"passage_Cnt": 781
	},
	"Annotation": {
		"summary1": "우리 십여 명이 암만 악장를 처도 퀑하게 넓은 그 장내에서 우리들의 존재는 너무 희미했던지라 황철이는 시무룩한 기색이었다.",
		"summary2": null,
		"summary3": "이렇게 우리들은 기가 올라서 응원를 하련만, 황철이는 시무룩허니 좋지 않은 기색이다. 그 까닭은 우리 십여명이 암만 악장를 처도 퀑하게 넓은 그 장내, 그 청중으로 보면 어서 떠드는지 알 수 없를만치 우리들의 존재가 너 무 희미하였다.",
		"summary_3_cnt": 132
	}
}