{
	"Meta(Acqusition)": {
		"doc_id": "REPORT-literature-07411",
		"doc_category": "REPORT",
		"doc_type": "literature",
		"doc_name": "성군",
		"author": "안석영",
		"publisher": null,
		"publisher_year": null,
		"doc_origin": "저작권위원회"
	},
	"Meta(Refine)": {
		"passage_id": "REPORT-literature-07411-07411",
		"passage": "“자, 술 한 잔 따르구려. 영애가 따른 술은 더 맛이 있으렷다. 허허허.” 영애는 더 참을 수가 없어서 벌떡 일어섰다.\n“별 더러운 꼴 다 보겠네. 내가 무슨 술집에 있는 기생이란 말이오? 나는 백화점이고 뭐고 다 그만두겠어요. 당신 같은 짐승이 있는 데는 그만 두겠 어요.” 영애는 방문을 활짝 열었다. 열자마자 신 감독이 쫓아와서 팔을 잡아당기 는 바람에 영애는 다다미 바닥 위에 쓰러졌다. 신 감독은 일어나려는 그녀 를 덮쳤다.\n“왜 이래! 영애만 그래서야 무슨 소용 있나? 딴 점원들도 대개는 이 곳에 와서 나에게 귀염을 받았는데, 영애는 여자가 아닌가? 허허.” 영애는 이를 갈며 신 감독의 가슴을 밀었다. 성벽같이 움직이지 않았다.\n수염이 듬성듬성하고 쭉 째진 입이 영애의 얼굴을 향해 가까이 왔다. 영애 는 죽을 힘을 다하여 밀쳤다. 그가 밀려 났을 때 영애는 날쌔게 신 감독의 뺨을 후려갈겼다.\n“이 더러운 놈! 악마 같은 놈!” “이 년 봐라. 아, 뉘 뺨을 치는 게야!” 하며 신 감독은 달아나는 영애를 붙잡으려 하였다. 영애는 날쌔게 잡으려는 신가를 피하여 식탁 언저리를 돌았다. 이래서 마치 술래잡기를 하는 아이들 모양으로 식탁을 중심으로 돌고, 되돌고 하였다. 신가의 눈은 정욕과 분노 로 이글이글 타올랐고 몸짓은 고기에 주린 맹수같았다. 영애는 불에 데인 새 모양으로 가쁜 숨을 내리쉬며 쫓겨났다. 신가는 몇 번 더 쫓다가 식탁을 성큼 건너뛰어 영애의 팔쭉지를 단단히 붙잡았다. 더 이상은 달아날 수 없 는 상황이 되어 버렸다. 신가가 능글맞게 웃으며 영애의 몸을 움켜쥐고 덤 벼 들었다. 영애는 고함이라도 지르고 싶었으나 다른 방에도 사람이 있을 것 이라 생각했다. 이런 데에 따라 온 자기만 창피할 것이요, 신가와 같은 손 님을 위하여 해 먹는 요리집이니 자기 편을 들어 줄 리도 만무했다. 식탁 위 에 놓인 술병이 영애의 눈에 띄었다. 영애는 한 개를 집어 들었다. 신가는 영애의 술병 쥔 팔마저 움켜쥐려 하였다. 영애는 날쌔게 몸을 틀었다. 술병 의 술이 쏟아져 영애의 치마와 다다미 바닥을 적셨다. 신가의 덤벼드는 얼 굴을 영애는 이를 악물고 한 대 갈겼다. 쨍그렁하고 술병이 깨어졌다.\n",
		"passage_Cnt": 1077
	},
	"Annotation": {
		"summary1": "자신을 덮친 신 감독을 영애는 죽을힘을 다하여 밀치고 뺨을 후려갈긴 뒤 술병을 집어 들어 덤벼드는 얼굴을 갈겼다.",
		"summary2": null,
		"summary3": "신 감독은 일어나려는 그녀 를 덮쳤다. 영애 는 죽을 힘을 다하여 밀쳤다. 그가 밀려 났을 때 영애는 날쌔게 신 감독의 뺨을 후려갈겼다. 식탁 위 에 놓인 술병이 영애의 눈에 띄었다. 영애는 한 개를 집어 들었다. 신가는 영애의 술병 쥔 팔마저 움켜쥐려 하였다. 영애는 날쌔게 몸을 틀었다. 신가의 덤벼드는 얼 굴을 영애는 이를 악물고 한 대 갈겼다.",
		"summary_3_cnt": 203
	}
}