{
	"Meta(Acqusition)": {
		"doc_id": "REPORT-literature-07692",
		"doc_category": "REPORT",
		"doc_type": "literature",
		"doc_name": "구마검(驅魔劍)",
		"author": "이해조",
		"publisher": null,
		"publisher_year": null,
		"doc_origin": "저작권위원회"
	},
	"Meta(Refine)": {
		"passage_id": "REPORT-literature-07692-07692",
		"passage": "구마검(驅魔劒) 대안동 네거리에서 남산을 바라보고 한참 내려가면 베전 병문 큰길이라.\n좌우에 저자하는 사람들이 조석으로 물을 뿌리고 비질을 하여 인절미를 굴 려도 검불 하나 아니 묻을 것 같으나, 그 많은 사람, 그 많은 마소가 밟고 오고 밟고 가면 몇 시 아니되어 길바닥이 도로 지저분하여져서 바람이 기 척만 있어도 행인이 눈을 뜰 수가 없는데, 바람도 여러 가지라. 삼사월 길 고 긴 날 꽃 재촉하는 동풍도 있고, 오뉴월 삼복 중에 비 장만하는 남풍도 있고, 팔월 생량할 때 서리 오려는 동북풍과 시월 동짓달에 눈 몰아오는 북 새도 있으니, 이 여러 가지 바람은 절기를 따라 으레 불고, 으레 그치는 고 로 사람들이 부는 것을 보아도 놀라지 아니하고, 그치는 것을 보아도 희한 히 여길 것이 없지마는, 이날 베전 병문에서 불던 바람은 동풍도 아니요, 남풍도 아니요, 서풍북풍이 모두 아니요, 어디로조차 오는 방면이 없이 길 바닥 한가운데에서 먼지가 솔솔솔 일어나더니, 뱅뱅뱅 돌아가며 점점 언저 리가 커져 도래멍석만하여 정신 차려 볼 수가 없이 팽팽팽 돌며 자리를 뚝 떨어지며, 어떠한 사람 하나를 겹겹이 싸고 돌아가니 갓귀영자가 쑥 빠지며 머리에 썼던 제모립이 정월 대보름날 구머리장군 연 떠나가듯 삼 마장은 가 서 떨어진다. 그 사람이 두 손으로 눈을 썩썩 비비고 입 속에 들어간 먼지를 테테 뱉으 며, “에, 바람도 몹시 분다. 정신을 차릴 수가 없지. 내 갓은 어디로 날려 갔을까? 어, 저기 가 있네.” 하더니, 한 손으로 탕건을 상투째 아울러 껴 붙들고 분주히 쫓아가 갓을 집 어 들더니, 조끼에서 저사(紵紗) 수건을 내어 툭툭 털어 쓰고 가는데, 그때 마침 장옷 쓴 계집 하나가 그 광경을 목도하고 그 사람의 얼굴을 넌짓 보더 니, 장옷 앞자락으로 제 얼굴을 얼핏 가리고 행랑 뒷골로 들어가더라.\n",
		"passage_Cnt": 903
	},
	"Annotation": {
		"summary1": "길바닥에 조석으로 물을 뿌리고 비질을 해도 많은 사람과 마소가 오고 가면 도로 지저분하여져서 바람이 기척만 하더라도 행인이 눈을 뜰 수가 없다.",
		"summary2": null,
		"summary3": "좌우에 저자하는 사람들이 조석으로 물을 뿌리고 비질을 하여 인절미를 굴 려도 검불 하나 아니 묻을 것 같으나, 그 많은 사람, 그 많은 마소가 밟고 오고 밟고 가면 몇 시 아니되어 길바닥이 도로 지저분하여져서 바람이 기 척만 있어도 행인이 눈을 뜰 수가 없는데, 바람도 여러 가지라.",
		"summary_3_cnt": 158
	}
}