{
	"Meta(Acqusition)": {
		"doc_id": "REPORT-literature-07314",
		"doc_category": "REPORT",
		"doc_type": "literature",
		"doc_name": "칠칠단의 비밀",
		"author": "방정환",
		"publisher": null,
		"publisher_year": null,
		"doc_origin": "저작권위원회"
	},
	"Meta(Refine)": {
		"passage_id": "REPORT-literature-07314-07314",
		"passage": " 그러니까 그 밑에 웃고 앉았던 패들도 골이 나서 모두 일어서서 새를 잡으 려고 쫓아다니기 시작하였습니다. 이번에는 새가 여러 사람에게 쫓겨 다니 느라고 미쳐 날뛰느라고 이리저리 나르면서 똥을 찍찍 깔겼습니다. 그러니까 보이와 털보까지 쫓아와서 새를 잡으려고 총채를 들고, 혹은 비 를 들고 쫓아다니기 시작하여 온통 수라장이 되었습니다. 유리창이나 문을 열어 놓았으면 그리로 새가 날아 나가고 아무 일도 없으련마는 아무도 그런 생각을 하는 사람이 없이 이리로 우르르 저리로 우르르 몰려다니느라고‘쿵 쾅쾅 쿵쾅쾅!’안에서 듣기에 바깥 요릿청에 난리가 난 것 같으므로 이상하 게 생각하고 안에 있던 놈도 눈이 휘둥그레하여 쫓아 나왔습니다. 그 틈에이렇게 되기를 기다리고 있던 상호는 안문을 열고 후닥닥 뛰어 들어갔습니 다. 그러나 모든 사람이 새를 쫓아다니느라고 아무도 그것을 안 사람은 없었습 니다. 한참이나 새를 잡느라고 소동하는 중에 몸이 날씬한 손님 하나가 모 자를 벗어 들고 후려갈겨서 구석으로 몰아가지고 모자로 사뭇 눌러서 시원 스럽게 잡았습니다. 쫓아다니던 모든 사람이 시원해 하면서 ‘휘’ 하고 숨을 돌려 쉬었습니 다. “야, 요놈이 그렇게 여러 사람을 미치게 하였담!” 하면서, 잡은 새를 들여다보고 신기해하기도 하고 얄미워하기도 하다가 잃 어버린 임자에게 주려고 임자를 찾았으나, 이상한 일인지 그들이 앉았던 상 에는 새장과 음식 접시가 놓였을 뿐이고, 두 사람이 모두 그림자도 없었습 니다. 기호는 상호가 안으로 들어간 것을 보고, 조금 후에 밖으로 사라져 나갔으니, 상호가 이 집안에서 순자를 구하면 삼층 밑 그 지하실로 도망하 여 저 편 동네 창고집으로 빠져나올 약속이므로, 자기는 바깥 한길로 돌아 그 창고집에 가서 기다리고 있을 계책이었습니다.\n",
		"passage_Cnt": 878
	},
	"Annotation": {
		"summary1": "모든 사람이 이리저리 날뛰는 새를 쫓아다니느라 상호가 안문을 열고 뛰어 들어간 것을 아무도 몰랐다.",
		"summary2": null,
		"summary3": "그 틈에이렇게 되기를 기다리고 있던 상호는 안문을 열고 후닥닥 뛰어 들어갔습니 다. 그러나 모든 사람이 새를 쫓아다니느라고 아무도 그것을 안 사람은 없었습 니다. 이번에는 새가 여러 사람에게 쫓겨 다니 느라고 미쳐 날뛰느라고 이리저리 나르면서 똥을 찍찍 깔겼습니다.",
		"summary_3_cnt": 150
	}
}