{
	"Meta(Acqusition)": {
		"doc_id": "REPORT-literature-07384",
		"doc_category": "REPORT",
		"doc_type": "literature",
		"doc_name": "천당(天堂) 가는 길",
		"author": "방정환",
		"publisher": null,
		"publisher_year": null,
		"doc_origin": "저작권위원회"
	},
	"Meta(Refine)": {
		"passage_id": "REPORT-literature-07384-07384",
		"passage": " 들창 밖에 사람의 머리가 언뜻 보이는 것을 보고, 백작은 육혈포를 쏘았습 니다. ‘앗!’소리를 치고 도둑은 쿵 하고 떨어졌습니다. 밖에서는 인형에 피를 흘려 떨어뜨려 놓고 도둑왕은 번개같이 숨어 버렸습니다. 백작은 밖으 로 내려와서 캄캄한 데 피를 흘리고 자빠진 가짜 송장을 들고 뒤꼍으로 갔 습니다. 넌지시 파묻어 주려는 까닭이었습니다. 그 틈에 가짜 백작 도둑왕이 침실로 들어갔습니다. 졸려서 졸려서 못 견디 는 것을 억지로 참아 가며, 자꾸 감겨지는 눈을 억지로 어슴프레하게 뜨는 부인은, 도둑을 죽이고 백작이 들어온 줄로 알았습니다. 도둑왕은 백작과 같은 음성을 내어서, “도둑은 육혈포에 맞아 죽었네. 그러나, 그 놈은 내가 이름까지 지어 주 고 귀애하던 놈인데, 내 손으로 죽여서 안되었는걸. 도둑이라고는 하지만 그다지 악인도 아니고 무슨 큰 죄도 없는 것을, 제일 그 늙은 내외가 불쌍하여서, 아무개란 성명을 세상에 내지 않으려고, 내가 넌지시 파묻기로 하 겠으니, 그 $2을 이리 주게. 그걸로나 송장을 싸서 파묻어 줄 밖에 없 지…….” 하니까, 부인은 아무 말 없이 $2을 내놓았습니다. 그것을 가지고 나가려 는 체하다가 다시 돌아서서, “그 놈이 그 반지를 훔치려다가 아까운 목숨까지 없애었는데 이 다음에 그걸로 원혼이나 되어 나오면 어떡허나, 또 살 셈 대고 그 반지나 끼워서 파묻는 게 좋지 않을까…….” 하니까, 또 부인은 아무 말도 않고 다소곳이 빼어 주었습니다.\n",
		"passage_Cnt": 724
	},
	"Annotation": {
		"summary1": "밖에 사람의 머리가 언뜻 보이자 백작은 육혈포를 쏘았고 도둑은 쿵 하는 소리와 함께 떨어졌지만 번개같이 숨어 버렸다.",
		"summary2": null,
		"summary3": "들창 밖에 사람의 머리가 언뜻 보이는 것을 보고, 백작은 육혈포를 쏘았습 니다. ‘앗!’소리를 치고 도둑은 쿵 하고 떨어졌습니다. 밖에서는 인형에 피를 흘려 떨어뜨려 놓고 도둑왕은 번개같이 숨어 버렸습니다.",
		"summary_3_cnt": 117
	}
}