{
	"Meta(Acqusition)": {
		"doc_id": "REPORT-literature-07435",
		"doc_category": "REPORT",
		"doc_type": "literature",
		"doc_name": "마작(麻雀)철학",
		"author": "이효석",
		"publisher": null,
		"publisher_year": null,
		"doc_origin": "저작권위원회"
	},
	"Meta(Refine)": {
		"passage_id": "REPORT-literature-07435-07435",
		"passage": " “아즈바이네 나옵네!” 언덕 위를 바라보고 있던 그들은 일시에 부르짖었다. 사무소를 나와 부지런히 해변으로 걸어 내려오는 네 사람을 바라보는 그들의 가슴에는 형언할 수 없는 감정이 떠올랐던 것이다. “어찌됐소?” “무스기랍데?” 해변에 다다르기가 바쁘게 네 사람을 둘러싸고 결과를 묻는 그들은 그러나 이미 불리한 결말을 짐작하였다. “야, 과연 도모지 말을 아이 듣습데.” 중실이는 숨을 헐떡거리며 분개하였다. “한 가지도 아이 들어줍든가?” “들어주는 게 무스기요. 저는 모르겠다고 하면서 자꾸 조합에만 밉데.” 임봉네는 괘씸하여서 입에 거품을 품겼다.\n그러자 언덕 위에서는 조급하게 사무소를 나오는 공장주가 보였다. 그는 그러나 해변으로는 내려오지 않고 어디론지 포구 쪽으로 급하게 걸어갔다. “어디엘 가는가. 이리 오쟁이코.” “마─알 거 있소……엥가이 뿔이 뿌룩 나야지. 그 자리에서 볼을 콱 줴박을까 했소.” 군칠이는 멀리 공장주를 향하여 헛 주먹질을 하였다. “그래 아즈바이네 무스기랬소? 모다 일 아니 하겠다고 했소?” “야─ 그러니 우리보고 무스기라고 하는고 하니 어전공장 일을 그만 두랍디다.” 공장주는 몇 사람 안되는 공장 노동자쯤은 포구 안에서 즉시 새로 끌어 올 수 있다는 타산 아래에서 중실이와 군칠이 외 수명의 공장 노동자를 전부 해고시킨 것이었다. “일 있소? 일 아이하면 그만이지!” 네 사람을 둘러쌌던 부녀 노동자들은 흩어지면서 제각각 수물거렸다.\n",
		"passage_Cnt": 717
	},
	"Annotation": {
		"summary1": "공장주는 중실이와 군칠이 외 수명의 공장 노동자를 전부 해고시켰다.",
		"summary2": null,
		"summary3": "“그래 아즈바이네 무스기랬소? 모다 일 아니 하겠다고 했소?” “야─ 그러니 우리보고 무스기라고 하는고 하니 어전공장 일을 그만 두랍디다.” 공장주는 몇 사람 안되는 공장 노동자쯤은 포구 안에서 즉시 새로 끌어 올 수 있다는 타산 아래에서 중실이와 군칠이 외 수명의 공장 노동자를 전부 해고시킨 것이었다.",
		"summary_3_cnt": 170
	}
}