{
	"Meta(Acqusition)": {
		"doc_id": "REPORT-literature-07458",
		"doc_category": "REPORT",
		"doc_type": "literature",
		"doc_name": "수평선 너머로",
		"author": "김동인",
		"publisher": null,
		"publisher_year": null,
		"doc_origin": "저작권위원회"
	},
	"Meta(Refine)": {
		"passage_id": "REPORT-literature-07458-07458",
		"passage": "“상해서는 모두 무고하오?” “네 아무 일 없이 지냅니다. 선생님께 관해서 매우 조심들을 합니다.” 인적 드문 바닷가를 향하여 두 사람은 천천히 거닐었다.\n“용무부터 ─ LC당의 당수는?” “저도 모릅니다. 간부급이 아니고는 누가 당순지 모릅니다.” LC당의 제이급 당원으로 있는 십칠호도 당수가 누구인지는 몰랐다. 여기서 인준이가 알고자 하는 시급한 문제는 다른 것이 아니었다. 아까 백작 노부 인의 말로 오늘 밤 김소춘이가 찬두를 방문한다는 일은 알았는데 방문한다 면 혼자서 방문하느냐 혹 아랫당원이 남몰래 호위를 하느냐 하는 문제였다.\n“김소춘이라고 아시오?” “네 얼굴은 압니다. 제가 거기 있을 때는 제삼급이었는데 지금은 아마 제 이급이 됐으리다.” “어떤 인물이오?” “친히 사괸 일이 없어서 모르겠읍니다.” 안 군이 떠난 다음 차의 시간까지 인준이와 십칠호는 인적 드문 해안을 보 통 산보객인 것처럼 거닐면서 여러가지로 묻고 대답하였다.\n이전에는 LC당의 제이급 당원이고 좀더 있었더면 간부급으로 승차되었을 뻔한 십칠호는 LC당에 관한 지식은 꽤 많이 가지고 있었다.\n그 가운데서 인준이는 다른 것은 뒤로 미루고 시급한 일에 대해서만 참고 될 만한 일을 다 알았다.\n한 시간에 한 번씩 왕래하는 경인열차 ─ 안 군이 떠난 다음 차에 인준이 가 몸을 실을 때는 당분간에 필요한 LC당에 관한 지식은 다 십칠호에게 들 었다.\n십칠호는 서울을 같이 오지 않았다. LC당원에게 알리워 있는 십칠호라 LC 당이 지금 조선에서 무슨 커다란 계획을 실행하려 할 때에 십칠호가 덜컥 경성에 몸을 나타내었다가는 어떤 의심을 살지도 알 수 없고 LC당에게 의심 을 사면 그 결과는 세계가 다 아는 바라 십칠호 자신도 경성 동행하기를 싫 어하였고 인준이도 십칠호를 경성으로 데리고 가려지 않았다.\n",
		"passage_Cnt": 890
	},
	"Annotation": {
		"summary1": "선생님은 거닐면서 모두 무고한지 LC 당의 당수는 누구인지 물었다.",
		"summary2": null,
		"summary3": "“상해서는 모두 무고하오?” “네 아무 일 없이 지냅니다. 선생님께 관해서 매우 조심들을 합니다.” 인적 드문 바닷가를 향하여 두 사람은 천천히 거닐었다. “용무부터 ─ LC당의 당수는?” “저도 모릅니다. 간부급이 아니고는 누가 당순지 모릅니다.” LC당의 제이급 당원으로 있는 십칠호도 당수가 누구인지는 몰랐다.",
		"summary_3_cnt": 177
	}
}