{
	"Meta(Acqusition)": {
		"doc_id": "REPORT-literature-07353",
		"doc_category": "REPORT",
		"doc_type": "literature",
		"doc_name": "거룩한 이의 죽음",
		"author": "이광수",
		"publisher": null,
		"publisher_year": null,
		"doc_origin": "저작권위원회"
	},
	"Meta(Refine)": {
		"passage_id": "REPORT-literature-07353-07353",
		"passage": " 대여는 사랑에 나와 아내더러 선생의 하는 일과 말을 전하고 서로 붙들고 울다가, 가만가만히 안으로 들어와 창 밖에서 선생의 동정을 엿보았다. 선 생은 그린 듯이 앉았다. 춤추는 쌍 촛불에 선생의 여윈 얼굴이 해쓱하게 보 이고, 가끔 길게 한숨 쉬는 소리가 들릴 뿐이다. 대여 내외는 참다못하여 소리 내어 울었다. 그러다가, \"천명, 천명, 때가 왔으니, 어서 피하오!\" 하는 소리에 대여는 창 밖에서 선생께 절하고 대문을 나섰다. 아직도 어둡 다. 그러나 차마 멀리 가지 못하고 뒷산으로 올라갔다. 산 중턱을 다 오르 지 못하여 동네에 개 짖는 소리가 나므로, 바위 뒤에 숨어 가만히 귀를 기 울인즉, 사람들의 떠드는 소리가 나더니, 이윽고 자기 집에서 무에라고 지 껄이고 욕설하는 소리가 들린다. 대여는 정신없이 눈위에 펄썩 주저앉았다. \"아아, 선생님!\" 하고 혼자 목이 메어 울었다. 환하게 될 때에 선생은 삼십명 대구 영문 나졸들이 선생을 뒷짐을 지어 끌 고 전후 좌우로 옹위하고 동구로 나가는 양이 보였다. \"천명, 천명!\" 하고 선생의 하던 말을 외면서, 대여는 선생의 잡혀간 뒤를 따랐다.\n四[사] 동학 선생이 어느 날 죽는다는 둥, 벌써 몰래 죽였다는 둥, 그런 것이 아니 라 동학 선생이 조화를 부려 벌써 옥에서 나와서 멀리로 달아났다는 둥, 또 이제 동학군들이 군사를 일으켜서 대구 감영으로 쳐 들어온다는 둥, 대구 백 성들간에는정초부터 모여만 앉으면 이야기를 하게 되었다.\n",
		"passage_Cnt": 725
	},
	"Annotation": {
		"summary1": "창 밖에서 대여 내외는 선생의 해쓱한 얼굴을 보고 한숨 쉬는 소리를 듣고는 참다 못해 울었다.",
		"summary2": null,
		"summary3": "대여는 사랑에 나와 아내더러 선생의 하는 일과 말을 전하고 서로 붙들고 울다가, 가만가만히 안으로 들어와 창 밖에서 선생의 동정을 엿보았다. 춤추는 쌍 촛불에 선생의 여윈 얼굴이 해쓱하게 보 이고, 가끔 길게 한숨 쉬는 소리가 들릴 뿐이다. 대여 내외는 참다못하여 소리 내어 울었다.",
		"summary_3_cnt": 160
	}
}