{
	"Meta(Acqusition)": {
		"doc_id": "REPORT-literature-07392",
		"doc_category": "REPORT",
		"doc_type": "literature",
		"doc_name": "나랏님 전 상사리",
		"author": "이무영",
		"publisher": null,
		"publisher_year": null,
		"doc_origin": "저작권위원회"
	},
	"Meta(Refine)": {
		"passage_id": "REPORT-literature-07392-07392",
		"passage": " 그래 사정사정해보았으나 승지란 천성이 아박한 사람이어서 벽창호처럼 “안 돼”소리만 연상 하는군그 래유. 값만 수월하다면아 어떻게 됐든간에 가을곡식을 송두리째 들이대서라도 붙 들고 싶었지만서두 평당 삼십오원을 달라 하니 6만원 돈이 있어유. 십여 식구에 남의 땅 소작해먹는 녀석한테 6만원이란 돈이 어디서 납니까유아. 나랏님, 그래, 닭을 한 쌍 꿰차고서 오 년 연부로 해줍소사 붙들구 빌었더 니 미친 소리 말라고 호령입니다유. 그래, 그만 땅이 팔리잖었겠어유. 어디 이 사람뿐입니까유. 앞집 채 서방네 뒷말 박군식이네 의지가지 없이된 사람이 십여 가구 올십니다요. 못자리는 봐아겠는데 새 지주가 땅을 내노 라니 또 그리로 닭 마리에 알을 싸가지구 가서 졸러봤지유. 단번에 안된답 니다요. 그래 싸움싸움하다가 관청에 가서 사정을 해봤십니다. 그랬더니 관 가에서도, “사라는데 왜 안 사고 그래? 사기도 싫고 땅을 내놓지도 않고 그럼 땅 가 진 사람은 어떻게 하란 말요, 응?” 나랏님, 이럽니다요. 글쎄, 그러니 지체도 학식도 없는 소작농이 어떻게 살 것입니까. 나랏님께 말씀입니다만서두 승지 댁에는 일본 정치 시대에는 군청면소 주재소 양반이 늘 떠나지 않고 젤 큰 부자인데 공출도 젤 적었구 배급 시대 두 아쉬운 줄 모르구 흔전만전 썼지유. 참말여유. 이 사람뿐이 아니라 온 동리 사람들이 눈으로 보았어유. 조상 제상에두 북어조차 배급이라 맨국을 떠놓는데 그 댁에선 이름 진 날이면 갈 비다 쇠머리다 정종이다, 없는 게 있습니까. 그것두 다 전표루 가져오니까 또박또박 공정가격이 아닙니까. 그렇게 사 온 것을 쓰구 남으면 동리 사람한 테 몇 십 곱 아미값으로 넘기지유.\n",
		"passage_Cnt": 824
	},
	"Annotation": {
		"summary1": "사정사정해 보았으나 천성이 야박한 승지는 두 평당 삼십오 원을 달라 하며 6만 원 돈을 요구했다.",
		"summary2": null,
		"summary3": "그래 사정사정해보았으나 승지란 천성이 아박한 사람이어서 벽창호처럼 “안 돼”소리만 연상 하는군그 래유. 값만 수월하다면아 어떻게 됐든간에 가을곡식을 송두리째 들이대서라도 붙 들고 싶었지만서두 평당 삼십오원을 달라 하니 6만원 돈이 있어유.",
		"summary_3_cnt": 134
	}
}