{
	"Meta(Acqusition)": {
		"doc_id": "REPORT-literature-07579",
		"doc_category": "REPORT",
		"doc_type": "literature",
		"doc_name": "지팽이 역사(轢死)",
		"author": "이상",
		"publisher": null,
		"publisher_year": null,
		"doc_origin": "저작권위원회"
	},
	"Meta(Refine)": {
		"passage_id": "REPORT-literature-07579-07579",
		"passage": " 그 외에는 조끼에 금 시곗줄을 늘어뜨린 특색밖에는 아무런 특색도 없는 젊은 신사 한 사람 또 진흙투성이가 된 흰 구두를 신은 신사 한 사람, 단것 장사 같은 늙수구레한 마나님이 하나 가방을 잔뜩 끼고 앉아서 신문을 보고 있는 구르몽의 시몬 같은 S. 부인의 프로필만 구경하고 앉아 있는 말라빠진 나, 이상과 같습니다. 마루창 한복판 꽤 큰 구멍이 하나 뚫려서 기차가 달아나는 대로 철로 바탕 이 들여다보이는 것이 이상스러워서 S더러 이것이 무슨 구멍이겠느냐고 의 논하여보았더니 S는 그게 무슨 구멍일까 그러기만 하길래 나는 이것이 아마 이렇게 철로 바탕을 내려다보라고 만든 구멍인 것 같기는 같은데 그런 장난 구멍을 만들어놓을 리는 없으니까 내 생각 같아서는 기차 바퀴에 기름 넣는 구멍일 것에 틀림없다 그랬더니 S는 아아 이것을 참 깜빡 잊어버렸었구나 이것은 침을 뱉으라는 구멍이라고 그러면서 침을 한 번 뱉아 보이더니 나더러 도 정말인가 거짓말인가 어디 침을 한 번 뱉아보라고 그러길래 나는 그 ‘모 나리자’ 앞에서 침을 뱉기는 좀 마음에 꺼림칙하여서 나는 그만두겠다고 그리면서 참 아가리가 여실히 타구같이 생겼구나 그랬습니다. 상자깨비로 만든 것 같은 정거장에서 고무장화를 신은 역장이 굴렁쇠를 들고 나오더니 기차가 정거를 하고 기관수와 역장이 무엇이라고 커다란 목소리로 서너 마 디 이야기를 하더니 기적이 울리고 동리 어린 아이들이 대여섯 기차 떠나는 것을 보고 박수갈채를 하는 소리가 성대하게 들리고 나면 또 위험한 전진입 니다. 어느 틈에 내 곁에는 갓 쓴 해태처럼 생긴 영감님 하나가 내 즐거운 백통색 시야를 가려놓고 앉았습니다.\n",
		"passage_Cnt": 809
	},
	"Annotation": {
		"summary1": "굴렁쇠를 들고 정거장에서 나온 역장이 기관수와 이야기를 하더니 기적이 울렸다.",
		"summary2": null,
		"summary3": "상자깨비로 만든 것 같은 정거장에서 고무장화를 신은 역장이 굴렁쇠를 들고 나오더니 기차가 정거를 하고 기관수와 역장이 무엇이라고 커다란 목소리로 서너 마 디 이야기를 하더니 기적이 울리고 동리 어린 아이들이 대여섯 기차 떠나는 것을 보고 박수갈채를 하는 소리가 성대하게 들리고 나면 또 위험한 전진입 니다.",
		"summary_3_cnt": 171
	}
}