{
	"Meta(Acqusition)": {
		"doc_id": "REPORT-literature-07347",
		"doc_category": "REPORT",
		"doc_type": "literature",
		"doc_name": "해돋이",
		"author": "최서해",
		"publisher": null,
		"publisher_year": null,
		"doc_origin": "저작권위원회"
	},
	"Meta(Refine)": {
		"passage_id": "REPORT-literature-07347-07347",
		"passage": " 김 소사가 아들 만수를 따라서 고향을 떠난 것은 경신년 늦은 봄이었다. 삼일 운동이 일어나던 해였다. 만수도 그 운동에 한 사람으로 활동한 까닭 에 함흥 감옥에서 일개 년 동안이나 지냈다. 감옥 생활은 그에게 큰 고초를 주었다. 일개 년이 지나서 신유년 봄에 출옥이 되어 집으로 돌아온 만수는 눈이 푹 꺼지고 뼈만 남은 얼굴에 수심이 그득한 것이 무서운 아귀 같았다.\n그를 본 고향 사람들은 누구나 할 것없이 놀라지 않을 수 없었다. 그의 어머 니와 누이는 말은 못하고 눈물만 쫙쫙 흘렸다. 만수가 돌아와서 며칠은 출옥 인사 오는 사람이 문 밖에 끊이지 않았다.\n젊은 패들은 밤이 이슥하도록 만수의 옥중 생활을 재미있게 들었다. 그러나 형사가 매일 문간에 드나들어서 자유로운 입을 못 벌렸다. 누가 무심하게 저촉될 만한 말을 하게 되면 서로 옆구리를 찔러 가면서 경계하였다. 처음에는 막연하게 나라나라 하였으나 점점 개성이 눈뜨고 또 감옥 생활에 서 문명한 법의 내막을 철저히 체험하고 불합리한 사회 역경에 든 사람들의 고통을 뼈가 저리도록목격함으로부터는 그의 온 피는 의분에 끓었다. 그 의식이 깊어질수록 무형한 그물에 걸린 고통은 나날이 심하였다. 그 고통이 심할수록 그는 자유로운 천지를 동경하였다. 뜨거운 정열을 자유로 펼 수 있을 천지를 동경하는 마음은 감옥에서 나온 후로 더 깊었다. 그는 그때 강 개한 선비들과 의기로운 사람들이 동지를 규합하고 단체를 조직하여 천하를 가르보고 시기를 기다리는 무대라고 명성이 뜨르렁하던 상해, 서백리아와 북만주를 동경하였다. 남으로 양자강 연안과 북으로 서백리아 눈보라 속에 서 많은 쾌한들과 손을 엇걸어가지고 천하의 풍운을 지정하려 하였다.\n",
		"passage_Cnt": 835
	},
	"Annotation": {
		"summary1": "만수는 삼일 운동 활동을 한 이유로 일개 년 동안 함흥 감옥에서 지내다가 출옥되었으며 집으로 돌아온 그를 보고 누이와 어머니는 눈물만 흘렸다.",
		"summary2": null,
		"summary3": "삼일 운동이 일어나던 해였다. 만수도 그 운동에 한 사람으로 활동한 까닭 에 함흥 감옥에서 일개 년 동안이나 지냈다. 일개 년이 지나서 신유년 봄에 출옥이 되어 집으로 돌아온 만수는 눈이 푹 꺼지고 뼈만 남은 얼굴에 수심이 그득한 것이 무서운 아귀 같았다. 그의 어머 니와 누이는 말은 못하고 눈물만 쫙쫙 흘렸다. 그를 본 고향 사람들은 누구나 할 것없이 놀라지 않을 수 없었다.",
		"summary_3_cnt": 216
	}
}