{
	"Meta(Acqusition)": {
		"doc_id": "REPORT-literature-07254",
		"doc_category": "REPORT",
		"doc_type": "literature",
		"doc_name": "봄·봄",
		"author": "김유정",
		"publisher": null,
		"publisher_year": null,
		"doc_origin": "저작권위원회"
	},
	"Meta(Refine)": {
		"passage_id": "REPORT-literature-07254-07254",
		"passage": "숙맥이 그걸 모르고 점순이의 키 자라기만 까맣게 기다리지 않았나.\n언젠가는 하도 갑갑해서 자를 가지고 덤벼들어서 그 키를 한 번 재 볼까 했다마는, 우리는 장인님이 내외를 해야 한다고 해서 마주 서 이야기도 한마디하는 법 없다. 우물길에서 언 제나 마주칠 적이면 겨우 눈어림으로 재보고 하는 것인데 그럴 적마다 나는 저만큼 가서, “제―미 키두!” 하고 논둑에다 침을 퉤, 뱉는다. 아무리 잘 봐야 내 겨드랑(다른 사람보다 좀 크긴 하지만) 밑에서 넘을락 말락 밤낮 요 모양이다. 개되지는 푹푹 크는데 왜 이리도 사람은 안 크는지, 한동안 머리가 아프도록 궁리도 해보았다. 아하, 물동이를 자꾸 이니까 뼈다귀가 움츠러드 나 보다, 하고 내가 넌짓 넌짓이 그 물을 대신 길어도 주었다. 뿐만 아니라 나무를 하러 가 면 서낭당에 돌을 올려놓고, “점순이의 키 좀 크게 해줍소사. 그러면 담엔 떡 갖다 놓고 고사 드립죠니까.” 하고 치성도 한두 번 드린 것이 아니다. 어떻게 돼먹은 킨지 이래도 막무가 내니…… 그래 내 어저께 싸운 것이지 결코 장인님이 밉다든가 해서가 아니다.\n모를 붓다가 가만히 생각을 해보니까 또 싱겁다. 이 벼가 자라서 점순이가 먹고 좀 큰다면 모르지만 그렇지도 못한 걸 내 심어서 뭘 하는 거냐. 해마다 앞으로 축 불거지는 장인님의 아랫배(가 너무 먹은 걸 모르고 냇병이라나, 그 배)를 불리기 위하여 심곤 조금도 싶지 않 다.\n“아이구 배야!” 난 물 붓다 말고 배를 쓰다듬으면서 그대로 논둑으로 기어올랐다. 그리고 겨드랑에 꼈던 벼 담긴 키를 그냥 땅바닥에 털썩, 떨어치며 나도 털썩 주저앉았다. 일이 암만 바빠도 나 배 아프면 고만이니까. 아픈 사람이 누가 일을 하느냐. 파릇파릇 돋아 오른 풀 한 숲을 뜯 어 들고 다리의 거머리를 쓱쓱 문대며 장인님의 얼굴을 쳐다보았다.\n",
		"passage_Cnt": 895
	},
	"Annotation": {
		"summary1": "나는 점순이의 키를 크게 하기 위해 치성도 드리고 물도 대신 길어 줬다.",
		"summary2": null,
		"summary3": "아하, 물동이를 자꾸 이니까 뼈다귀가 움츠러드 나 보다, 하고 내가 넌짓 넌짓이 그 물을 대신 길어도 주었다. 뿐만 아니라 나무를 하러 가 면 서낭당에 돌을 올려놓고, “점순이의 키 좀 크게 해줍소사. 그러면 담엔 떡 갖다 놓고 고사 드립죠니까.” 하고 치성도 한두 번 드린 것이 아니다.",
		"summary_3_cnt": 162
	}
}