{
	"Meta(Acqusition)": {
		"doc_id": "REPORT-literature-07530",
		"doc_category": "REPORT",
		"doc_type": "literature",
		"doc_name": "수평선 너머로",
		"author": "김동인",
		"publisher": null,
		"publisher_year": null,
		"doc_origin": "저작권위원회"
	},
	"Meta(Refine)": {
		"passage_id": "REPORT-literature-07530-07530",
		"passage": "황혼의 송림에서 인준이는 이 기박한 과거를 가진 아리따운 여인의 과거담 을 긴장된 마음으로 들었다.\n아직도 알아볼 일이 많았다. 그 알아볼 일을 모두 차례로 물을 순서를 생 각하면서도 인준이는 자기의 하는 일을 스스로 쓰다 여겼다. 이 일을 미스 영에게 모두 묻기가 괴로웠다.\n“미스 영, 또 물을 일이 있습니다. LC당이 조선에 들어온 것은 단지 윤 백 작 사십만 원의 공채를 목적한 것뿐입니까?” “네.” 이것이 인준이의 의심점이었다.\n“적지는 않은 금액입니다. 그렇지만 그맛 일은 보통 간부급만 들어와도 될 일인데 간부 이상 ─ 즉 최고 고문되시는 미스 영도 들어오시고 그 위에 당수 매켄지 씨까지 들어온 까닭은?” “매켄지 씨는 제가 왔으니 뒤따라 온 것입니다. 저는 개인적으로 윤 백작 에게 혐의도 있고 고국 산천을 한 번 구경해 보고 싶기도 하고.” “개인적으로?” “네….” “어떤?” “말씀드리지요. 저의 아버님께서 고국을 등지시고 일생을 수부로 표박 생 활을 하시게 된 동기가 윤 백작에게 있습니다. 저의 아버님도 조정에서 윤 백작과 갑을을 다투던 권문… 이것을 꺼리어서 윤 백작이 저의 아버님을 역 모로 몰았읍니다. 먼저 눈치 채고 몸을 피하셨기에 생명이 남았지 그렇지만 않았더면 멸족을 당할 뻔했읍니다. 그 뒤 오십 년 간을 이전에는 한 나라의 권문이 이름도 없는 수부(水夫)로서 고해를 헤엄치시다가 런던서 마지막 길 을 떠나셨읍니다. 윤 백작은 제게는 개인적으로도 원수 ─ 그 지난날의 원 수를 갚기 위해서 몸소 들어왔읍니다.” 알았다.\n",
		"passage_Cnt": 761
	},
	"Annotation": {
		"summary1": "인준이는 일에 대해 물어볼 순서를 생각하면서 여인의 과거 담을 들어주었다.",
		"summary2": null,
		"summary3": "황혼의 송림에서 인준이는 이 기박한 과거를 가진 아리따운 여인의 과거담 을 긴장된 마음으로 들었다. 그 알아볼 일을 모두 차례로 물을 순서를 생 각하면서도 인준이는 자기의 하는 일을 스스로 쓰다 여겼다.",
		"summary_3_cnt": 114
	}
}