{
	"Meta(Acqusition)": {
		"doc_id": "REPORT-literature-07236",
		"doc_category": "REPORT",
		"doc_type": "literature",
		"doc_name": "광화사",
		"author": "김동인",
		"publisher": null,
		"publisher_year": null,
		"doc_origin": "저작권위원회"
	},
	"Meta(Refine)": {
		"passage_id": "REPORT-literature-07236-07236",
		"passage": "남벽(藍碧)의 시냇물에는 용궁(龍宮)이 보이는가. 소나무 그루에 부딪쳐서 튀어나는 바람 에 앞머리를 약간 날리면서 처녀가 굽어보고 있는 것은 무엇인가.\n처녀의 공상과 정열과 환희가 한꺼번에 모인 절묘한 미소를 눈과 입에 띠고 일심불란히 처녀가 굽어보는 것은 무엇인가.\n아아.\n화공은 드디어 발견하였다. 그새 십 년 간을 여항의 길거리에서 혹은 우물가에서 내지는 친잠 상원에서 발견하여 보려고 애쓰다가 종내 달하지 못한 놀랄 만한 아름다운 표정을 화공은 뜻 안 한 여기서 발견하였다.\n화공은 걸음을 빨리하였다. 자기의 얼굴이 얼마나 더럽게 생겼는지 이 처녀가 자기를 쳐다보면 얼마나 놀랄지 이 점을 온전히 잊고 걸음을 빨리하여 처녀의 쪽으로 갔다.\n처녀는 화공의 발소리에 머리를 번쩍 들었다. 화공을 바라보았다. 그 무한히 먼 곳을 바라 보는 듯한 기묘한 눈을 들어서.\n“아.” 가슴이 무득하여 무슨 말을 하여야 할지 망설이며 화공이 반벙어리 같은 소리를 할 때에 처녀가 먼저 입을 열었다.\n“여기가 어디오니까.” 여기가 어디? “여기는 인왕산록 이름도 없는 곳이지만 너는 웬 색시냐?” “네…….” 문득 떠오르는 적적한 표정.\n“더듬더듬 시내를 따라 왔습니다.” 화공은 머리를 기울였다. 몸을 움직여 보았다. 무한히 먼 곳을 바라보는 듯한 처녀의 눈은그냥 움직임 없이 커다랗게 뜨여 있기는 하지만 어디를 보는지 무엇을 보는지 알 수가 없다. 드디어 화공은 부르짖었다.\n“너 앞이 보이느냐?” “소경이올시다.” 소경이었다. 눈물 머금은 소리로 하는 이 대답을 듣고 화공은 좀 더 가까이 갔다.\n",
		"passage_Cnt": 779
	},
	"Annotation": {
		"summary1": "어디서든 발견하여 보려고 애쓰다가 끝내 달하지 못했지만 화공은 뜻하지 않은 곳에서 놀랄 만한 아름다운 표정을 발견하고 처녀의 쪽으로 걸음을 빨리하였다.",
		"summary2": null,
		"summary3": "그새 십 년 간을 여항의 길거리에서 혹은 우물가에서 내지는 친잠 상원에서 발견하여 보려고 애쓰다가 종내 달하지 못한 놀랄 만한 아름다운 표정을 화공은 뜻 안 한 여기서 발견하였다. 자기의 얼굴이 얼마나 더럽게 생겼는지 이 처녀가 자기를 쳐다보면 얼마나 놀랄지 이 점을 온전히 잊고 걸음을 빨리하여 처녀의 쪽으로 갔다.",
		"summary_3_cnt": 178
	}
}