{
	"Meta(Acqusition)": {
		"doc_id": "REPORT-literature-07578",
		"doc_category": "REPORT",
		"doc_type": "literature",
		"doc_name": "누이의 집",
		"author": "이무영",
		"publisher": null,
		"publisher_year": null,
		"doc_origin": "저작권위원회"
	},
	"Meta(Refine)": {
		"passage_id": "REPORT-literature-07578-07578",
		"passage": " 다 알다시피 빈곤한 잡지사로서 원고가 되어 들어오기보다도 허실이 되기 에 더 가능성이 있는 아우에게 선뜻 삼십원의 선금을 보낸 점이라든가 이 돈의 소비기록을 지목한 점이라든가 역시 형에게는 그런 소질이 다분히 있 었던 것이 아닌가 했습니다. S 형. 형의 글과 돈을 받아 쥐고 아우는 돈의 용도를 여러 가지로 궁리해봤습니 다. 실로 진지한 태도였습니다. 아내와 의논도 해봤습니다. 친구를 만나서 도‘만일 누가 자네에게 돈 삼십원을 쓰라고 주며 그 돈의 용처를 일일이 보고하란다면?’하고 질문도 해보았습니다. 대답도 구구했습니다. 너와 나와 단둘이서 술을 몇 병 차고 어느 깊숙한 산중에 가서 한 방울 남기지 말고 먹고 오자는 친구도 있었고, 모자가 너무 풀이 죽어서 아편쟁이 같으니 제발 모자나 하나 사 쓰라는 친구도 있었습니 다. 또 어떤 친구는 삼십원을 전부 들여서 연애편지를 몇 백 장이고 써서 동명이고 번지고, 여자의 이름이고 생각나는 대로 써서 부쳐보라는 축도 있 었습니다. 삼십원을 꼭꼭 싸서 은행 들창께서 떨고 앉은 거지 손에 쥐어주 어 보라는 친구도 있었습니다. 다 재미있는 안이었습니다. 그러나 어느 것이 나가 다 아우에게는 과분한 안입니다. 밥티로 새로 잡듯이 세상을 살아온 아우의 배짱은 모두 부니가 떴습니다. 그래서 결국 아우는 옹졸한 못나디 못난 성격에 맞는 안을 세웠더 이다. 고향 여기저기에 헤어져 있는 누이들을 찾아보기로 했습니다. 고향을 떠난 지도 이십 년, 그간에 사오 년에 한 번씩 들르기는 했으나 누 이들을 찾아볼 여가는 없었습니다. 그러니까 누이들은 모두 출가한 뒤로 한 번도 만난 적이 없습니다. 그러고 보니 어떤 누이는 십오 년도 되고 어떤 누이는 십 년 혹은 칠팔 년 모두 이렇게 되나봅니다.\n",
		"passage_Cnt": 861
	},
	"Annotation": {
		"summary1": "형의 글과 돈을 받고 나서 아우는 돈의 용도에 대해 여러 가지로 궁리해 본 결과 그동안 여력이 없어 만나지 못한 고향 여기저기에 헤어진 누이들을 찾아보기로 했습니다.",
		"summary2": null,
		"summary3": "형의 글과 돈을 받아 쥐고 아우는 돈의 용도를 여러 가지로 궁리해봤습니 다. 고향 여기저기에 헤어져 있는 누이들을 찾아보기로 했습니다. 그래서 결국 아우는 옹졸한 못나디 못난 성격에 맞는 안을 세웠더 이다. 고향을 떠난 지도 이십 년, 그간에 사오 년에 한 번씩 들르기는 했으나 누 이들을 찾아볼 여가는 없었습니다.",
		"summary_3_cnt": 179
	}
}