{
	"Meta(Acqusition)": {
		"doc_id": "REPORT-literature-07601",
		"doc_category": "REPORT",
		"doc_type": "literature",
		"doc_name": "창백한 얼굴들",
		"author": "채만식",
		"publisher": null,
		"publisher_year": null,
		"doc_origin": "저작권위원회"
	},
	"Meta(Refine)": {
		"passage_id": "REPORT-literature-07601-07601",
		"passage": " “어데로 갈까?” 하고 K가 휘휘 둘러본다. S는 입맛을 다신다. “글쎄…… 전차삯이나 있어야지.” “이 근처에 그 집 없나?” “포?” “응.” “무엇 있나?” K는 양복바지 앞주머니에서 시계를 꺼내어 보며 씩 웃는다. S도 마주 웃으 며 “입때 가지고 있으라고…… 갈 테건 왜×의 집으로 가세.” “그래 ××들은 그래도 물건은 알어보니까.” K와 S가 명치정으로 해서 진고개에 들어설 때에는 십원짜리 한 장이 전당 표와 한 가지로 K와 바지 뒤포켓 속에 들어 있게 되었다. 두 사람은 대판옥서점으로 가서 \"개조\"\"중앙공론\"\"경제왕래\"를 집어 들고 목차도 뒤적거리고 그 중의 논문 한 절씩을 읽어도 보고 하다가 K는 \"신청년\"S는\"킹\"한 권씩을 사 들고 나왔다. 아까다마의 나 마비루 석 잔씩이 두 사람의 기운을 도왔다. “한강 갈까?” “절로 가지.” “요새는 한강이 나어.” “아무려나.” 여름철의 한강은 서울 사는 사람들에게 매우 고마운 것이다. 왕복 찻삯 십 전을 낼 돈과 시간과 마음의 여유가 있는 사람으로부터 그 이상의 레벨 에 속한 사람들 철교 및 수영장에는 콩나물대가리같이 사람의 머리가 엉기어 있다. 아직 장마물이 빠지지 아니한 강물에는 보우트가 덮이다 시피 떠들고 그 사이로 심술궂은 모터보우트가 통탕거리고 달음질을 친다. 가마 뚜껑 같은 선유배에서는 쑥스런 장고에 맞추어 빽빽 지르는 기생의 소리가 졸음이 오도록 단조하게 울리어온다. 인도교 위에는 일정한 정원이나 있는 듯이 양편 난간으로 사람의 줄이 벌 리어져 있다.\n",
		"passage_Cnt": 752
	},
	"Annotation": {
		"summary1": "K와 S가 대판옥서점에서 한 권씩 사들고서 한강으로 갔다.",
		"summary2": null,
		"summary3": "두 사람은 대판옥서점으로 가서 \"개조\"\"중앙공론\"\"경제왕래\"를 집어 들고 목차도 뒤적거리고 그 중의 논문 한 절씩을 읽어도 보고 하다가 K는 \"신청년\"S는\"킹\"한 권씩을 사 들고 나왔다. “한강 갈까?” “절로 가지.” “요새는 한강이 나어.” “아무려나.” 여름철의 한강은 서울 사는 사람들에게 매우 고마운 것이다.",
		"summary_3_cnt": 178
	}
}