{
	"Meta(Acqusition)": {
		"doc_id": "REPORT-literature-07376",
		"doc_category": "REPORT",
		"doc_type": "literature",
		"doc_name": "감자",
		"author": "김동인",
		"publisher": null,
		"publisher_year": null,
		"doc_origin": "저작권위원회"
	},
	"Meta(Refine)": {
		"passage_id": "REPORT-literature-07376-07376",
		"passage": "어떤 날 밤, 그는 감자를 한 바구니 잘 도적질하여 가지고, 이젠 돌아오려고 일어설 때에, 그의 뒤에 시꺼먼 그림자가 서서 그를 꽉 붙들었다. 보니, 그것은 그 밭의 소작인인 중국인 왕서방이었었다. 복녀는 말도 못하고 멀진멀진 발 아래만 내려다보고 있었다.\n“우리 집에 가.” 왕서방은 이렇게 말하였다. “가재문 가디. 훤, 것두 못 갈까.” 복녀는 엉덩이를 한 번 홱 두른 뒤에 머리를 젖히고 바구니를 저으면서 왕서방을 따라갔다.\n한 시간 쯤 뒤에 그는 왕서방의 집에서 나왔다. 그가 밭고랑에서 길로 들어서려 할 때에, 문 득 뒤에서 누가 그를 찾았다. “복네 아니야?” 복녀는 홱 돌아서 보았다. 거기는 자기 곁집 여편네가 바구니를 끼고 어두운 밭고랑을 더 듬더듬 나오고 있었다.\n“형님이댔쉐까? 형님두 들어갔댔쉐까?” “님자두 들어갔댔나?” “형님은 뉘 집에?” “나? 눅서방네 집에. 님자는?” “난 왕서방네…… 형님 얼마받았소?” “눅서방네 그 깍쟁이 놈, 배추 세 페기…….” “난 삼 원 받았디.” 복녀는 자랑스러운 듯이 대답하였다.\n십 분 쯤 뒤에 그는 자기 남편과, 그 앞에 돈 삼 원을 내어떼어 뒤에, 아까 그 왕서방의 이야 기를 하면서 웃고 있었다.\n그뒤부터 왕서방은 무시로 복녀를 찾아왔다.\n한참 왕서방이 눈만 멀진멀진 앉아 있으면, 복녀의 남편은 눈치를 채고 밖으로 나간다. 왕 서방이 돌아간 뒤에는 그들 부처는, 일 원 혹은 이 원을 가운데 놓고 기뻐하고 하였다. 복녀는 차차 동리 거지들한테 애교를 파는 것을 중지하였다. 왕서방이 분주하여 못 올 때 가 있으면 복녀는 스스로 왕서방의 집까지 찾아갈 때도 있었다. 복녀의 부처는 이제 이 빈민굴의 한 부자였었다.\n",
		"passage_Cnt": 833
	},
	"Annotation": {
		"summary1": "복녀의 부처는 왕 서방에게 돈을 받아 이제 빈민굴의 한 부자였다.",
		"summary2": null,
		"summary3": "복녀의 부처는 이제 이 빈민굴의 한 부자였었다. 십 분 쯤 뒤에 그는 자기 남편과, 그 앞에 돈 삼 원을 내어떼어 뒤에, 아까 그 왕서방의 이야 기를 하면서 웃고 있었다. 님자는?” “난 왕서방네…… 형님 얼마받았소?” “눅서방네 그 깍쟁이 놈, 배추 세 페기…….” “난 삼 원 받았디.” 복녀는 자랑스러운 듯이 대답하였다.",
		"summary_3_cnt": 184
	}
}