{
	"Meta(Acqusition)": {
		"doc_id": "REPORT-literature-07450",
		"doc_category": "REPORT",
		"doc_type": "literature",
		"doc_name": "결혼식",
		"author": "김동인",
		"publisher": null,
		"publisher_year": null,
		"doc_origin": "저작권위원회"
	},
	"Meta(Refine)": {
		"passage_id": "REPORT-literature-07450-07450",
		"passage": " 지금도 나는 선비의 속을 알 수가 없어. Q씨하고 그만치 정분이 났으면 왜철수하고 혼약을 했는지. 물론 Q씨에게야 아내가 있기야 하지. 하지만 소위 연애에는 국경도 없고 계급도 없고…… 연애는 온갖 것을 초월한다는 모던걸 송선비 양에게야 Q씨에게 아내가 있고 없는 게야 문제가 안될 게 아닌 가. 죽자 사자 판에 본처가 다 뭐야. 뭘? 흥? 그래, 그렇게밖에는 해석할 수가 없겠지. ‘운명에 맡기자’, 이게 조선 사람의 공통성이니깐. 애정은 애정, 운명은 운명, 이렇게 두 군데로 갈라붙이고 놈팡이한테로 시집을 가 기로 결심을 한 거겠지. 한데, 그 혼약을 하던 이야기도 장관이야. 수재 김철수 군이 매파와 함께 선을 보러 색싯집을 가지를 않았겠나. 가니깐 좌정을 한 뒤에 이러구 저러구 색시의 어머니가 두어 마디 말을 물어보더니, “신식은 단둘이서 이야길 해야지.” 하더니 매파에게 눈씨를 해서 함께 밖으로 나가더라나. 그런 뒤에 좀 있다가 참외를 깎아서 한 대접 들여보내더라나. 그러니깐 공주 낭랑한 음성으로 말씀하시기를, “좀 가까이 와서 잡수세요.” 놈팡이 정신이 절반이나 나갔지. 카페의 웨이트리스나 기생이나 데리고 놀아본 녀석이 신식 하이컬러 색시한테 이런 말을 듣고 보니깐 어리둥절했단 말이지. “천만에 천만에.” 밑구멍으로 담만 뚫네. 머리를 푹 수그리고……. 그런 뒤에는 한참 묵언극이 연속됐네. 신랑 간간 용안을 굴려서 신부를 보면 신부는 입에 미소를 띠고 뚫어지게 신랑만 바라보겠지. 그 눈을 만나면 신랑은 또 한 번 밑구멍으 로 담을 뚫고……. 이러다가 갑자기 버썩하는 소리가 들려서 보니깐 신부가 신랑의 가까이 왔더라나.\n",
		"passage_Cnt": 810
	},
	"Annotation": {
		"summary1": "매파와 함께 선을 보러 수재 김철수 군이 색싯집에 갔는데 신식은 단둘이서 이야기를 하는 거라며 색시의 어머니가 매파와 함께 밖으로 나갔다.",
		"summary2": null,
		"summary3": "수재 김철수 군이 매파와 함께 선을 보러 색싯집을 가지를 않았겠나. 가니깐 좌정을 한 뒤에 이러구 저러구 색시의 어머니가 두어 마디 말을 물어보더니, “신식은 단둘이서 이야길 해야지.” 하더니 매파에게 눈씨를 해서 함께 밖으로 나가더라나.",
		"summary_3_cnt": 134
	}
}