{
	"Meta(Acqusition)": {
		"doc_id": "REPORT-literature-07401",
		"doc_category": "REPORT",
		"doc_type": "literature",
		"doc_name": "큰 수수께기",
		"author": "김동인",
		"publisher": null,
		"publisher_year": null,
		"doc_origin": "저작권위원회"
	},
	"Meta(Refine)": {
		"passage_id": "REPORT-literature-07401-07401",
		"passage": " 그의 집에서는 방금 비극이 시작되는 즈음이었다. 그가 거의 집에 이르렀을 때 남편의 토하는 소리가 들렸다. 왜 그러느냐고 부르짖는 시어머니의 소리가 들렸다. 서분이는 더 참지를 못하였다. 그는 단걸음에 뛰어가서 토방 위에 올라섰다. 그리고 문걸쇠를 잡으려다가 손을 도로 내리고 귀를 기울였다.\n안에서는 벅적하였다. 남편의 토하는 소리와 신음하는 소리, 부모의 덤비는 소리, 쿵쿵 몸이 뛰노는 소리……. 서분이는 문을 열어젖히며 뛰어 들어갔다. “어머니, 왜 그래요?” “글쎄, 알겠니. 속이 모두 찢어지는 것 같다 누나. 이걸 어쩐담.” 서분이는 남편을 보았다. 남편의 얼굴은 고통 때문에 밉게 찡그려져 있었다. 몸은 잠시도 쉬지 않고 뛰놀았다. 순간, 서분이는 마음에 폭발하는 공포를 깨달았다. 그는 눈으로 죽음을 보았다. 죽음이란 얼마나 두렵고 큰 것인지를 보았다. 그 죽음이 제 남편의 위에 임한 것을 보았다. 죽음을 임하게 한 것이 자기라는 것도 자각하였다. 동시에 남편에 대하여 아직까지 가져보지 못한 관념이 폭발하듯이 그의 마음에 튀어 올랐다. ‘저 사람은 내 사람.’ 지금 자기의 독수 때문에 고통하며 혹은 죽을는지도 모르는 그 사람은 시부모의 아들이라기보다도 친정 부모의 사위라기보다도 서분이 자기의 사람이라는 생각이 강렬히 불붙어 올랐다. 저 사람은 내 사람. 죽기까지 동고동락을 하여야 할 사람…… 구원하여야겠다. 어떤 일이 있든 구하여야겠다. 결코 죽게 해서는 안되겠다.\n",
		"passage_Cnt": 724
	},
	"Annotation": {
		"summary1": "서분이는 죽음이 제 남편의 위에 임한 것을 보았고 그 죽음을 임하게 한 것이 자기라는 자각이 들어 저 사람은 내 사람이고 결코 죽게 해서는 안되겠다는 마음이 튀어 올랐다.",
		"summary2": null,
		"summary3": "순간, 서분이는 마음에 폭발하는 공포를 깨달았다. 그 죽음이 제 남편의 위에 임한 것을 보았다. 죽음을 임하게 한 것이 자기라는 것도 자각하였다. 동시에 남편에 대하여 아직까지 가져보지 못한 관념이 폭발하듯이 그의 마음에 튀어 올랐다. ‘저 사람은 내 사람.’ 죽기까지 동고동락을 하여야 할 사람…… 구원하여야겠다. 어떤 일이 있든 구하여야겠다. 결코 죽게 해서는 안되겠다.",
		"summary_3_cnt": 216
	}
}