{
	"Meta(Acqusition)": {
		"doc_id": "REPORT-literature-07671",
		"doc_category": "REPORT",
		"doc_type": "literature",
		"doc_name": "붉은 산",
		"author": "김동인",
		"publisher": null,
		"publisher_year": null,
		"doc_origin": "저작권위원회"
	},
	"Meta(Refine)": {
		"passage_id": "REPORT-literature-07671-07671",
		"passage": " 며늘년들이 조반이나 지었나? 손주 놈들이 잠자리나 준비했나? 마치 그 동네의 모두가 자기의 집안인 것같이 '삵'은 마음대로 이 집 저 집을 드나들었다. ××촌에서는 사람이라도 죽으면 반드시 조상 대신으로, 삵이나 죽지 않고.\n하는 한마디의 말을 잊지 않고 하였다. 누가 병이라도 나면, 에익! 이 놈의 병 '삵'한테로 가거라.\n고 하였다. 암종 누구나 '삵'을 동정하거나 사랑하는 사람이 없었다. '삵'도 남의 동정이나 사랑은 벌써 단념한 사람이었다. 누가 자기에게 아무런 대접을 하든 탓하지 않았다. 보이는 데서 보이는 푸대접을 하면 그 트집으로 반드시 칼부림까지 하는 그였지만, 뒤에서 아무런 말을 할지라도 그리고 그것이 '삵'의 귀에까지 갈지라도 탓하지 않았다. 흥… 이 한마디는 그의 가장 큰 처세 철학이었다. 흔히 곁 동네 만주국인들의 투전판에 가서 투전을 하였다. 때때로 두들겨 맞고 피투성이가 되어서 돌아오는 일도 있었다. 그러나 그는 그 하소연을 하는 일이 없었다.\n한다 할지라도 들을 사람도 없거니와 아무리 무섭게 두들겨 맞은 뒤라도 하루만 샘물에 상처를 씻고 절룩절룩한 뒤에는 또 이튿날은 천연히 나다녔다. 여(余)가 ××촌을 떠나기 전날이었다. 송 첨지라는 노인이 그해 소출을 나귀에 실어 가지고 만주국인 지주가 있는 촌으로 갔다.\n그러나 돌아올 때는 송장이 되었다. 소출이 좋지 못하다고 두들겨 맞아서 부러져 꺾어진 송 첨지는 나귀등에 몸이 결박되어서 겨우 ××촌으로 돌아왔다. 그리고 놀란 친척들이 나귀에서 몸을 내릴 때에 절명하였다.\n",
		"passage_Cnt": 762
	},
	"Annotation": {
		"summary1": "삵을 사랑하거나 동정하는 사람은 없었고 삵도 누가 자기에게 동정과 아무런 대접을 하든 단념하고 탓하지 않았다.",
		"summary2": null,
		"summary3": "마치 그 동네의 모두가 자기의 집안인 것같이 '삵'은 마음대로 이 집 저 집을 드나들었다. 암종 누구나 '삵'을 동정하거나 사랑하는 사람이 없었다. '삵'도 남의 동정이나 사랑은 벌써 단념한 사람이었다. 누가 자기에게 아무런 대접을 하든 탓하지 않았다. 흥… 이 한마디는 그의 가장 큰 처세 철학이었다.",
		"summary_3_cnt": 173
	}
}