{
	"Meta(Acqusition)": {
		"doc_id": "REPORT-literature-07421",
		"doc_category": "REPORT",
		"doc_type": "literature",
		"doc_name": "산남",
		"author": "강경애",
		"publisher": null,
		"publisher_year": null,
		"doc_origin": "저작권위원회"
	},
	"Meta(Refine)": {
		"passage_id": "REPORT-literature-07421-07421",
		"passage": "운전수는 일어나서, 자 이 바를 끄시우.? 서슴지 않고 바의 한끝을 사나이에게 내쳐 주었읍니다. 사나이는 잠잠히 바를 받아가지고 같이 끌 사람이 있는가 하여 둘러보는 양이었으나 누구 한 사람 나서지 않았읍니다. 그는 혼자임을 안 까닭인지 바를 허리에 걸고 옹루를 짓고 있습니다. 그새 승객들은 두 편으로 차 바퀴를 밀고 더러는 서서 밀며 운전수와 조수는 승객 뒤에서 미는 모양이었읍니다. 나 는 이러하고 있을 때가 아니라 하여 이를 악물고 차 곁으로 와서 차에 매달리었읍니다.\n엇차,엇차.? 여러 사람은 림 있게 외쳤읍니다. 사나이는 버스로부터 이삼보 가량이나 나가 섯으며 허리 에 바를 여유 있게 동였고 주먹을 부르쥐고 앞으로 나가려고 힘을 씁니다. 굵은 짚신 뒤에 귤껍질같이 거칠어 보이는 발 뒤꿈치가 힘쓰는데 따라 올랐다 내렸다 하였습니다. 발가락 은 어찌나 긴지 여느 사람의 손가락만이나 하였고 그 마디에 굵은 봉취가 박히었읍니다.\n엇차, 엇차!? 이런 소리가 쉴 새 없이 흘렀읍니다. 버스와 사나이 사이서 바는 팽팽히 잡아 씌었고 뚝뚝하 는 바 소리가 사나이의 생사를 결단하려는 것 같아 가슴이 서늘 하였습니다. 무엇보다도 자칫 발못하면 차가 절벽으로 굴러 덜어질 것이요, 거기에 따라 사나이도 딸려 들어갈 것이 뻔한 것이므로 그래 바를 허리에 동이지 말고 손으로 끌었으면 하나 누구 한 사람이 말을 입에 올리는 이 없었습니다. 사나이의 발 뒤꿈치는 어느덧 흙에 묻히었고 짧은 잠방이 가 랑이 밑의 털이 푸수수한 다리엔 쇠사슬 같은 힘줄이 불뚝 솟아올랐으 비니다. 힘을 좀 쓴 탓인지 추운 증은 멎었으나 숨이 차고 헛구역질이 나며 앞이 아뜩하므로 나는 산비탈로 왔 읍니다. 하늘이 팽팽도는 듯하여 나는 눈을 감고 한참이나 진정하여 가지고 눈을 드니 사 람들이 모두 버스 빛같이 누렇게 보였읍니다. 나의 눈은 사나이 위에 멈춥니다. 그는 머리 를 푹 숙이고 헐떡였으 비니다. 되는 대로 흘러내려온 새치 가득한 머리엔 안개비로 뽀얗고 그 새로 반쯤 잠긴 검실검실한 큰 눈이 반쯤 잠겨 있으며 시커먼 눈섭위에 퍼런 힘줄이 눈 을 괴롭힐 듯 뻗치었고 그의 옷은 함빡 젖어 거치른 뼈마디가 환히 드러나고 있습니다. 그 허리에 바가 꽉 비틀어 잠겨 있습니다.\n",
		"passage_Cnt": 1096
	},
	"Annotation": {
		"summary1": "누구 한 사람 나서지 않자 혼자임을 안 그는 옹루를 짓고 있었고 그새 승객들은 차바퀴를 밀었다.",
		"summary2": null,
		"summary3": "사나이는 잠잠히 바를 받아가지고 같이 끌 사람이 있는가 하여 둘러보는 양이었으나 누구 한 사람 나서지 않았읍니다. 그는 혼자임을 안 까닭인지 바를 허리에 걸고 옹루를 짓고 있습니다. 그새 승객들은 두 편으로 차 바퀴를 밀고 더러는 서서 밀며 운전수와 조수는 승객 뒤에서 미는 모양이었읍니다.",
		"summary_3_cnt": 164
	}
}