{
	"Meta(Acqusition)": {
		"doc_id": "REPORT-literature-07596",
		"doc_category": "REPORT",
		"doc_type": "literature",
		"doc_name": "여인",
		"author": "김동인",
		"publisher": null,
		"publisher_year": null,
		"doc_origin": "저작권위원회"
	},
	"Meta(Refine)": {
		"passage_id": "REPORT-literature-07596-07596",
		"passage": " 이렇게 옥엽을 보내기는 하였지만 마음의 아프고 쓰리고 분함은 어찌 할수가 없었다. 머―ㄴ산을 정신없이 바라보고 앉았다가 안해에게 비웃 기운 때가 한두 번이 아니었다. 밤에도 이리 뒤채고 저리 뒤채고 잠을 들지를 못하였다. 번민과 고통, 게다가 아직 끊을 수 없는 옥엽에게 대한 미련 등으로 나의 몸과 마음은 극도로 쇠약하여졌다. 안해는 하릴이 없던지 나에게 어떤 온정(溫井)이라도 좀 가 있기를 권하였다. 이리하여 나는 용강(龍岡) 온정으로 가려고 몇 달 만에 진남포(鎭南浦)에 발을 들여놓았다. 그날 밤 흥분된 나는 한잠을 못 이루었다. 이 땅, 이 진남포는 더욱 나에게 아직 기억에 새로운 옥엽의 일을 생각나게 하였다. 옥천대(玉泉臺), 보림사, 오산 과원(五山果園), 옥엽의 집, 따마야(たまや—祠堂)등, 여름의 한때를 옥엽과 같이 보내던 즐거운 몇 곳의 장소가 나의 머리에 왔다갔다 하였다. 그리고 그 각곳에서 그가 내귀에 대고 부르던 노랫가락의 한 구절이 귀에 쟁쟁 울리었다—. 용산 삼개 공덕치허에 늙는 돌이 있답디다. 아희야, 거짓말 말아 늙은돌이 어데있다. 옛 노인 하시는 말씀, 노돌이라 하옵디다. 나는, 몇 번을 속으로 그 노랫가락을 읊어 보았다. 이튿날, K라는 친구를 만났다. 그는 나의 용강행을 막고, 자기와 같이 오룡배(五龍背) 온정을 가자고 권하였다. “아무 곳이라도.” 특별히 용강에 마음이 있던 바가 아닌 나는 그 말을 좇아서 오룡배로 가기로 방침을 바꾸었다. 그날 저녁 K와 나는 진남포서 평양행 기차에 몸을 실었다. 그리고 그 기차가 막 떠날 때에 우리가 탄 차의 문이 덜컥 열리며 거기 옥엽이 나타났다. 그는 숨을 씩씩거리며 달려와서, “여보, 좀 내립시다.” 하면서 나를 끄을어당겼다.\n",
		"passage_Cnt": 854
	},
	"Annotation": {
		"summary1": "옥엽을 보내고 밤에도 잠에 들지 못하여 몸과 마음이 쇠약해진 나는 안해의 권유로 용강 온정에 가려고 진남포에 발을 들여놓았다.",
		"summary2": null,
		"summary3": "이렇게 옥엽을 보내기는 하였지만 마음의 아프고 쓰리고 분함은 어찌 할수가 없었다. 밤에도 이리 뒤채고 저리 뒤채고 잠을 들지를 못하였다. 번민과 고통, 게다가 아직 끊을 수 없는 옥엽에게 대한 미련 등으로 나의 몸과 마음은 극도로 쇠약하여졌다. 안해는 하릴이 없던지 나에게 어떤 온정(溫井)이라도 좀 가 있기를 권하였다. 이리하여 나는 용강(龍岡) 온정으로 가려고 몇 달 만에 진남포(鎭南浦)에 발을 들여놓았다.",
		"summary_3_cnt": 234
	}
}