{
	"Meta(Acqusition)": {
		"doc_id": "REPORT-literature-07289",
		"doc_category": "REPORT",
		"doc_type": "literature",
		"doc_name": "동생을 찾으러",
		"author": "방정환",
		"publisher": null,
		"publisher_year": null,
		"doc_origin": "저작권위원회"
	},
	"Meta(Refine)": {
		"passage_id": "REPORT-literature-07289-07289",
		"passage": " 어떻게 놀라지 않겠습니까? 그러지 않아도 청국 사람들이 우리나라 소녀 들을 훔쳐다가 청국 옷을 입혀 가지고 청국에 가서 팔아 버린다는 사실이 신문에 자주 나게 되어, 어린 딸 가진 부모는 불안에 싸여 지내는 터인데, 이제 순희의 편지를 보면 분명히 그런 악당에게 붙들렸으니, 그 무지스럽고 흉악한 놈의 손에 끌리어, 오늘 청국으로 팔려 갈런지 내일 팔려 갈런지 알 수 없는 일이었습니다. 할머니와 어머니는 다시 아무 말할 기운도 없이 정신 빠진 사람처럼 눈물 에 젖은 눈을 멍하고 뜨고 계셨습니다. 아주머니는 그래도 어떻게 한시바삐 찾아볼 도리를 해야 않느냐고 안타까워하였습니다. 창호는 학교도 그만두고 그 길로 편지를 쥐고 경찰서로 뛰어갔습니다. 그러나 경찰에서도 그 편지만 으로는 찾기가 대단히 어렵다는 섭섭한 대답이었습니다. 되도록 조사는 해 보지마는 처음에 붙잡힌 집이 정동 기와집 이라하니, 그 런 집이 하나 둘 뿐이 아니고, 지금 잡혀 가 있다는 집은동네부터 알 수 없으니, 이 넓은 장안에 어느 구석에 붙잡혀 있는지 알 수가 있느냐는 말이 었습니다. 창호는 그 말을 들을 때 어찌도 답답한지 몰랐으나, 그러나 경찰서에서 나 와 걸으면서 생각하니, 나는 그 편지뿐으로는 어찌할 도리가 없었습니다.\n창호는 집으로 가지 아니하고 하도 답답하여 금화산으로 올라갔습니다. 산 에서는 온 장안이 한눈에 내려다보았습니다. 그 한눈에 내려다보이는 장안 속 어느 곳에 지금 순희가 갇혀 고생하고 있을 생각을 하니까, 그 길로 뛰 어 내려가서 집집을 모조리 뒤져보고 싶기까지 하였습니다.\n",
		"passage_Cnt": 775
	},
	"Annotation": {
		"summary1": "경찰도 그 편지만으로는 찾기 어렵다고 하자 창호는 답답하여 금화산에 올라 장안을 내려다보며 집집을 모조리 뒤져보고 싶은 마음이었다.",
		"summary2": null,
		"summary3": "그러나 경찰에서도 그 편지만 으로는 찾기가 대단히 어렵다는 섭섭한 대답이었습니다. 창호는 집으로 가지 아니하고 하도 답답하여 금화산으로 올라갔습니다. 그 한눈에 내려다보이는 장안 속 어느 곳에 지금 순희가 갇혀 고생하고 있을 생각을 하니까, 그 길로 뛰 어 내려가서 집집을 모조리 뒤져보고 싶기까지 하였습니다.",
		"summary_3_cnt": 175
	}
}