{
	"Meta(Acqusition)": {
		"doc_id": "REPORT-literature-07201",
		"doc_category": "REPORT",
		"doc_type": "literature",
		"doc_name": "해돋이",
		"author": "최서해",
		"publisher": null,
		"publisher_year": null,
		"doc_origin": "저작권위원회"
	},
	"Meta(Refine)": {
		"passage_id": "REPORT-literature-07201-07201",
		"passage": " “아! 공손히 잡히리라. 어머니와 처자를 살리리라. 그렇지 않으련들 이 방맹이로 무얼 하랴?” 그는 방망이를 힘없이 떨어뜨리고 문을 덜렁 벗겼다. 흥분의 열정에 거의 광적 상태가 되었던 만수는 찰나찰나 옮기는 새에 차츰 자기라는 것을 의식하게 되었다. 그의 가슴은 좀 고요하였다. “내가 왜 문을 벗겼을까!” 문을 벗기고 두어 걸음 물러선 그는 후회하였다. 그러나 다시 문걸 용기는 나지 않았다. “만수 어서 나서거라. 이제야 독안에 든 쥐지……. 허허…….” 밖에서 지르는 소리는 확실히 낯익은 소리다. 만수는 뜻밖이라는 듯이 눈 을 굴렸다. 그 소리에는 조롱의 여운이 너무도 흐른다. 문을 벗긴 후에도 한참이나 주저거리더니 웬 자가 방문을 벗겨 잡아 제친 다. “꽝” 번뜩하는 불빛과 같이 총 소리가 방안을 터칠 듯이 울린다. 구 릿한 화약 냄새가 무거운 밤 공기에 빛 없이 퍼진다. “꿈적하면 이렇게 쏠 테다.” 헛총으로 간담을 놀랜 자는 이렇게 소리치면서 들어선다. 이때에 파―란 회중 전등불이 도깨비불같이 방안을 들어 쏜다. 한 자가 기름 등잔에 불을 켤 때에는 십여 명이나 방에 죽 들어섰다. 권총을 고여 들고 둘러선 모든 자들 눈에는 검붉은 핏줄이 올올이 섰다. 이 속에 고요히 선 만수의 가슴은 생사지역(生死之域)을 초월한 듯이 아주 냉랭하였다. 여태까지 끓던 열정은 어디로 갔는지?…… 몽주는 부들부들 떠는 어미의 가슴에서 낯빛이 까매 운 다. 얼굴이 거무레한 자가 “빠가”하면서 어린것의 가슴에 권총을 고여 든 다. 만수 아내는 몽주를 안은 채 그냥 앞으로 엎드린다. 그것을 보는 만수 의 두 눈에서는 불이 빈쩍 일어났다.\n",
		"passage_Cnt": 808
	},
	"Annotation": {
		"summary1": "몽주의 가슴에 권총을 고여들자 만수의 아내는 몽주를 안은 채 그냥 앞으로 엎드렸고 그것을 본 만수의 두 눈에서 불이 번쩍 일어났다.",
		"summary2": null,
		"summary3": "…… 몽주는 부들부들 떠는 어미의 가슴에서 낯빛이 까매 운 다. 얼굴이 거무레한 자가 “빠가”하면서 어린것의 가슴에 권총을 고여 든 다. 이 속에 고요히 선 만수의 가슴은 생사지역(生死之域)을 초월한 듯이 아주 냉랭하였다. 만수 아내는 몽주를 안은 채 그냥 앞으로 엎드린다. 그것을 보는 만수 의 두 눈에서는 불이 빈쩍 일어났다.",
		"summary_3_cnt": 188
	}
}