{
	"Meta(Acqusition)": {
		"doc_id": "REPORT-literature-07275",
		"doc_category": "REPORT",
		"doc_type": "literature",
		"doc_name": "소라",
		"author": "이효석",
		"publisher": null,
		"publisher_year": null,
		"doc_origin": "저작권위원회"
	},
	"Meta(Refine)": {
		"passage_id": "REPORT-literature-07275-07275",
		"passage": " 분녀와의 사이도 사실은 학수가 학교를 버린 후부터는 뒤틀리고 빗나가기가 일쑤였다. 앞으로 졸업을 일년 앞둔 모처럼의 길을 중간에서 접질리우고 말하자면 쫓겨난 것이니 기대가 컸던 분녀에게 큰 실망을 주었을 것은 사실이었다. 농업학교를 마치면 보통학교의 삼종훈도나 금융조합의 서기쯤은 제물에 떼놓는 셈이다. 포구 사람들이 우러러볼 뿐이 아니라 읍내에서 제법 뽐을 내게 되었다. 일년이면 얻을 그 아름다운 결과를 학수는 조그만 불찰로 스스로 버리고 만 셈이다. 분녀와의 사이에는 그가 그렇게 출세했을 후의 언약이 피차에 은연중에 맺어졌던 것이다. 포구 사람들도 그것을 믿었고 분녀는 거기서 한층의 용기를 얻어 날마다의 일에도 힘이 맺히고 마음이 기뻤다. 그만큼 일단 일이 어그러졌을 때의 분녀의 믿은 타격은 컸고 마음은 무거워만 졌다. 그 당초에는 입맛을 잃고 며칠 동안은 일도 손에 잡히지 않는 지경으로그때부터 학수와의 사이에는 말도 적어지고 사이도 점점 뜨게 되었다. 분녀의 마음도 괴로울 것이나 학수의 마음속은 더 말할 것 없이 괴롭고 무거운 채로 지금에 이른 것이다.\n그렇다고 학수가 자진적으로 분녀에게 설명하고 원하고 할 수도 없는 노릇이어서 그는 다만 괴로운 심사를 꾹 참고는 분녀의 자태를 멀리서 바라보는 버릇을 배웠을 뿐이다. 특히 그가 어머니의 나귀 옆에 서서 읍으로 동행할 때에는 그 화목스런 양이 마치 두 모녀의 양과도 같이 보였다. 학수는 괴로운 가운데에서도 남모를 일종의 위안을 움켜내면서 될 수 있으면 어머니의 혼잣길보다도 분녀와의 동행하는 것을 보려고 불역에서 그 기회를 은근히 살피고 엿보는 날이 요사이에 와서는 많아졌던 것이다.\n",
		"passage_Cnt": 815
	},
	"Annotation": {
		"summary1": "졸업을 일 년 앞둔 농업학교에서 학수가 쫓겨나자 분녀가 크게 실망하면서 둘의 사이가 빗나가고 뒤틀리기 일쑤였다.",
		"summary2": null,
		"summary3": "분녀와의 사이도 사실은 학수가 학교를 버린 후부터는 뒤틀리고 빗나가기가 일쑤였다. 앞으로 졸업을 일년 앞둔 모처럼의 길을 중간에서 접질리우고 말하자면 쫓겨난 것이니 기대가 컸던 분녀에게 큰 실망을 주었을 것은 사실이었다. 농업학교를 마치면 보통학교의 삼종훈도나 금융조합의 서기쯤은 제물에 떼놓는 셈이다.",
		"summary_3_cnt": 171
	}
}