{
	"Meta(Acqusition)": {
		"doc_id": "REPORT-literature-07346",
		"doc_category": "REPORT",
		"doc_type": "literature",
		"doc_name": "황진이(黃眞伊)…",
		"author": "차상찬",
		"publisher": null,
		"publisher_year": null,
		"doc_origin": "저작권위원회"
	},
	"Meta(Refine)": {
		"passage_id": "REPORT-literature-07346-07346",
		"passage": "원래 이 노래 속에 벽계 수(碧溪水)란 말은 곧 벽계 수(壁溪守)를 대용함이요 명월은 황진이의 자(字)인 까닭에 진이는 그때 즉경을 취하여 그 노래를 지 은 것이었다.\n황진이는 비록 화류장에 몸을 던졌으나 항상 척당불긔(倜黨不羈)한 지개와 비분강개의 뜻이 있어서 달밝고 고요한 밤이면 선죽교(善竹橋)나 만월대(滿 月臺)에 가서 통곡도 하고 노래도 하여 고려의 옛일을 조상하였다. 한 번은 몽중에 어떤 백마(白馬)를 탄 장수가 예전 고려 때의 활 쏘던 사장(射場)에 와서 말을 멈추고 연연하여 차마 가지못하는 것을 보고 깨어서 생각하되 그 장수는 필경 옛날 고려시대의 어느 장수로 죽은 고혼이라도 차마 고국을 잊 지못하여 그리하는 것이라 하고 추연히 눈물을 흘리며 노래를 한편 지었으 니 이것도 세상에 많이 유전하는 소위 송도 회고지가(松都懷古之歌)이다.\n오백년 도읍지(五百年都邑地)에 필마(匹馬)로 돌아드니 산천은 의구커늘 인 걸(人傑)은 어디 간고 두어라 고국흥망을 물어무삼하리오 황진이는 이와같이 일생을 지나다가 사십내외에 불행히 병에 걸려 죽었다.\n그는 죽을 때에 집안 사람들에게 유언하되 \"나는 평생에 여러 사람들과 같이 놀기를 좋아 하였은즉 고적한 산중에다 묻어 주지 말고 내인 거객이 많이 다니는 대로변에다 묻어주며, 또 평생에 음률을 좋아하였은즉 장사 지낼 때에도 곡을 하지 말고 풍악을 잡혀서 장례 를 지내달라\" 하였더니 집안 사람들이 그의 유언대로 풍악을 잡혀서 큰길가에다 장례를 지냈었다. 그의 무덤은 몇백년 전까지도 송도 대로변에 있어서 천하호협 시 인(豪俠詩人) 임백호(林白湖 ─ 名[명]은悌[제])같은 이는 평안도사(平安都 事)로 부임하던 길에 일부러 제 문(祭文)을 지어가지고 그의 무덤에까지 가 서 제를 지내 주었다가 그것이 언관(言官)에게 말썽거리가 되어 그 일로 좌 천까지 된일이 있었다.\n",
		"passage_Cnt": 907
	},
	"Annotation": {
		"summary1": "황진이는 유언으로 대로변에 묻어달라고 하여 그의 유언대로 큰 길가에서 장례를 지냈다.",
		"summary2": null,
		"summary3": "그는 죽을 때에 집안 사람들에게 유언하되 \"나는 평생에 여러 사람들과 같이 놀기를 좋아 하였은즉 고적한 산중에다 묻어 주지 말고 내인 거객이 많이 다니는 대로변에다 묻어주며, 또 평생에 음률을 좋아하였은즉 장사 지낼 때에도 곡을 하지 말고 풍악을 잡혀서 장례 를 지내달라\" 하였더니 집안 사람들이 그의 유언대로 풍악을 잡혀서 큰길가에다 장례를 지냈었다.",
		"summary_3_cnt": 197
	}
}