{
	"Meta(Acqusition)": {
		"doc_id": "REPORT-literature-07260",
		"doc_category": "REPORT",
		"doc_type": "literature",
		"doc_name": "투환금은(偸煥金銀)",
		"author": "윤백남　",
		"publisher": null,
		"publisher_year": null,
		"doc_origin": "저작권위원회"
	},
	"Meta(Refine)": {
		"passage_id": "REPORT-literature-07260-07260",
		"passage": " 거기에는 이전에 있던 고리짝 부담짝은 형사를 감추고 화류 농장과 의거리 가 으리으리하다. \"자꾸 그렇게 이상스러이 여기시지 말고 이 편지를 보시구려 생각이 나실 테니.\" 하고 부인은 장농 설합에서 한 봉 편지를 내어준다. 조씨는 그 편지를 읽어본즉 그것은 자기가 병중에 있으므로 대필하여 보낸 다하는 서두를 쓰고 돈 삼천냥를 보내니 우선 집를 사서 나가고 세간 즙물 도 남부럽지 않게 장만하라는 뜻이 적혀 있다. \"그 편지하고 돈를 가지고 왔길래 그날로 나서서 이 집를 흥정해 들고 세 간서껀 다 장만를 하지 않았겠수.\" 한다. 조씨는 아랫목에 펄썩 주저 앉아서 감루를 흘리었다. \"이것은 필시 그 녹림장군의 짓일 것이다.\" 올라 올 때 돈 삼백냥를 주며 \"이것은 노자로 쓰십시오. 서울 가시면 뜻밖에 편하게 계시게 될는지 뉘 알겠습니까.\" 하던 말이 다시 생각난다. 반드시 그 장군의 짓일 것이다. 조씨는 서관 쪽를 향하여 합장하여 몇 차례나 속으로 그 장군의 복록를 축 수하였다. \"대관절 웬 곡절인지 자세한 말씀이나 해 들려 주시구려.\" 이번에는 아내가 놀랄 차례가 되었다. 이제까지 남편이 보낸 돈인 줄만 여기고 있던 부인이 이제 남편의 하는 양 를 보매 어이 된 곡절를 아지 못하였다. 조씨는 비로소 자기의 소경사를 낱낱이 이야기하고 그 녹림객의 후의를 눈 물로써 감사하여 마지 않았다. 아내도 기쁜 눈물를 흘리며 \"나는 한 감사의 덕인 줄만 여기고 사람이 잘 되면 마음까지 후하게 된다 고 오는 사람에게 이야기를 하여 칭송를 마지 않았더니 이제 말씀를 들으 니 그런 못된 위인이 어디 있단 말씀요, 그럴수록 그 녹림장군이란 이는 생부지 초면에 이런 후덕를 베푸니 세상에 같은 사람에도 어쩌면 그다지 틀린단 말요. 올해는 날이 점점 추워가니 다시 서관에 가실 수야 있소마는 내년 봄이 되거들랑 다시 한 번 그 산속에 찾아 들어가서 치사나 하구 돌아 오슈.\" \"그것 참 좋은 말요. 그래야만 사람의 도리가 되겠소.\" 하고 무한이 기뻐하였다.\n",
		"passage_Cnt": 980
	},
	"Annotation": {
		"summary1": "조씨가 보낸 편지를 부인이 내어주어 읽어보니 보낸 돈 삼천냥으로 집을 사서 나가고 세간 즙물을 장만하라고 쓰여있다.",
		"summary2": null,
		"summary3": "\"자꾸 그렇게 이상스러이 여기시지 말고 이 편지를 보시구려 생각이 나실 테니.\" 하고 부인은 장농 설합에서 한 봉 편지를 내어준다. 조씨는 그 편지를 읽어본즉 그것은 자기가 병중에 있으므로 대필하여 보낸 다하는 서두를 쓰고 돈 삼천냥를 보내니 우선 집를 사서 나가고 세간 즙물 도 남부럽지 않게 장만하라는 뜻이 적혀 있다.",
		"summary_3_cnt": 181
	}
}