{
	"Meta(Acqusition)": {
		"doc_id": "REPORT-literature-07205",
		"doc_category": "REPORT",
		"doc_type": "literature",
		"doc_name": "소라",
		"author": "이효석",
		"publisher": null,
		"publisher_year": null,
		"doc_origin": "저작권위원회"
	},
	"Meta(Refine)": {
		"passage_id": "REPORT-literature-07205-07205",
		"passage": "아까까지의 우울도 어느 결엔지 사라지고 분녀와 어머니의 사정도 잊어버리고 오금에 솟는 힘이 근실근실 전신에 파도쳐 흘렀다. 또 한 가지 신기한 발견이었다. 볼에 찬 지 불과 십분이 못되어서 그 탄력 있는 명랑한 볼 튀는 소리를 듣고 포구의 아이들이 몰려왔고 장정들도 어슬렁어슬렁 뒤를 따라 풀밭으로 물려드는 것이었다. 학교 운동장에서 볼을 찰 때와는 또 의미가 달랐다. 운동에 별반 흥미를 느끼지 못하던 학수가 이제 그 속에서 새로운 뜻을 길러내게 되었다. 아이들과 장정들도 어느덧 두 사람들의 경기 속에 들어들 와서 한데 휩쓸려서 유쾌하게 웃고 쓰러지고 지껄이고들 했다. 구르는 볼을 먼저 집은 사람이 힘껏 차올리면 볼은 쏜살같이 하늘로 쑤욱 솟는 것이다. 솟는다 솟는다. 까아맣게 솟는다.\n하늘 위에 오른다─볼과 함께 그것을 치어다보는 사람들의 마음들도 볼 동안에 하늘 위로 까아맣게 솟는 것이었다. 볼 차기가 시작된 후로 학수는 확실히 새로운 힘과 새로운 방법을 발견한 셈이었다. 참으로 예측하지 못했던 신기한 발견이었다. 명재는 날마다 읍내에서 오리 길을 혹은 걸어서 혹은 자전거로 나왔다. 두 사람이 볼을 가지고 풀밭에 이를 때면 반드시 아이들을 선두로 장정들이 모여든다. 사공의 김선달 박서방……밭에서 최서방 이도령……한가나 할 때면 수십 명의 장정이 볼 동안에 모여들었다. 볼 소리가 한 번 울리기 시작하면 풀밭은 금시에 왁자지껄해지며 유쾌한 장마당으로 변한다. 어떤 때는 학수들은 포구를 떠나 슬며시 바위께로 이르는 고개를 넘어 온다. 포구에서 댓 마정 떨어진 곳이나 고개를 바로 넘은 곳에는 바다가 후미져 도는 아늑하고 고요한 풀밭이었다. 그곳까지도 사람들은 따라오는 것이었다. 두 시간 세 시간 차는 동안에는 사람들도 물론 차례차례로 다소간 갈리기는 했으나처음부터 끝까지 화하는 사람도 많았다. 으슥한 후미 속에 볼 소리는 맑게 울리고 그 소리와 함께 사람들의 마음들도 유쾌하게 화하고 일치되었다. 볼이 울릴 때에는 마음도 울리고 볼이 설 때에는 마음도 섰다 . 한바탕 차고 풀밭 위에 군데군데 앉아 쉴 때에도 뭇사람의 마음은 같은 생각 같은 방향으로 정지되었다. 잠자코 그 무엇을 기다리는 듯이 고요히들 앉았을 때에는 학수는 벌떡 일어서서 한 자리 연설이라도 하고 싶은 그런 충동을 느꼈다. 그때이면 물론 집안일이고 분녀의 일이고 간에 그런 사소한 세상일은 씻은 듯이 마음속에서 자취 없이 사라져 버리는 것이었다.\n",
		"passage_Cnt": 1195
	},
	"Annotation": {
		"summary1": "운동에 별반 흥미가 없던 학수가 학교 운동장에서 찰 때와는 또 다르게 새로움을 느꼈고 아이들과 장정들이 볼 튀는 소리를 듣고 풀밭으로 몰려와 어느덧 경기 속에서 한데 어울렸다.",
		"summary2": null,
		"summary3": "운동에 별반 흥미를 느끼지 못하던 학수가 이제 그 속에서 새로운 뜻을 길러내게 되었다. 학교 운동장에서 볼을 찰 때와는 또 의미가 달랐다. 볼에 찬 지 불과 십분이 못되어서 그 탄력 있는 명랑한 볼 튀는 소리를 듣고 포구의 아이들이 몰려왔고 장정들도 어슬렁어슬렁 뒤를 따라 풀밭으로 물려드는 것이었다. 아이들과 장정들도 어느덧 두 사람들의 경기 속에 들어들 와서 한데 휩쓸려서 유쾌하게 웃고 쓰러지고 지껄이고들 했다.",
		"summary_3_cnt": 236
	}
}