{
	"Meta(Acqusition)": {
		"doc_id": "REPORT-literature-07587",
		"doc_category": "REPORT",
		"doc_type": "literature",
		"doc_name": "칠칠단의 비밀",
		"author": "방정환",
		"publisher": null,
		"publisher_year": null,
		"doc_origin": "저작권위원회"
	},
	"Meta(Refine)": {
		"passage_id": "REPORT-literature-07587-07587",
		"passage": " 그리고는 큰일이나 난 듯이, “저기, 저기!” 하고, 가는 소리로 속살거리면서 포막 터 건너 한길을 가리켰습니다. 노인 과 학생도 그곳을 바라보고 눈이 둥그레졌습니다.\n《어린이》4권 6호 (1926년 06월호).\n9. 힘으로보다 꾀로 명동 어귀 곡마단 포막집 헌 터의 뒷모퉁이에서 변복한 상호와 외삼촌과 통역 학생 세 사람이 순자를 구하러 가려는 의논을 하고 섰다가 상호의, “쉿!” 하는 소리에 말을 그치고, “저기, 저기!” 하는 곳을 바라본즉, 과연 거기에 순자가 지옥에 갔었던 듯싶은 순자가 걸 어오는 중이었습니다. 그러나 혼자서 걸어오는 것이 아니고, 그 무서운 마귀 같은 단장과 독사 같은 마누라와 그리고 그 부하들과 함께 가운데 서서 걸어오는 것 이었습니 다. 아아, 그 파리하고 생기 없는 얼굴, 물에 젖은 솜같이 축 늘어진 두 어깨, 죽지 못해 끌려오는 걸음걸이, 얼마나 두들겨 맞았으면 저렇게 되었을까 싶 어서 벌써 상호의 가슴은 뻐개지는 것 같았습니다. ‘어떻게 해야, 저놈들의 손에서 순자를 구해 내 올까?’ 아픈 가슴이 새삼스레 뛰놀기 시작하는데, 그들 일행은 어느덧 곡마단 터 까지 이르렀습니다. 거기서 짐을 묶고 있던 놈들이 일일이 단장에게 인사를 하고는, 다시 부지런히 묶고 있고, 단장은 묶어떼어 짐의 수효를 헤이고 있 었습니다. “이놈들아, 얼른 묶어야 오늘 밤차에 늦지 않지…….” 다 헤이고 나서, 단장은 호령했습니다. “염려 마셔요. 짐은 시간 안에 넉넉히 다 묶어 놓을 테니요. 달아난 놈을 찾기나 했나요?” “고놈의 새끼 어디를 갔는지 영영 알 수 없는걸. 그래도 경찰의 손에는 저녁 안으로 잡히겠지…….” “찾지 못하면 그냥 내버려두고 가나요?” “어떻게든지 찾아 가지고 가야지. 고놈이 없으면 당장에 못하게 될 것이 많으니까.” 그 놈 그 놈 하고 찾지 못해 하는 말은, 지금 여기 변복하고 섰는 상호를 가 리 켜 하는 말이었습니다.\n",
		"passage_Cnt": 941
	},
	"Annotation": {
		"summary1": "순자를 구하기 위해 의논을 하던 상호와 외삼촌과 통역 학생 세 사람은 마귀 같은 단장과 독사 같은 마누라와 그 부하들과 함께 걸어오는 순자를 보았다.",
		"summary2": null,
		"summary3": "힘으로보다 꾀로 명동 어귀 곡마단 포막집 헌 터의 뒷모퉁이에서 변복한 상호와 외삼촌과 통역 학생 세 사람이 순자를 구하러 가려는 의논을 하고 섰다가 상호의, “쉿!” 하는 소리에 말을 그치고, “저기, 저기!” 하는 곳을 바라본즉, 과연 거기에 순자가 지옥에 갔었던 듯싶은 순자가 걸 어오는 중이었습니다. 그러나 혼자서 걸어오는 것이 아니고, 그 무서운 마귀 같은 단장과 독사 같은 마누라와 그리고 그 부하들과 함께 가운데 서서 걸어오는 것 이었습니 다.",
		"summary_3_cnt": 255
	}
}