{
	"Meta(Acqusition)": {
		"doc_id": "REPORT-literature-07457",
		"doc_category": "REPORT",
		"doc_type": "literature",
		"doc_name": "두더지",
		"author": "이무영",
		"publisher": null,
		"publisher_year": null,
		"doc_origin": "저작권위원회"
	},
	"Meta(Refine)": {
		"passage_id": "REPORT-literature-07457-07457",
		"passage": " 시골뜨기와 같이 다니는 것이 분명 창피한 눈치다. 동물원 안에 들어온 뒤 로는 마치 동행이 아니기나 한 것처럼 뚝 따고서 따로 다니는 것이었다. “얘, 저게 무슨 새냐?” 눈치도 없는 할멈이 물을라치면, “부엉인가봐요.” 하고는 좌우를 둘러보는 품이 정녕 누가 동행인 것을 눈치나 채지나 않나 해서인 것만 같다. 샌님이 수정 앞 연못 가에 서서, “거참, 물 많다. 그 물만 가졌으면 저 끝까지 논을 퍼두 물이 딸리진 않 겠다! 이런 연못을 그저 놀리다니! 거 잔디에서 콩이 나 팥이 나나? 그 넓 은 데다 잔딜 뭘 했다구 그렇게 심더람! 저 잔디밭 하나에만두 대두콩 삼백 석은 너끈히 나겠다…” 이런 소리를 하자 고기 구경을 하던 사람들이 모두 꺼르르 웃어 젖히었다.\n한 짓궂은 젊은 친구가, “그래 영감님, 잘 말해드릴게 논 한 번 펴보시렵니까?” 하고 쓸까스르는데 진국인 샌님은, “허락만 받소! 말이 그렇지 논을 퍼서 졸몰 쭉 심어놔 보오! 아니 그래, 이대루 보는 것만 못할 상싶소! 거기다가 가을이 돼서 벼가 누우러니 익어 보구려. 배가 절루 부르지!” “거참, 좋겠는데요!” “암, 희한하지! 서울 사람들은 쌀나무가 어떻게 생겼느냔다면서유? 구경 시키구 추수하구 ─ ” 샌님은 진정이었지만 또 한 번 웃음판이 되었었다. 이 시아버지의 추태가 서울 며느리의 기분을 아주 망쳐버린 것이다.\n“창피해요! 그만 가셔요!” 며느리는 이렇게 독기 있게 쏘아붙이고 회작회작 가버렸던 것이다.\n",
		"passage_Cnt": 724
	},
	"Annotation": {
		"summary1": "동물원 안에 들어오고 나서는 마치 동행이 아닌 듯 떨어져서 다니는데 할멈이 무슨 새냐고 묻자 대답하며 좌우를 둘러보는 것이 마치 누가 동행인 걸 눈치챌까 하는 모습이다.",
		"summary2": null,
		"summary3": "동물원 안에 들어온 뒤 로는 마치 동행이 아니기나 한 것처럼 뚝 따고서 따로 다니는 것이었다. “얘, 저게 무슨 새냐?” 눈치도 없는 할멈이 물을라치면, “부엉인가봐요.” 하고는 좌우를 둘러보는 품이 정녕 누가 동행인 것을 눈치나 채지나 않나 해서인 것만 같다.",
		"summary_3_cnt": 147
	}
}