{
	"Meta(Acqusition)": {
		"doc_id": "REPORT-literature-07318",
		"doc_category": "REPORT",
		"doc_type": "literature",
		"doc_name": "구룡산",
		"author": "허민",
		"publisher": null,
		"publisher_year": null,
		"doc_origin": "저작권위원회"
	},
	"Meta(Refine)": {
		"passage_id": "REPORT-literature-07318-07318",
		"passage": " “전 생원잉교?” “노래 또 부르게.” 그는 오늘처럼 무척 사람이 그립고 음성을 그리워한 적이 없었다. 그래 다 른 데 다 두고도 여기를 왔던 것이다. 점세는 의심하여 물었다. 버섯모자 밑에 엄청나게 무거운 애수가 고였음을 놓칠 수 없었기 때문이다. 전팔이는 간단하게 어머니 이야기를 하고 힘없이 일어나 약초를 찾으며 우로 올라가는 것이다. (연기는 바람에 이리저리 번롱(翻弄) 당하여 토우는 점점 두터워졌다.) 점세가 아까 찍던 나무를 눕히자 그 자빠지는 소리와 함께 총소리가 났다.\n뒤미처 마을에서는 저문 연기가 튀어 오르고 거리거리엔 사람들이 고함과 비명을 친다. “범이야!” 건너 등대를 내려오는 한 떼 사람들이 한꺼번에 지르자 범은 어느새 개울 을 건너고 언덕을 올라 불이 벌건 마을로 향해 아수라(阿修羅)처럼 달렸다. 바람과 불과 아우성! 그것은 마치 화산이 터진 것처럼 불시의 폭발이었다. 점세는 주먹을 쥐고 떨고 있다가 우로 향해 전팔이를 부르며 허둥지둥 산을 내려갔다. 범이 용쏘 덤로 쫓겨 간 후 이내 산에서 내려오는 장정들은 막대를 휘두 르며 서로서로 참봉 아들은 선불 맞은 범에게 다리를 물렸느니 송아지는 반 쯤 먹혔느니 동네 아이 하나가 범 내려오는 길로 올라오다 높은 어덕에서 떨어졌느니 했다. 이 말을 들은 참봉은 자기 잣 고방에 난 불에 환장 나서 있었는지라 더욱 사상이 되어 아직도 타는 불에 뛰어들고 거리를 휩쓸며 산신령을 저주하고 북두칠성을 불러 침 뱉었다가 기운이 소진해 거리에 엎어지고 말았다.\n",
		"passage_Cnt": 747
	},
	"Annotation": {
		"summary1": "나무가 넘어지는 소리와 함께 총소리가 나자 저문 연기가 마을에서 튀어오르고 사람들이 비명과 고함을 친다.",
		"summary2": null,
		"summary3": "(연기는 바람에 이리저리 번롱(翻弄) 당하여 토우는 점점 두터워졌다.) 점세가 아까 찍던 나무를 눕히자 그 자빠지는 소리와 함께 총소리가 났다. 뒤미처 마을에서는 저문 연기가 튀어 오르고 거리거리엔 사람들이 고함과 비명을 친다.",
		"summary_3_cnt": 128
	}
}