{
	"Meta(Acqusition)": {
		"doc_id": "REPORT-literature-07418",
		"doc_category": "REPORT",
		"doc_type": "literature",
		"doc_name": "소금",
		"author": "강경애",
		"publisher": null,
		"publisher_year": null,
		"doc_origin": "저작권위원회"
	},
	"Meta(Refine)": {
		"passage_id": "REPORT-literature-07418-07418",
		"passage": "어둠 속에서 연설이 끝난 후에 원로에 잘 다녀가라는 인사까지 받았다. 그들은 얼결에 또 다시 걸었다. 그러면서도 저들이 우리를 돌려 보내는 것처럼 하고 뒤로 따라오며 총질이나 하지 않으려나 하여 발길이 허둥거렸다. 그러나 그들이 산을 넘어 밭머리로 들어설 때 비 로소 안심하고 ……(원문 탈락)…… 한숨 끝에 탄식하였다.\n봉염의 어머니는 조급한 맘을 진정할수록 저들이 의심할 수 없는 공산당들이었구나! 하였 다. 그리고 아까 그들의 앞에서 꼼짝하지 못하고 섰던 자신을 비웃으며 세상에 제일 못난 것은 자기라 하였다. 남편을 죽이고 자기를 이와 같은 구렁에 빠뜨린 저들 원수를 마주 서 고도 말 한마디 못하고 떨고 섰던 자신! 보다도 평시에 저주하고 미워하던 그 맘조차도 그 들 앞에서는 감히 생각도 못 한 자기. 아아! 이러한 자기는 지금 살겠노라고 소금자루를 지 고 두 다리를 움직인다. 그는 기가 막혀서 웃음이 나올 지경이었다. 그리고 못난 바보일 수 록 살겠다는 욕망은 더 크다고 깨달았다. 동시에 한 가지 의문되는 것은 저들이 어째서 우 리들의 소금짐을 빼앗지 않고 그냥 보내었을까가 의문이었다. 그렇게 사람 죽이기를 파리 죽이듯 하고 돈과 쌀을 잘 빼앗는 그놈들이…… 하며 그는 이제야 저주하기 시작하였다.\n그들은 낮에는 산 속에서 혹은 풀숲에서 숨어 지내고 밤에만 걸어서 사흘 만에야 겨우 용 정까지 왔다. 집까지 온 봉염의 어머니는 소금자루를 얻다가 감추어야 좋을지 몰라 한참이 나 망설이다가 낡은 상자 안에 넣어서 방 한구석에 놓고야 되는 대로 주저앉았다. 방 안에 는 찬바람이 실실 돌고 방바닥은 얼음덩이같이 차다. 그는 머리와 발가락을 어루만지며 목 이 메어서 울었다. 집에 오니 또다시 봉염이며 봉희며 명수까지 선하게 보이는 듯하였던 것이다. 그들이 곁에 있으면 이렇게 쓰리고 아픈 것도 한결 나을 것 같다. 그는 한참이나 울고 난 뒤에 사흘 동안이나 지난 생각을 하며 무의식 간에 몸서리를 쳤다. 그리고 이 눈물 도 여유가 있어야 나온다는 것을 알았다. 그는 으흠 하고 신음을 하며 누울 때 소금 처치할 것이 문득 생각힌다. 남들은 벌써 다 팔았을 터인데 누가 소금 사러 오지 않는가 하여 문 편을 흘금 바라보다가 내가 소금짐을 져왔는지 여왔는지 누가 알아야지 그만 내가 일어나 서 앞집이며 뒷집을 깨워서 물어 볼까? 그러다가 참말 순사를 만나면 어떻게, 하며 그는 부 시시 일어나려 하였다. 아! 소리를 지르도록 다리뼈 마디가 맞찔리어 그는 한참이나 진정 해 가지고야 상자 곁으로 왔다.\n",
		"passage_Cnt": 1238
	},
	"Annotation": {
		"summary1": "봉염의 어머니는 남편을 죽이고 자기를 구렁에 빠뜨린 공산당들을 마주 서고도 말 한마디 못한 자신을 비웃으며 세상에서 제일 못난 것이 자기라고 하였다.",
		"summary2": null,
		"summary3": "봉염의 어머니는 조급한 맘을 진정할수록 저들이 의심할 수 없는 공산당들이었구나! 그리고 아까 그들의 앞에서 꼼짝하지 못하고 섰던 자신을 비웃으며 세상에 제일 못난 것은 자기라 하였다. 남편을 죽이고 자기를 이와 같은 구렁에 빠뜨린 저들 원수를 마주 서 고도 말 한마디 못하고 떨고 섰던 자신! 보다도 평시에 저주하고 미워하던 그 맘조차도 그 들 앞에서는 감히 생각도 못 한 자기.",
		"summary_3_cnt": 215
	}
}