{
	"Meta(Acqusition)": {
		"doc_id": "REPORT-literature-07656",
		"doc_category": "REPORT",
		"doc_type": "literature",
		"doc_name": "공사장",
		"author": "윤기정",
		"publisher": null,
		"publisher_year": null,
		"doc_origin": "저작권위원회"
	},
	"Meta(Refine)": {
		"passage_id": "REPORT-literature-07656-07656",
		"passage": "김십장 마누라는 밥장수 하는데 재미가 나서 몸을 나비처럼 팔팔 날리며 엉덩춤을 덩실덩실 춘다. 삼십이 되거나 말거나 한 그리 밉지 않게 생긴 여 인이다. 사나이의 쌍스럽고 우악하고 무뚝뚝한데 비해서는 과한 편이다. 그 우악과 심술에 눌려서 그대로 붙잡혀 사는지도 모른다. 얼굴에 주근깨가 약 간 있어서 그렇지 갸름한 얼굴판이 꽤 예쁘장하다. 삼십여명 가운데 여편네 라고는 한 사람 밖에 없어서 그런지 젊은 사람의 마음을 넉넉히 끌 만하다.\n여편네의 됨됨이가 재바르고 암팡져서 삼십여명 밥을 일꾼하나만 두고 혼자 서 해 먹인다. 힘에 좀 부치기는 하지만 모든 일을 강력으로 버틴다. 쌀 나 무 김칫거리 찬거리 같은 것을 모두 다 손수 해온다. 부리는 사람 하나 있 대야 물이나 길어오고 김치거리나 같이 씻고 불이나 떼고 가끔가다가 설거 지나 좀 하고 밥때에 밥을 나르는 것뿐이다. 그 외에는 모든 것을 자기 혼 자서 한다. 어떠한 때에는 밥을 푸면서 국 풀 사람이 생각나고 김치를 채 못 펐으면 김치 풀 사람이 생각난다. 그러나 사람을 부리려면 밥만 먹이는 것이 아니라 딴 돈을 얼마간 주어야 할 생각을 하면은 돈이 아까워서 사람 하나 더 둘 생각이 천리 만리 달아나고 만다. 그래 아쉬운 대로 지낸다. 이 런 까닭으로 해서 그렇게 감매 사나운 김십장이 마누라 앞에서만은 숨이 죽 는다. 그리고 여간 위하지를 않는다. 돈이 아까워 혼자서 뼈 빠지도록 힘에 부치게 일하는 것을 보고….\n그 어느 때인가 혼자 앉아서 김치거리 다듬는 것을 보고는 하루바삐 사람 하나를 더 얻어두라고 하였지마는 마땅한 사람이 없다는 핑계로 여지껏 얻 어두지 않았다.\n",
		"passage_Cnt": 807
	},
	"Annotation": {
		"summary1": "김십장의 마누라는 얼굴에 주근깨가 약간 있지만 예쁘장한 편으로 암팡지고 재바르다.",
		"summary2": null,
		"summary3": "김십장 마누라는 밥장수 하는데 재미가 나서 몸을 나비처럼 팔팔 날리며 엉덩춤을 덩실덩실 춘다. 얼굴에 주근깨가 약 간 있어서 그렇지 갸름한 얼굴판이 꽤 예쁘장하다. 여편네의 됨됨이가 재바르고 암팡져서 삼십여명 밥을 일꾼하나만 두고 혼자 서 해 먹인다.",
		"summary_3_cnt": 142
	}
}