{
	"Meta(Acqusition)": {
		"doc_id": "REPORT-literature-07251",
		"doc_category": "REPORT",
		"doc_type": "literature",
		"doc_name": "개살구",
		"author": "이효석",
		"publisher": null,
		"publisher_year": null,
		"doc_origin": "저작권위원회"
	},
	"Meta(Refine)": {
		"passage_id": "REPORT-literature-07251-07251",
		"passage": " “아마도 무엇에 홀렸던 게지 아무리 달이 밝기로서니 아닌 밤에 살구 생각은 왜 나겠수. 살구 도적 간 것이 끔찍한 것을 보게 된 시초니.” 금녀가 하필 그 밤에 살구나뭇집 살구를 노린 것은 형태가 마침 며칠 전에 읍내로 면장운동을 떠난 눈치를 알아챈 까닭이었다. 개궂은 그가 출타한 이상 집을 엿보기쯤은 어려운 노릇이 아니었다. 논길을 살며시 숨어들어 살구나무에 기어올라 우거진 가지 속에 몸을 감추기는 여반장이었으나 교교하게 밝던 보름달이 공교롭게도 별안간 흐려지면서 누리가 금시에 캄캄하여 간 것은 마치 무슨 조화나 붙은 것 같았다. 알고 보니 그날 밤이 월식이어서 그때 마침 온통 어두워진 하늘에서는 검은 개가 붉은 달을 집어먹으려고 노리고 있는 중이었다. 모든 것이 물속에 빠진 듯이나 고요하고 어두운 가운데에서 길을 잃은 듯한 박쥐의 떼가 파닥파닥 날아들고 뒷산의 부엉이 소리가 다른 때보다 한층 언짢게 들렸다. 멀리서 달을 보고 짖는 개의 소리가 마디마디 자지러지게 흘러왔다. 지척을 분간할 수 없는 나뭇잎 속에서 금녀는 불길한 생각에 몸서리를 치면서 살구 생각도 없어지고 나뭇가지를 바싹 붙들었다. 변이라도 일어날 듯한 흉한 밤이었다. 하늘의 개는 붉은 달을 입에 넣고 게웠다 물었다 하다가 드디어 온전히 삼켜 버리고야 말았다. 천지는 그대로 몽땅 땅속에 묻혀 버린 듯이 새까맣고 답답하여졌다. 부엉이 울음도 개 짖는 소리도 어느 결엔지 그쳐진 캄캄한 속에서 금녀는 무서운 김에 팔 위에 얼굴을 얹고 차라리 눈을 감아 버렸다. 눈을 감으면 한결 귀가 밝아져서 어느 맘 때는 되었는지 이슥한 속에서 문득 웅얼웅얼하는 사람의 속삭임이 들렸다. 정신이 귀로만 쏠릴수록 말소리도 차차 확실해져서 바로 살구나무 아래편 뒤안 평상 위에서 들려오는 것인 줄을 알았다. 방안에는 등불이 켜지지 않았고 나무에 오르자 월식이 시작된 까닭에당초부터 그 아래에 사람이 있는 줄은 몰랐던 것이다.\n",
		"passage_Cnt": 945
	},
	"Annotation": {
		"summary1": "그 밤에 금녀가 살구나뭇집 살구를 노린 것은 그가 읍내로 며칠 전에 출타한 것을 알아챈 까닭이었다.",
		"summary2": null,
		"summary3": "“아마도 무엇에 홀렸던 게지 아무리 달이 밝기로서니 아닌 밤에 살구 생각은 왜 나겠수. 살구 도적 간 것이 끔찍한 것을 보게 된 시초니.” 금녀가 하필 그 밤에 살구나뭇집 살구를 노린 것은 형태가 마침 며칠 전에 읍내로 면장운동을 떠난 눈치를 알아챈 까닭이었다. 개궂은 그가 출타한 이상 집을 엿보기쯤은 어려운 노릇이 아니었다.",
		"summary_3_cnt": 184
	}
}