{
	"Meta(Acqusition)": {
		"doc_id": "REPORT-literature-07516",
		"doc_category": "REPORT",
		"doc_type": "literature",
		"doc_name": "만보노인",
		"author": "이무영",
		"publisher": null,
		"publisher_year": null,
		"doc_origin": "저작권위원회"
	},
	"Meta(Refine)": {
		"passage_id": "REPORT-literature-07516-07516",
		"passage": " 그러나 그 다음 순간 만보는, ‘다 부질없는 생각이지!’ 하고 모든 것을 단념한 듯이 자리에 쓰러졌다. 어둠 속이 싫기는 했지마는 삼전은 주어야 석유 한 등잔 살 생각을 하니 필시 늦지도 않았을 겐데 장등을 할 수는 없 었다. 손으로 부치어 불을 끄고는 어둠이 보기 싫다는 듯이 눈을 딱 감는 다. 어느 때인지 떠들썩하는 바람에 만보 영감은 다시 잠이 깨었다. 처음에는 술꾼이거니 하고 누웠으려니까 바로 벽 한 겹 격한 윗방에서 뭐라구 외마디 소리가 들린다. 그러더니 뭣이라고인지 며느리의 쫑알거리는 소리가 뒤미처 나고 또 한 번 창복의 외마디소리가 꽥 난다. ‘허, 이것들이 또 트적어리는구나!’ 하고 영감은 다시 일어나 불을 켜고 가만히 귀를 기울였다. 샐녘이나 되었는가 했더니 아직도 “패 주우.”하는 순경꾼의 소리가 들리는 것을 보아 닭도 안 운 성싶다. 영감이 일어난 줄을 알았는지 윗방에서는 잠잠하다. 그래서 다시 누우려고 하니까, “그래, 당신은 뭘 잘했다구 큰소리여!” 하고 팩 달려드는 듯싶은 며느리의 소리에 또다시 영감은 상체를 벌떡 일으 키고 내가 깨었다는 듯이 헛 담뱃대를 문지방에 대고 딱딱 턴다.\n그러나 흥분한 젊은 애들은 아버지의 담뱃대 소리쯤에 질리지는 않았다. “내가 잘못한 건 또 뭐야?” 창복이도 지지 않고 소리를 높인다. 영감은 가만히 일어나서 문을 열고 밖으로 나가서 윗방 문 틈으로 방안을 들여다보았다. 어린것은 아랫목에 철없이 잠이 들었고 아들과 며느리는 쌈하던 닭처럼 서로 노리고 앉았다.\n",
		"passage_Cnt": 747
	},
	"Annotation": {
		"summary1": "창복의 큰 소리에 영감이 방안을 들여다보니 아랫목에는 어린 것이 잠들어 있고 아들과 며느리는 서로 노리고 앉아있었다.",
		"summary2": null,
		"summary3": "그러나 흥분한 젊은 애들은 아버지의 담뱃대 소리쯤에 질리지는 않았다. “내가 잘못한 건 또 뭐야?” 창복이도 지지 않고 소리를 높인다. 영감은 가만히 일어나서 문을 열고 밖으로 나가서 윗방 문 틈으로 방안을 들여다보았다. 어린것은 아랫목에 철없이 잠이 들었고 아들과 며느리는 쌈하던 닭처럼 서로 노리고 앉았다.",
		"summary_3_cnt": 176
	}
}