{
	"Meta(Acqusition)": {
		"doc_id": "REPORT-literature-07341",
		"doc_category": "REPORT",
		"doc_type": "literature",
		"doc_name": "마음의 의장(意匠)",
		"author": "이효석",
		"publisher": null,
		"publisher_year": null,
		"doc_origin": "저작권위원회"
	},
	"Meta(Refine)": {
		"passage_id": "REPORT-literature-07341-07341",
		"passage": "마음의 의장(意匠) 1 유라가 소파에 걸어앉아 화집의 장을 번기고 있는 동안에 나는 방 한 구석 에서 알코올 풍로에 물을 끓이며 차 넣을 준비를 하고 있었다. 병 든 아내가 치료를 칭탁하고 시골로 내려간 후로는 손수 차 만드는 것이 나의 알과의 하나였다. 차도구의 일절을 방안에 들여 놓고 두터운 책상 옆에는 발자크 모양으로 따로 작은 탁자를 붙이고 그 위에 커다란 커피잔을 올려 놓았다.\n소설은 발자크의 꽁무니에도 못 미치면서 ─ 파코레터에 두 사람 분의 모카 가루를 분량하여 넣으면서 나는 은근히 유라 를 관찰하였다. 요전 음악회에 갔던 때보다도 더 여윈 듯하다. 나부죽이 숙 인 고개 밑으로 콧등이 오뚝 솟고 눈두덩 밑이 낭떠러지같이 푹 빠졌다. 그 속은 산골짝에 잠긴 조그마한 호수와도 같다. 기다란 속눈썹은 호숫가에 밋 밋하게 늘어선 전나무 수풀이다. 창백한 두 볼 ─ 좀 더 실팍하였건만 지금 에는 대패로 민 듯이 팽팽하게 가 들어 들었다. 그가 보고 있는 그림은 슬픈 그림이다. 하아얀 시트 위에 누운 병 든 소녀의 그림이다 ─ 깊게 빠진 눈 위에 검게 그림자 지고 까스러든 속눈썹에 맺힌 눈물이 그 그림자 속에서 구슬같이 빛났다. 검게 질린 입술 사이로 두어 대의 이가 힘없이 드러나 보 이고 열어 헤친 가슴 위에 옷섶이 어지럽다. 그 그림을 유심히도 오랫동안 들여다보던 유라는 책장을 번기면서 문득 나의 시선을 느꼈는지 고개를 쳐 들었다. 반짝하는 맑은 눈방울이 호수 속에 비친 별 그림자와도 같다. 미소 를 띠이기는 하였으나 그것은 지새는 달 그림자와도 같이 여린 것이요, 그 의 표정은 마치 그가 들여다보고 있던 그림 속의 소녀의 그것과도 같이 애 잔 하고 슬픈 것이었다.\n",
		"passage_Cnt": 836
	},
	"Annotation": {
		"summary1": "내 시선에 고개를 쳐 들은 유라는 맑은 눈방울이 호수에 비친 별 그림자와도 같았고 그는 애잔하고 슬픈 표정이었다. ",
		"summary2": null,
		"summary3": "그 그림을 유심히도 오랫동안 들여다보던 유라는 책장을 번기면서 문득 나의 시선을 느꼈는지 고개를 쳐 들었다. 반짝하는 맑은 눈방울이 호수 속에 비친 별 그림자와도 같다. 미소 를 띠이기는 하였으나 그것은 지새는 달 그림자와도 같이 여린 것이요, 그 의 표정은 마치 그가 들여다보고 있던 그림 속의 소녀의 그것과도 같이 애 잔 하고 슬픈 것이었다.",
		"summary_3_cnt": 195
	}
}