{
	"Meta(Acqusition)": {
		"doc_id": "REPORT-literature-07338",
		"doc_category": "REPORT",
		"doc_type": "literature",
		"doc_name": "화분",
		"author": "이효석",
		"publisher": null,
		"publisher_year": null,
		"doc_origin": "저작권위원회"
	},
	"Meta(Refine)": {
		"passage_id": "REPORT-literature-07338-07338",
		"passage": " 거리로 나온 현마는 웬만한 찻집과 두 사람이 감직한 곳을 몇 군데 들치 고는 그 길로 정거장에 나갔으나 그림자가 보일 리는 만무했다. 식당에 들 어가 차를 청해 놓고는 아득한 생각에 잠겨 있을 때 맞은편 벽에 걸린 항공 우편의 포스터가 눈을 끌었다. 창공을 날아가는 비행기의 그림이 신선한 생 각을 일으키며 홀연히 한 가지 생각을 뙤어 주자 아까 사무실 단주의 책상 서랍 속에서 집어낸 여행 시간표가 또한 바로 항공편의 페이지를 가리키고 있었던 것이 아울러 기억 속에 소생되면서 그 두 가지의 부합이 현마에게 한 줄기 광명을 주었다. 차를 먹은 둥 만 둥 뛰어나가 시간표를 살피니 동 방비행의 시간이 바로 임박해 있는 것이다. 두말없이 택시로 비행장을 향했 다. 일종의 영감이라고 할까. 눈앞을 도망치는 한 자웅의 노루라도 추격하 는 듯 알 수 없는 흥분으로 가슴속이 차졌다. 비행기가 착륙한 것과 현마의 자동차가 비행장에 닿은 것이 같은 시각이 었다. 차창으로 막 와 닿는 비행기의 모양과 잔디 위에 서 있는 사람들의 조그만 그림자를 현마가 내다보고 있을 때 단주와 미란은 잔디를 밟으면서 요란한 폭음을 남기며 눈앞에 굴러와 서는 비행기의 육중한 체대를 바라보 고 있었다. 수선을 피우는 프로펠러는 씨근덕거리는 동물 같다. 비행기 전 체가 혼을 가진 짐승임이 완연하다. 옛날 시인이 곤어라는 고기와 붕새라는 위대한 새를 상상하고 그 크기가 각각 수천 리가 된다고 허풍을 떨었으나 별것 아니다. 지금 눈앞의 기계체가 바로 그 붕새임을 느끼면서 수천 리를 날아오고 수천 리를 날아갈 그 기계 새가 좀 있으면 자기들을 후려차 가지 고 갈 것을 생각할 때 신기한 감격이 생각면서 한편 무시무시한 모험의 감 정이 전신을 스치고 흘렀다 . 등뒤에 현마가 나타난 것이 바로 그런 때였다.\n",
		"passage_Cnt": 884
	},
	"Annotation": {
		"summary1": "현마는 식당 벽에 걸린 항공 우편의 포스터를 보고 알 수 없는 흥분으로 비행장에 갔다.",
		"summary2": null,
		"summary3": "눈앞을 도망치는 한 자웅의 노루라도 추격하 는 듯 알 수 없는 흥분으로 가슴속이 차졌다. 거리로 나온 현마는 웬만한 찻집과 두 사람이 감직한 곳을 몇 군데 들치 고는 그 길로 정거장에 나갔으나 그림자가 보일 리는 만무했다. 식당에 들 어가 차를 청해 놓고는 아득한 생각에 잠겨 있을 때 맞은편 벽에 걸린 항공 우편의 포스터가 눈을 끌었다. 두말없이 택시로 비행장을 향했 다.",
		"summary_3_cnt": 212
	}
}