{
	"Meta(Acqusition)": {
		"doc_id": "REPORT-literature-07395",
		"doc_category": "REPORT",
		"doc_type": "literature",
		"doc_name": "냉동어",
		"author": "채만식",
		"publisher": null,
		"publisher_year": null,
		"doc_origin": "저작권위원회"
	},
	"Meta(Refine)": {
		"passage_id": "REPORT-literature-07395-07395",
		"passage": " 남자와의 세간살이란 말을 하던 끝에 별안간 좋잖은 내색이 드러남은, 필 시 저 자신이 겪은 불쾌한 기억의 소생일 것이었었다. 아닌게아니라 아까 그와 같이, 남자의 의관을 달래다가는 얌전하게 다 건 사를 하던 것이며, 시방은 또 요기할 것을 토스트야 계란이야 해싸면서 알 뜰히 마음을 쓰곤 하는 양이 정녕, 잠시나마 남의 아낙 노릇을 해보던 솜씨 지, 노상 생내기의 뉘네 집 얼뚱 딸내미는 아닌 성싶었다. 대영은 그렇다고 한다면 여자를 가져다 머리에서 우러나는 상심(喪心)이 거니만 했던 것은 잘못이요, 역시 심장의 사건도 한 모가치 거기에 결련이 되기는 된 거로다고, 따라서 그가 이쯤 이르른 전후 경위도 어느 만큼 구체 적으로 짐작이 들어서는 것 같아, 두루 그런 생각을 하며 앉아 있었다. 얼마 안 있어, 귀에서 김이 오르는 차관을 대롱대롱, 해망스럽게 방문을 열고 들어오는 스미꼬는 그새, 가스를 피우는 동안 다시 생각이 또 많았던 모양으로, 기색은 도로 변하여 여느 때의 침울한 그 얼굴로 돌아갔었다. 말이 없으련 했더니 무슨 생각에, 입안엣 소리로 혼자 “눈두 잘두 오지!” 하면서 손탁자를 소파 앞까지 바투 다가다 놓고는,그제서부터야 눈을 내리 깔고 잠잠히 차를 거르기 시작한다. 향긋한 홍차 냄새가 풍기고, 조르륵 조르륵 차 거르는 소리만 조용한 방안 에서 유난히 높다가 만다. 또한 제격이게, 대영의 담배 끝에서는 파르스레한 연기가 세 가드락 두어 가드락 소옴솜 피어 오르고.\n",
		"passage_Cnt": 724
	},
	"Annotation": {
		"summary1": "조용한 방안에는 향긋한 홍차 냄새가 풍기며 대영의 담배 끝에서는 연기가 피어오른다.",
		"summary2": null,
		"summary3": "향긋한 홍차 냄새가 풍기고, 조르륵 조르륵 차 거르는 소리만 조용한 방안 에서 유난히 높다가 만다. 또한 제격이게, 대영의 담배 끝에서는 파르스레한 연기가 세 가드락 두어 가드락 소옴솜 피어 오르고.",
		"summary_3_cnt": 112
	}
}