{
	"Meta(Acqusition)": {
		"doc_id": "REPORT-literature-07589",
		"doc_category": "REPORT",
		"doc_type": "literature",
		"doc_name": "성삼문(成三問)의 서병(暑病)",
		"author": "차상찬",
		"publisher": null,
		"publisher_year": null,
		"doc_origin": "저작권위원회"
	},
	"Meta(Refine)": {
		"passage_id": "REPORT-literature-07589-07589",
		"passage": " 수자(豎子)가 돌아간 뒤에 주상서는 더욱 기가 막혀서 맥맥히 앉어 있으려 니 공(公)이 상서(尙書)를 보고 말 하기를 \"그 수자(豎子)들이 명화(名畵)가 될수 가 없오. 소위 명화라고 명칭(名 稱)를 하면서 그까짓것 하나를 삭이어 그리지 못하고 그대로 가버리니 그 리 하고 무슨 명화(名畵)라는 이름를 듣는단 말이요.\" 하였다. 상서가 공의 말를 듣고 한참 공를 물끄러미 보고 있다가 \"아니 저렇게 함부로 먹를 뿌려 떼어 것를 어떻게 삭여서 그림를 그릴수가 있소. 당초 내가 저런데다가 그림를 그리겠느냐고 물은 것이 염치없는 사람 이지.\" 하고, 이어서 \"지금 형의 말씀이 저런 것를 삭여서 그림를 못 그리면서 무슨 명화라고 하느냐고 하니 그러면 그 사람들은 명화가 못되니까 삭여서 그림를 그릴 수가 있겠오.\" 하고 물었다. 이때 공이 수염를 쓰다듬어 천천히 대답하기를 \"그 말씀은 내가 그림를 못 그리는 것를 아는 까닭에 나를 조롱하는 말씀 이지만 내가 만일 그림를 그릴 줄 알았다면 저런 것은 그만두고 저보다 더 한 그림은 못 그리는 것이니까 그것은 말할 것도 없거니와, 만약 날더러 글씨를 쓰라고 하면 저렇게 정신없이 뿌려떼어 먹점이라도 한 점도 드러나 지않게 쓰겠오.\" 하였다. 상서가 그 말를 듣고 역시 가당치 않은 말이나 이왕 그 병풍은 버린 병풍 이니까 아무 거나 시험를 해 보는 것이 좋를 줄로 생각이 들어서, 공를 건너 다 보며 \"그래 저 병풍에다 글씨를 쓰면 정말 먹점이 들어나지 않게 쓰시겠오?\" 하고 의심스러이 물었다.\n",
		"passage_Cnt": 752
	},
	"Annotation": {
		"summary1": "공을 건너다보던 상서는 버린 병풍에 글씨를 쓰면 먹점이 정말 들어나지 않게 쓰시겠냐며 의심스러이 물었다.",
		"summary2": null,
		"summary3": "상서가 그 말를 듣고 역시 가당치 않은 말이나 이왕 그 병풍은 버린 병풍 이니까 아무 거나 시험를 해 보는 것이 좋를 줄로 생각이 들어서, 공를 건너 다 보며 \"그래 저 병풍에다 글씨를 쓰면 정말 먹점이 들어나지 않게 쓰시겠오?\" 하고 의심스러이 물었다.",
		"summary_3_cnt": 142
	}
}