{
	"Meta(Acqusition)": {
		"doc_id": "REPORT-literature-07362",
		"doc_category": "REPORT",
		"doc_type": "literature",
		"doc_name": "집념(執念)",
		"author": "윤백남　",
		"publisher": null,
		"publisher_year": null,
		"doc_origin": "저작권위원회"
	},
	"Meta(Refine)": {
		"passage_id": "REPORT-literature-07362-07362",
		"passage": " 그런지 삼삭이 지나지 못하여 두옥에게는 거의 치명상이라고 일컬을 만한 상명이 내리었으니 그것은 김감사의 내직영전(內職榮轉)의 상명이다. 정이 들락말락하여 헤어지는 것도 치명상이거니와 김감사의 신약을 듣지 못하고 자기의 포부를 말하기 전에 헤어지다니 이 어찌 치명상이 되지 않으 랴. 그 소식을 들은날부터 두옥은 머리를 싸매고 자리에 누워버리었다. 그의 심령은 희망의 광명을 잃고 캄캄한 절망의 길을 헤매는 것이었다. 그러던 중에 또 하나 두옥에게 깊은 충동을 준 사건이 일어났으니 그것은 다른 것이 아니라 김감사가 부랴부랴 행리를 수습하여 가지고 상경의 길에 올랐다는 기별이다. 도시 이것은 두옥이 관가 사정에 어둔 탓이었으니 벼슬아치로서 이직의 칙 명을 받고 보면 곧 그 상명을 봉승함에 있어서 결코 사사의 일을 돌보지 않 았다. 이리하여 그는 곧 평양을 떠난 것이었다. 두옥이는 깊은 절벽에서 떨어진 듯이 정신이 아뜩하였다. 기위 헤어지게 된 이상에는 마지막으로 자기의 심중을 토하여 그의 처분도 기다려 보려니 와 끝내 그를 뫼시지 못한다 할지라도 생각이 물론 그의 심중에 있었다. 그것이 이제는 절망이 아니냐. 사람의 정이란 이다지도 허무한 것인가. 여자의 남자를 사랑한다는 것이 이다지도 허무한 것인가. 두옥이는 환멸을 느끼어 베개를 눈물로 적시었다.\n四[사] 두옥의 숙모는 이 기별을 듣고 \"아가 너 그리 설어 마라, 그러기에 남정네란 더구나 벼슬하는 이란 믿지 못할 것이니라, 행여 상심 말고 벼슬아치 말고 두둑하게 사는 장사아치나 사귈 생각을 해라.\" 하고 위안을 하는 데에도 욕심을 섞어 한다.\n",
		"passage_Cnt": 790
	},
	"Annotation": {
		"summary1": "김 감사가 행리를 수습하여 상경 길에 올랐다는 기별에 두옥의 숙모는 벼슬하는 이란 믿지 못하니 벼슬아치말고 장사아치나 사귈 생각하라며 위안을 한다.",
		"summary2": null,
		"summary3": "그러던 중에 또 하나 두옥에게 깊은 충동을 준 사건이 일어났으니 그것은 다른 것이 아니라 김감사가 부랴부랴 행리를 수습하여 가지고 상경의 길에 올랐다는 기별이다. 두옥의 숙모는 이 기별을 듣고 \"아가 너 그리 설어 마라, 그러기에 남정네란 더구나 벼슬하는 이란 믿지 못할 것이니라, 행여 상심 말고 벼슬아치 말고 두둑하게 사는 장사아치나 사귈 생각을 해라.\" 하고 위안을 하는 데에도 욕심을 섞어 한다.",
		"summary_3_cnt": 226
	}
}