{
	"Meta(Acqusition)": {
		"doc_id": "REPORT-literature-07243",
		"doc_category": "REPORT",
		"doc_type": "literature",
		"doc_name": "이십원",
		"author": "윤기정",
		"publisher": null,
		"publisher_year": null,
		"doc_origin": "저작권위원회"
	},
	"Meta(Refine)": {
		"passage_id": "REPORT-literature-07243-07243",
		"passage": "얼마 만에 문 여는 소리가 난다.\nC는 기겁을 해 열쇠구멍으로 한쪽 눈을 갖다 대었다.\nC는 자기의 손끝으로 눈을 부빈 다음 다시 열쇠구멍으로 저편 방을 내다 보았다. 처음에는 자기의 눈을 의심하여 눈까지 부볐지만 다시 보고 자세히 보아도 그 여자임에 틀림없었다. C의 정신은 갑자기 얼떨떨해졌다. 그리고 공연히 분한 마음이 든다.\n그래도 무엇이 부끄러운지 머리를 수그린 채 가만히 서서 아무 말이 없는 그 여자는 확실히 털끝만치도 의심할 나위 없이 지금 바로 그 옆에 좀 어색 한 듯이 서있는 K가 일년전부터 데리고 사는 정자(靜子)였다. 정자는 인물 이 고운 탓으로 한때는 북촌서 그 중 큰 Ｏ카페 여급들 중에 가장 인기가 높았었다. 그 때에 C도 정자와 여러 번 자리를 같이해 밤늦도록 술을 마신 적 이 있었다. 그러다가 하루는 길가에서 K군을 만나 그를 따라서 새로 살림을 꾸몄다는 집을 가보니 거기에는 뜻밖에 정자가 주부 노릇을 하고 있었다.\nK의 말에 의하면 바로 한 달 전에 아주 곤경에 빠진 자기 집안을 모조리 시골로 내려 보내고 돈백 원 남는 걸로 여기 이렇게벌써부터 둘이서 꿈만 꾸 던 것을 시원하게 이룬 것이라고 대단 기뻐하는 모양이었다. 그 때에 정자도 어지간히 만족한 기색이 얼굴에 떠돌고 있었다.\n반찬을 새로 장만해 가지고 저녁밥을 해내는데 연해 생글생글 웃으면서 몸을 제비처럼 부린다. 그때 C의 눈에도 이 세상에서 가장 행복스러운 신혼 초에 젊은 부부처럼 부럽게 보였다.\n",
		"passage_Cnt": 728
	},
	"Annotation": {
		"summary1": "C는 문 여는 소리에 열쇠구멍에 눈을 갖다 대고 눈을 부벼가며 그 여자가 맞는지 자세히 보았다.",
		"summary2": null,
		"summary3": "얼마 만에 문 여는 소리가 난다. C는 기겁을 해 열쇠구멍으로 한쪽 눈을 갖다 대었다. C는 자기의 손끝으로 눈을 부빈 다음 다시 열쇠구멍으로 저편 방을 내다 보았다. 처음에는 자기의 눈을 의심하여 눈까지 부볐지만 다시 보고 자세히 보아도 그 여자임에 틀림없었다.",
		"summary_3_cnt": 150
	}
}