{
	"Meta(Acqusition)": {
		"doc_id": "REPORT-literature-07316",
		"doc_category": "REPORT",
		"doc_type": "literature",
		"doc_name": "결혼식",
		"author": "김동인",
		"publisher": null,
		"publisher_year": null,
		"doc_origin": "저작권위원회"
	},
	"Meta(Refine)": {
		"passage_id": "REPORT-literature-07316-07316",
		"passage": " 정월로 들어서면서부터는 친구들이며 그 밖 사면에서 프레젠트며 축사문이 며가 뻔히 들어오네. 놈팡이 코가 더욱더 버룩거리지. 한데 소위 결혼식 전날은 보조연습(步調練習)인가를 하지 않나? 음악에 맞추어서 식장까지 들어갈 발걸음의 연습일세그려. 정월초나 흗날 신랑 각하 옥보를 신부댁까지 옮겼네그려. 오후 05시에 보조연습으로 예배당으로 동부인하기로 약속을 해두었으니깐 04시40분 쯤 신부 댁까지 갔네그려. 그랬 더니 굳게 약속해두었던 신부가 집에 없단 말이지. 신랑 눈이 퀭해가지고 한참 신부 댁에서 기다리다가 무료해서 그만 나오지 않았겠나. 그리고 막 대문 밖으로 나서려는데, 신부의 고모되는 노파가 따라 나왔다나. 그리고 입을 꼭 신랑의 귀에 갖다가 댄 뒤에, “여관으로 가보게. 아마 거기 있 으리.” 하더라고, 그리고 그 뒤는 혼잣말같이, “Q인가 한 녀석이 또 왔다나.” 하면서 집으로 도로 들어가버리더라고. 짐작컨대 고모는 조카딸의 품행 나 쁜 것을 속으로 밉게 보았던 모양이지. 우인에게도 강짜는 있는 모양이야. 아무리 저편은 명사라고 아직껏 그 명 사를 버리고 자기에게로 온 것을 자랑스럽게 생각하던 철수도 이 소리는 귀에 거슬렸다. ‘떨어졌노라더니 아직도 붙어 있었구나.’ 결이 잔뜩 나서 씩씩거리며 여관 문 안에 쑥 들어서니 맞은 편에는 낯익은 여자 구두가 놓여 있다. 하늘이 사람을 내실 때에 한 가지 꾀는 주셨으 니, 작자 첨에 들어서는 결기로 봐서는 불문곡절하고 그 방으로 들어가서 한바탕 부숴댈 것 같았지만 그 결을 죽이고 문밖에 가만히 가서 들여다봤네 그려. 그러니깐 안에서는 별별 소리가 다 나는데 혹은, “인젠 영결이로구려.” 혹은, “친정으로 편지라도 자조해줘요.” 혹은, “며칠 있다가 그 사람은 다시 동경으로 갈 테니깐 그때 또 만나러 와주세 요.” 아이구, 기가 막히지. 그 뒤에는 별별 몸부림 지랄 다하네그려.\n",
		"passage_Cnt": 925
	},
	"Annotation": {
		"summary1": "집에 신부가 없어서 기다리다 무료해서 나온 신랑에게 신부의 고모되는 노파는 Q가 또 왔다며 여관에 가면 있을 것이라고 말해 주었다.",
		"summary2": null,
		"summary3": "그랬 더니 굳게 약속해두었던 신부가 집에 없단 말이지. 신랑 눈이 퀭해가지고 한참 신부 댁에서 기다리다가 무료해서 그만 나오지 않았겠나. 그리고 막 대문 밖으로 나서려는데, 신부의 고모되는 노파가 따라 나왔다나. 그리고 입을 꼭 신랑의 귀에 갖다가 댄 뒤에, “여관으로 가보게. 아마 거기 있 으리.” 하더라고, 그리고 그 뒤는 혼잣말같이, “Q인가 한 녀석이 또 왔다나.” 하면서 집으로 도로 들어가버리더라고.",
		"summary_3_cnt": 233
	}
}