{
	"Meta(Acqusition)": {
		"doc_id": "REPORT-literature-07255",
		"doc_category": "REPORT",
		"doc_type": "literature",
		"doc_name": "깨트려진 홍등",
		"author": "이효석",
		"publisher": null,
		"publisher_year": null,
		"doc_origin": "저작권위원회"
	},
	"Meta(Refine)": {
		"passage_id": "REPORT-literature-07255-07255",
		"passage": " 이 생각 저 생각에 설어지면 품에 지닌 사진을 몇 번이고 몇 번이고 꺼내보았다. 사진을 들여다보면 그는 재 없이 한바탕 울고야 말았다. 그러나 눈물이 마를 만하면 그는 또다시 사진을 꺼내 보았다. 이 지옥에 들어온지 삼년 동안 그 사진만이 그의 유일한 동무였고 위안이었다. 그것은 정든 님의 사진이 아니라 그의 어렸을 때의 집안 식구와 같이 박은 것이었다. (그의 집안은 그때에는 남부럽지 않게 살았던 것이다.) 아버지 어머니가 뒤에 서고 그는 어린 동생들과 손을 잡고 앞줄에 서서 박은 것이다. 추석날 읍에서 사진쟁이가 들어왔을 때에 머리 빗고 새 옷 입고 박은 것이었다. 벌써 칠년 전이다. 그 후에 어찌함인지 가운이 기울기 시작하여 집에 화재가 난다 땅이 떠내려간다 하여 불과 사년 동안에 가계가 폭삭 주저앉았던 것이다. 그리하여 삼 년 전에 서리서리 뒤틀린 괴상한 연줄로 명자가 이리로 넘어오게까지 되었었다. 고향을 끌려나올 때에 단 한 가지 멈에 지니고 나온 것이 곧 이 한 장의 사진이었다. 어머니 아버지가 보고 싶을 때마다 동생들이 생각날 때마다 그는 사진을 내보고 실컷 울었다. 집도 절도 없는 고향에 지금 아버지 어머니가 있을 리 만무할 것이다. 그릇 이고 쪽 박차고 알지 못하는 마을을 헤매이고 있을는지도 모른다. 그러나 그것도 저것도 고향에 가야 알 것이다. 얼른 고향에 가야 그들의 간 곳도 찾아낼 수 있을 것이다. 이렇게 생각하는 그는 하루도 몇 번 사진과 눈씨름하면서 얼른 삼년이 지나 계약한 기한이 오기만 고대하였다. 그러나 삼년이 지나 기한이 넘어도 주인은 그를 내 놀려고 하지 않았다.— 이 생각 저 생각에 분하고 원통하여서 오늘도 종일 사진을 보며 울기만 하였다.\n",
		"passage_Cnt": 839
	},
	"Annotation": {
		"summary1": "그는 품에 지니고 있는 집안 식구들의 사진을 눈물이 마를 만하면 또다시 꺼내보면서 한바탕 울고야 말았다.",
		"summary2": null,
		"summary3": "이 생각 저 생각에 설어지면 품에 지닌 사진을 몇 번이고 몇 번이고 꺼내보았다. 사진을 들여다보면 그는 재 없이 한바탕 울고야 말았다. 그러나 눈물이 마를 만하면 그는 또다시 사진을 꺼내 보았다. 그것은 정든 님의 사진이 아니라 그의 어렸을 때의 집안 식구와 같이 박은 것이었다.",
		"summary_3_cnt": 159
	}
}