{
	"Meta(Acqusition)": {
		"doc_id": "REPORT-literature-07526",
		"doc_category": "REPORT",
		"doc_type": "literature",
		"doc_name": "여인",
		"author": "김동인",
		"publisher": null,
		"publisher_year": null,
		"doc_origin": "저작권위원회"
	},
	"Meta(Refine)": {
		"passage_id": "REPORT-literature-07526-07526",
		"passage": " 그와 나의 첫 교제는 이리하여 시작되었다. 그러나, 한 번 두 번 차차 전개된 그와 나의 교제는 이상하고도 기괴한 교제로 되어 버렸다. 서로 악의로서 찬 눈으로 마주 바라보다가는, 뜻하지 않고, 서로 탁 달려들어서는 제각기 비상한 열정으로 상대자의 입술을 찾는다. 이러다가 겨우 서로 만난 입술은, 마치 몇 해를 서로 떨어져 있던 사람들과 같이 맹렬히 서로 빨고 빨리 운다. 그러나, 이러한 열정의 순간에도, 그 다음 순간에 생겨날 불유쾌한 마음상을 서로 잊지 않고 있다. 누구든(나 혹은 그)가, 먼저 탁 상대자를 밀쳐 버리고, 더럽다는 듯이 침을 탁 배앝는다. “뚱뚱보! 되지!” “전선대!” “스베따!(すべた―호박)” “후누께!(ふぬけ―얼간이)” “입 또 한 번 맞출까?” “싫여! 더러워!” “네가 더럽다.” 이러한 욕설을 서로 퍼부은 뒤에, 몹시 불유쾌하여져서 사요오나라(さようなら)의 한 마디도 없이 작별을 한다. 대단한 피곤― 그와 헤어져서 집에 돌아온 때마다, 그것은 마치 아편의 꿈과 같이 간지럽고도 녹는 듯한 피곤에 잠겨서 아끼꼬의 일을 생각하며, 다시는 어떤 일이 있든 그와 만나지 않으려 굳은 결심을 몇 번이나 하였던가. 그러나, 밝는 날 화백의 집에서 다시 그를 만나고, 그곳서 헤어질 때에, 그가 내 곁으로 지나가면서, 작은 소리로, “따라와요”하고 가면은 나의 몸은 온갖 나의 이성에 반하여 그의 뒤를 따라간다. 그리고, 그 다음에 전개되는 것은 역시 기괴하고도 숨 막히는 찰나― 그 다음에 계속되는 것은 권태와 증오의 시간.\n",
		"passage_Cnt": 759
	},
	"Annotation": {
		"summary1": "그와 나의 교제는 서로 악의에 찬 눈으로 바라보다가 제각기 비상한 열정으로 상대의 입술을 찾는 이상하고도 기괴한 교제가 되어 버렸다.",
		"summary2": null,
		"summary3": "그와 나의 첫 교제는 이리하여 시작되었다. 그러나, 한 번 두 번 차차 전개된 그와 나의 교제는 이상하고도 기괴한 교제로 되어 버렸다. 서로 악의로서 찬 눈으로 마주 바라보다가는, 뜻하지 않고, 서로 탁 달려들어서는 제각기 비상한 열정으로 상대자의 입술을 찾는다. 이러다가 겨우 서로 만난 입술은, 마치 몇 해를 서로 떨어져 있던 사람들과 같이 맹렬히 서로 빨고 빨리 운다.",
		"summary_3_cnt": 212
	}
}