{
	"Meta(Acqusition)": {
		"doc_id": "REPORT-literature-07226",
		"doc_category": "REPORT",
		"doc_type": "literature",
		"doc_name": "왕부의 낙조",
		"author": "김동인",
		"publisher": null,
		"publisher_year": null,
		"doc_origin": "저작권위원회"
	},
	"Meta(Refine)": {
		"passage_id": "REPORT-literature-07226-07226",
		"passage": "정 애탈 때에는, 신돈을 부르면 그래도 신돈에게서는 좀 시원한 말이라도 있었거늘, 이 막히고 빽빽하고 답답한 재상들과 대하려면 정 진저리가 났다. 사사에 공맹을 들고 나오고 송당을 들고 나오고 선왕을 들고 나오고….\n이런 가운데서, 왕의 성격은 차차 괴벽하여 갔다. 신돈의 죽은 지 일 년 뒤― 마암 영전의 종루( 鍾 樓 )가 낙성되었다가 헐리고(높이가 얕다고) 영전뒤 취두(鷲頭―금 육백오십 냥 은 백 냥을 들임)가 된 때쯤은, 왕은 온전히 다른 사람같이 되었다. 대수롭잖은 일에 성을 내고 성을 내면 포학성을 띠는 것쯤은 그래도 인간미가 있는 편이요, 때때로는 이틀 사흘 말 한마디도 없이 음침한 얼굴로 앉아 있다가는, 생각 나면 엉뚱한 일을 시켜서, 사람들을 놀라게 하고 하였다.\n이십일년 시월에 왕은 '자제위(子弟衛)'라는 것을 두기로 하였다. 그것은 김흥경(金興慶)으로서 두목을 삼은 미소년들의 무리였다.\n홍윤, 한안, 권진, 홍관, 노선(洪倫 韓安 權瑨 洪寬 盧瑄) 등이 왕의 사랑을 받는 소년들이었다.\n그러는 한편 계집들에게 대한 잔학 본능이 강하여져서, 계집― 그 가운데서도 젊고 이쁜 계집이 괴로워하는 양을 보는 것을 통 쾌히 여기었다.\n대궐에서는 계집들은 차차 이 괴벽한 왕을 무서워하고 꺼리었다. 어떤 날 왕은 홍윤을 익비 한씨의 방에 몰아넣은 일까지 있었다. 한씨는 반항을 하였지만 왕까지 칼을 뽑아 들고 종내 꺾고야 말았다. 그것을 엿보며 기뻐하는 왕.\n",
		"passage_Cnt": 715
	},
	"Annotation": {
		"summary1": "신돈을 부르면 그래도 시원한 말이라도 있었지만 사사에 선왕이나 공맹을 들고 나오는 재상들과 대하려니 진절머리가 났던 왕의 성격은 점점 괴벽해져 갔다.",
		"summary2": null,
		"summary3": "정 애탈 때에는, 신돈을 부르면 그래도 신돈에게서는 좀 시원한 말이라도 있었거늘, 이 막히고 빽빽하고 답답한 재상들과 대하려면 정 진저리가 났다. 사사에 공맹을 들고 나오고 송당을 들고 나오고 선왕을 들고 나오고…. 이런 가운데서, 왕의 성격은 차차 괴벽하여 갔다.",
		"summary_3_cnt": 150
	}
}