{
	"Meta(Acqusition)": {
		"doc_id": "REPORT-literature-07693",
		"doc_category": "REPORT",
		"doc_type": "literature",
		"doc_name": "투환금은(偸煥金銀)",
		"author": "윤백남　",
		"publisher": null,
		"publisher_year": null,
		"doc_origin": "저작권위원회"
	},
	"Meta(Refine)": {
		"passage_id": "REPORT-literature-07693-07693",
		"passage": " 어언 이렇게 지내기를 십수년 하매 별로 생재할 길이 없는 조성산의 살림 은 나날이 줄어들어 가지마는 조는 한고 아의 살림범백을 전부 맡아 해주었 다. 한고 아가 과거에 급제하여 종관(從官)이 되어 가는 때에도 제반 치행을 조 씨가 도맡아 해주었다. 이러므로 조씨의 형세는 극도로 영락하여 이제는 다솔식구에 그날 그날을 지내기가 곤란하게 되었다. 이때는 이미 가세가 풍유해 진 한가이건마는 은덕을 입은 조씨의 궁핍한 형세를 모르는 체 하고 돌아보지 않았다. 조씨 역시 조석을 제때에 먹지 못하는 형편에 있으면서도 한가의 심지를 아는지라 속으로 괘씸히 여길 뿐으로 한 톨의 쌀도 바라지 아니 하여 왔다. 그랬더니 이제 한고 아가 평양감사로 영전되어 가서 있고 가세는 점점 극도 로 궁핍하고 하니 자연히 생각나는 것이 한고 아의 일인데다가 이웃사람들 도, \"설마 하니 오백여리 간 사람을 모르체야 하겠소.\" 해서 조씨의 마음을 움직이게 한 것이었다. 이리하여 조씨는 노경에 먼 길을 떠나게된 것이었다. 길을 떠난 지 십여일 만에 조성산은 평양부중에 이르렀다. 도착한 것이 저녁 때라 조성산은 낭택을 거꾸로 하여 보행 객주집에서 하루를 자고 이튿날 감 영에 이르렀더니 문금(門禁)이 엄엄하여 \"무어 어째 감히 삿도께 뵙겠다구, 이 사람아, 기의 행색을 좀 보아야 지.\" 하며 관속들은 조씨의 초라하고 남루한 의표를 보고 발 한 걸음 들여놓지 못하게 하는 것이었다. 조씨는 그들 관속과 다투기에는 너무나 착하였다.\n",
		"passage_Cnt": 732
	},
	"Annotation": {
		"summary1": "조 씨가 한 고아의 살림을 전부 맡아 해주었지만 이후 한가의 가세가 풍유해졌음에도 조 씨의 궁핍한 형세를 모른 체하고 돌아보지 않았다.",
		"summary2": null,
		"summary3": "이러므로 조씨의 형세는 극도로 영락하여 이제는 다솔식구에 그날 그날을 지내기가 곤란하게 되었다. 이때는 이미 가세가 풍유해 진 한가이건마는 은덕을 입은 조씨의 궁핍한 형세를 모르는 체 하고 돌아보지 않았다. 어언 이렇게 지내기를 십수년 하매 별로 생재할 길이 없는 조성산의 살림 은 나날이 줄어들어 가지마는 조는 한고 아의 살림범백을 전부 맡아 해주었 다.",
		"summary_3_cnt": 201
	}
}