{
	"Meta(Acqusition)": {
		"doc_id": "REPORT-literature-07388",
		"doc_category": "REPORT",
		"doc_type": "literature",
		"doc_name": "왕자(王子)와 제비",
		"author": "방정환",
		"publisher": null,
		"publisher_year": null,
		"doc_origin": "저작권위원회"
	},
	"Meta(Refine)": {
		"passage_id": "REPORT-literature-07388-07388",
		"passage": " 두 눈이 다 없어진 왕자님은 다녀온 제비의 소리를 듣고 기뻐하였습니다.\n제비는 그 눈먼 왕자님을 보고 눈물을 줄줄 흘리면서, “왕자님! 왕자님이 이제는 장님이 되셨으니까, 저는 영영 가지 아니하고, 왕자님을 모시고 여기 살겠습니다.” “아니 아니, 그건 안될 말이다. 너는 속히 남쪽 나라로 가야 한다. 겨울 이 닥쳐오는데 어떻게 견디니…….” 하고, 불쌍하게 된 왕자님이 말을 하였습니다. “아니오, 추워서 얼어 죽어도 왕자님 곁에 있겠습니다.” 하고, 제비는 눈먼 왕자님 앞에서 잤습니다. 그 이튿날 아침때가 되었습니다. 인제는 남쪽 나라에도 아니 가기로 결심하였습니다. 느릿느릿 날아서 거리를 돌아다녔습니다. 다니면서 보니까, 욕 심 많은 부자가 훌륭한 대궐 같은 집에서 즐겁게 지내는데, 그와는 딴판으 로 그 집 문간에는 불쌍한 거지가 밥을 달라고 애걸을 하고 있습니다. 또 어디는 가니까, 남의 집 처마 밑에서 어린애들이 손가락을 빨아먹으면서 밥 을 달라 울고 있었습니다. 또 어디는 가니까, 아들 없는 노인이 살이 드러 나는 찢어진 홑옷을 입고 벌벌 떨면서 남의 집 쓰레기통을 뒤지는 이도 있 었습니다. 이 불쌍한 꼴을 보고 온 제비는 왕자님께 모두 보고 온 대로 이야기를 하 였습니다. 그러니까, 왕자님이 “내 몸을 금으로 쌌으니 그것을 조각조각 벗겨다가 불쌍한 사람들에게 주어다구.” 하였습니다. 이번에는 싫단 말 아니하고, 제비가 그 금 조각을 하나씩 하나씩 벗겼습니 다. 아름답고 찬란하였던 복 많은 왕자는 기어이 아무 광채 없는 잿빛으로 변하고 말았습니다. 제비는 그 금 조각을 하나씩 하나씩 불쌍한 사람들에게 갖다 주었습니다.\n",
		"passage_Cnt": 812
	},
	"Annotation": {
		"summary1": "불쌍한 꼴을 보고 온 제비가 왕자에게 이야기하니 왕자가 몸의 금을 벗겨 불쌍한 사람들에게 주라고 하였고 아름답고 찬란하던 왕자는 아무 광채 없는 잿빛으로 변하고 말았다.",
		"summary2": null,
		"summary3": "이 불쌍한 꼴을 보고 온 제비는 왕자님께 모두 보고 온 대로 이야기를 하 였습니다. 그러니까, 왕자님이 “내 몸을 금으로 쌌으니 그것을 조각조각 벗겨다가 불쌍한 사람들에게 주어다구.” 하였습니다. 아름답고 찬란하였던 복 많은 왕자는 기어이 아무 광채 없는 잿빛으로 변하고 말았습니다.",
		"summary_3_cnt": 160
	}
}