{
	"Meta(Acqusition)": {
		"doc_id": "REPORT-literature-07202",
		"doc_category": "REPORT",
		"doc_type": "literature",
		"doc_name": "수평선 너머로",
		"author": "김동인",
		"publisher": null,
		"publisher_year": null,
		"doc_origin": "저작권위원회"
	},
	"Meta(Refine)": {
		"passage_id": "REPORT-literature-07202-07202",
		"passage": "“그럼 이 이상 이 사건에는 더 물어 안 보마. 그 대신 다른 것을 물을 테 니 아는 껏 대답해 주게.” “…….” “이즈음 대감의 건강은 어떠신가?” “괜찮으신 모양이올시다.” “밤에 잘 주무시나?” “밤에는 ─ 워낙 노체라 소인이 늘 곁에서 수족을 쓸어 드립니다.” “때때로 일상(日常) 필요한 말씀 외에 하시는 말씀이 안 계신가?” “글쎄올시다.” “이상한 일이 있는 직후에는 대감 방 앞에는 하인 네 명이 지키고 있었지? 지금은 어떤가?” “지금도 그냥 지킵니다.” “그건 대감에게서 그만두라시는 영이 내리지 않아서 그렇게 하는 겐가 혹 은 대감께서 그냥 지키시라는 영이 내렸나?” “대감의 지휘올시다.” 알 만치는 알았다. 여기 필호만 없으면 좀 더 물어 보고 싶은 일도 있고 자 기가 물으면 넉넉히 대답을 자아 낼 만한 자신도 있지만 필호가 지키고 있 으므로 인준이는 이만치 하여두고 완쇠와의 회견을 끝내고 필호와 함께 그 방을 나왔다.\n그러나 나왔다가 즉시로 그 방에 담배 물부리를 놓고 나왔노라는 핑계로 도로 달려 들어갔다.\n들어가 보매 완쇠는 아직도 무슨 생각에 잠긴 듯이 머리를 푹 수그리고 아 까의 자리에 앉았는 것이었다.\n인준이는 완쇠의 곁에 갔다. 그리고 입을 완쇠의 귀에 갖다 대고 물었다 ─.\n“말하자면 지금 윤찬두 씨와 며칠 전에 왔던 괴한과는 이부(異父)동생이 지?” “아니올시다. 그 분은 대감께 오시기 전까지는 생산한 일이 없었습니다.” “그럼 정실 소생일까?” “글쎄올시다. 김 영찰은 전처(前妻)도 소생 없이 사별하고 홀몸으로 지내 다가 그 일을 당했읍니다.” “그럼 그날 밤 그 괴한은 누구겠는가 말이야.” 완쇠의 입이 비로소 열렸다 ─.\n",
		"passage_Cnt": 828
	},
	"Annotation": {
		"summary1": "필호만 없다면 좀 더 물어보고 싶은 일도 있었으나 필호가 지키고 있었기 때문에 인준이는 완쇠와의 회견을 끝내고 필호와 그 방을 나왔다가 다시 방에 들어갔다.",
		"summary2": null,
		"summary3": "여기 필호만 없으면 좀 더 물어 보고 싶은 일도 있고 자 기가 물으면 넉넉히 대답을 자아 낼 만한 자신도 있지만 필호가 지키고 있 으므로 인준이는 이만치 하여두고 완쇠와의 회견을 끝내고 필호와 함께 그 방을 나왔다. 그러나 나왔다가 즉시로 그 방에 담배 물부리를 놓고 나왔노라는 핑계로 도로 달려 들어갔다.",
		"summary_3_cnt": 172
	}
}