{
	"Meta(Acqusition)": {
		"doc_id": "REPORT-literature-07598",
		"doc_category": "REPORT",
		"doc_type": "literature",
		"doc_name": "독와사",
		"author": "김정진",
		"publisher": null,
		"publisher_year": null,
		"doc_origin": "저작권위원회"
	},
	"Meta(Refine)": {
		"passage_id": "REPORT-literature-07598-07598",
		"passage": "“아 대관절 누구에게를 갔다 온 모양이아.” “누구라니. 일지매의 집에 갔었지.” “그래 돈은 어떡했어?” “치료비하라고 주었지.” “치료비는 어디가 아파서 치료비란 말이아.” 심참봉은 한 치각의 말하는 것이 도무지 갈피를 잡을 수 없이 쏟아져 나오 는 통에 정신이 얼떨떨해졌다.\n“대관절 나는 참봉의 말하는 의미는 통히 모르겠는데. 대관절 내가 없는 동안에 일지매를 만났단 말이아?” “만나면 이만 저만하게 만나? 별 창피한 꼴을 다 보았는데. 자네도 이젤 랑은 좀 똑똑하게 굴어.” 심참봉은 깜짝 놀라며 “일지매가 여기를 오다니? 아, 병원에 갔다는 사람이 여기를 왔단 말이 아.” “그러게 정신을 좀 채리란 말이지. 이게 무슨 까닭인가 자네 흥감 떠는 통에 물색 없이 내 돈만 이백 원이 축이 났으니 어떻게 한단 말인가? 그래 돈은 주고 왔단 말이아.” “그럼 주고 오지 어떡하나?” 심참봉은 한 치각의 말눈치에 대강 내용을 짐작하게 되는데 따라서 자기의 경솔하였던 것을 뉘우친 듯이 머리를 수그렸다. 한 치각은 입맛을 다시며 “손재수가 들려니까 별 일이 다 생기요. 그 돈은 다시 찾을 수는 없나?” 심창봉은 힘없는 소리로 “글쎄. 한 번 전한 것을…….” “그럼 못 찾겠다는 말이아.” “그것이아 기어이 찾으려면아 재판이라도 해서 찾을 수가 있지마는.” 한 치각은 화증을 버럭 내며 “재판이라니 누가 그런 창피한 짓을 해, 대관절 돈 준 표…….” 한 치각은 중간에 일이 하도 맹랑하게 되어 얼마쯤 심참봉을 의심하는 생각 도 없지 아니하여 영수증 같은 것이 있으면 하는 생각으로 말이 불쑥 나오 다가 차마 면구하여 말끝을 멈추었다. 그러나 눈치빠른 심참봉은 자기도 중 간에서 찜찜하게 생각하고 있던 터이라 그 말 한 마디가 얼른 머릿속의 신 경을 찔렀다.\n",
		"passage_Cnt": 876
	},
	"Annotation": {
		"summary1": "한 치각의 말눈치에 심참봉은 내용을 짐작하여 자기의 경솔하였던 것을 뉘우치듯 머리를 수그렸지만 한 치각의 그 말 한마디가 중간에서 찜찜하게 생각하고 있던 머릿속의 신경을 찔렀다.",
		"summary2": null,
		"summary3": "“그럼 주고 오지 어떡하나?” 심참봉은 한 치각의 말눈치에 대강 내용을 짐작하게 되는데 따라서 자기의 경솔하였던 것을 뉘우친 듯이 머리를 수그렸다. 그러나 눈치빠른 심참봉은 자기도 중 간에서 찜찜하게 생각하고 있던 터이라 그 말 한 마디가 얼른 머릿속의 신 경을 찔렀다.",
		"summary_3_cnt": 152
	}
}