{
	"Meta(Acqusition)": {
		"doc_id": "REPORT-literature-07545",
		"doc_category": "REPORT",
		"doc_type": "literature",
		"doc_name": "정자나무있는 삽화",
		"author": "채만식",
		"publisher": null,
		"publisher_year": null,
		"doc_origin": "저작권위원회"
	},
	"Meta(Refine)": {
		"passage_id": "REPORT-literature-07545-07545",
		"passage": " 바람이 지나가노라, 솨아 벼잎 갈리는 소리가 제법 요란하다. 멀리서 서툰 퉁소 소리가 들판을 건너 들려온다. 분명 을녜네 원두막에서 불거니 하고 생각하니, 오늘 저녁에 정녕코 그가 찾아올 듯싶다. 어제 낮에 잠깐 만났을 때 저녁에 저 혼자서 원두막에 있을께시니, 부디 오라고 두 번 세 번 당부를 했고, 꼭 가마고 대답까지 하고서도 가지를 않 았었다. 그래 아까 석양때 우물 옆을 지나느라니까 여럿이 있는 데라 말은 못 하고, 남 몰래 눈만 흘기는 양이 어디 이따가 보자는 그 뜻인 게 역력했었 다. 그랬으니까 누가 잡아서 묶어라도 놓기 전에는(하루만 못 만나도 애가 잦아 안달이 나는 그 애겠다) 보나 안 보나 오지 않고는 못뱃길 것이다. 아니나다를까, 구름에 가렸던 달이 훤해지면서 동네께를 내다보자니까, 이 리로 향해 걸어오는 검은 그림자가 갈데없는 을녜다. 정이라는 게 게 무엇인지, 저렇게도 계집아이가 남의 구설 어려운 줄 모르 고 밤을 낮도와, 제 그린 사람을 만나보려 허덕지덕 애가 밭아 찾아다니고 하는가 하면, 관수는 다시금 을녜가 딱하고 불쌍했다. 일이 애당초에, 관수는 생각도 의사도 없는 것을 을녜 제가, 마치 이 꽃에 서 저 꽃으로 나풋 옮아앉듯, 오복이에게서 저게로 날아들어 온 것이니 누 가 무어라고 하더라도 꼬이다니 괜한 말이요, 떳떳이 발명할 거리가 없는 것은 아니다. 그러나, 그러고 저러고 간에 남의 시비가 결리는 게 아니라 저 편은 그다지도 정이 있어하고 따르고 하는 것을 이 편은 저쪽이 흡족해할 만 큼은 정이 가지를 않으니, 첫째 그것이 민망한 노릇이다.\n",
		"passage_Cnt": 781
	},
	"Annotation": {
		"summary1": "관수는 남의 구설 어려운 줄 모르고 제 그린 사람을 만나보려 이리로 향해 걸어오는 을녜가 불쌍하고 딱했다.",
		"summary2": null,
		"summary3": "아니나다를까, 구름에 가렸던 달이 훤해지면서 동네께를 내다보자니까, 이 리로 향해 걸어오는 검은 그림자가 갈데없는 을녜다. 정이라는 게 게 무엇인지, 저렇게도 계집아이가 남의 구설 어려운 줄 모르 고 밤을 낮도와, 제 그린 사람을 만나보려 허덕지덕 애가 밭아 찾아다니고 하는가 하면, 관수는 다시금 을녜가 딱하고 불쌍했다.",
		"summary_3_cnt": 181
	}
}