{
	"Meta(Acqusition)": {
		"doc_id": "REPORT-literature-07519",
		"doc_category": "REPORT",
		"doc_type": "literature",
		"doc_name": "도야지",
		"author": "채만식",
		"publisher": null,
		"publisher_year": null,
		"doc_origin": "저작권위원회"
	},
	"Meta(Refine)": {
		"passage_id": "REPORT-literature-07519-07519",
		"passage": " 명자의 남편 황종택의 직업은 토목청부업. 그는 돈을 썩 잘 벌었다. 그 썩 잘 돈을 버는 방법은 지극히 간단하고 명료하였다. 1천만 원짜리 토목공사를 청부를 맡는다. 5백만 원 쯤 들여서 어름어름 공사를 마쳐놓는다. 1천만 원 공사를 절반 5백만 원 들여서 만들어놓았으니, 당자 황종택의 눈이 하나가 애꾸눈인 것처럼, 아무가 보아도 불완전한 공사인 것이 단박에 드러난다. 황종택은 검사하러 나온 친구에게 미리서 준비하였던 백만 원 한 뭉치를 슬며시 쥐어주고는 최신식 자가용 자동차에다 떠 싣고 요리집으로 가서 술과 계집을 직사하게 들이 안긴다. 공사는 이튿날 완전히 패스한다. 꼬아먹은 5백만 원에서 백만 원은 그렇게 쓰이고, 그 1천만 원 공사를 저의 앞으로 낙찰시키느라고 쓴 운동비 백만 원을 까고, 교제한 요리값, 기집 해웃값, 선사한 물건값 모두 해서 한 백만 원 들었고, 나머지 2백만 원은 고스란히 황종택의 낭탁으로 들어간다. 이렇게 수월히 잘 버는 돈이기 때문에 황종택은 안 해 명자의 청을 좇아 장인 문영환의 선거에다 백만 원의 현금과 40만원 어치의 종이를 투자(投資)하기에 주저가 없었다. 백만 원의 현금과 40만원 어치의 종이를 가지고, 명자는 부친 문영환의 선거를 응원하려고 서울로조차 내려온 것이었었다. 와서는 여자특공대를 가로맡아 가지고, 총 지휘 최씨 부인을 젖혀놓다시피 하면서 종횡으로 활약을 하였다. 여자특공대들로 하여금 가정방문을 하여 문영환에게 투표를 하라고 권유를 하면서 그 자리에서 ‘암만 비밀ㆍ무기명 투표라고 하여도, 그가 누구에게 투표를 한 것이 나중 가서 죄다 드러나게 마련이 되었느니라고’한편 손으로는 슬그머니 위협전술을 쓰게 한 것도 명자가 발명한 전술 가운데 하나였었다.\n",
		"passage_Cnt": 852
	},
	"Annotation": {
		"summary1": "명자의 남편 황종택은 돈을 썩 잘 벌었기 때문에 장인 문영환의 선거에 돈을 투자하는데 주저가 없었고 명자는 부친의 선거를 응원하기 위해 서울에서 내려온 것이었다.",
		"summary2": null,
		"summary3": "명자의 남편 황종택의 직업은 토목청부업. 그는 돈을 썩 잘 벌었다. 이렇게 수월히 잘 버는 돈이기 때문에 황종택은 안 해 명자의 청을 좇아 장인 문영환의 선거에다 백만 원의 현금과 40만원 어치의 종이를 투자(投資)하기에 주저가 없었다. 백만 원의 현금과 40만원 어치의 종이를 가지고, 명자는 부친 문영환의 선거를 응원하려고 서울로조차 내려온 것이었었다.",
		"summary_3_cnt": 202
	}
}