{
	"Meta(Acqusition)": {
		"doc_id": "REPORT-literature-07512",
		"doc_category": "REPORT",
		"doc_type": "literature",
		"doc_name": "첫날밤(투르게네프)",
		"author": "현진건",
		"publisher": null,
		"publisher_year": null,
		"doc_origin": "저작권위원회"
	},
	"Meta(Refine)": {
		"passage_id": "REPORT-literature-07512-07512",
		"passage": "방안엔 소동이 일어났다. 그보담도 더욱 소란한 것은 그 때에 형사 사오명 이 문을 박차고 들어온 것이다.\n“마백륜이란 이가 누구요? 그레사 여관에서 안 해 죽인 혐의로 포박하겠 소.” 하고, 마백륜에게로 달겨들었다. 형사에게 덜미를 잡힌 채 마백륜은, “이런 무례한 일이 어데 있단 말이오? 불문곡직하고 남을 체포한다는 것 은 인권 무시가 아니오? 세상에 이렇게도 나를 모해를 한담. 이렇게도 교묘 한 수단을 써서 나를 얽을 줄이야 꿈에도 몰랐지.” 하면서 말을 하랴, 형사의 손을 뿌리치랴, 한참동안 버르적거렸으나 소용없 는 일이었다.\n“할 말이 있거든, 갈 곳에 가서 하오.” 하여, 입을 닥치게 한 뒤에 끄을고 가 버렸다.\n뜻밖의 일이란 이를 두고 이름이리라. 시안의 연희 죽인 혐의가 점점 풀려 가기 시작하였을 제 마백륜이가 또 연희 죽인 혐의로 붙들려가고 말았다.\n까마귀의 암놈 수놈을 구별할 수 없다더니만 이런 일이야말로 흑백을 분간하기가 어렵다 하겠다. 세 사람은 마백륜의 끌려가는 뒤꼴을 바라볼 뿐이 요, 아모 말이 없었다. 그의 모양이 아주 보이지 않았을 때까지 세 사람은 서로서로 얼굴을 치어다볼 뿐이요 말이 없었다. 집혀 가는 마백륜이도 마백 륜이려니와 남아 있는 사람도 너무나 의외의 일이라 놀래인 가슴과 얼떨떨 한 머리를 진정할 길이 없었음이다. 그 때에 문이 열리며 시안이가 새파란 얼굴로 들어오는데 세 사람은 더욱 놀래었다.\n51 시안은 정신 잃은 사람 모양으로 한동안 멀거니 서 있다가 형님을 향하여, “세상에 이상한 일도 있고는 볼 일입니다. 아까 그 전보가 온 뒤에 시방 도 이런 전보가 파리에서 왔습니다.” 하고, 여러 장의 긴 전보를 내어 보이었다. 어머니와 유리도 그 전보로 모 이어 읽어보니 그 사연은 다음과 같았다.\n",
		"passage_Cnt": 872
	},
	"Annotation": {
		"summary1": "덜미를 잡힌 마백륜이 형사의 손을 뿌리치고 한참을 버르적거렸지만 소용없는 일이었다.",
		"summary2": null,
		"summary3": "형사에게 덜미를 잡힌 채 마백륜은, “이런 무례한 일이 어데 있단 말이오? 불문곡직하고 남을 체포한다는 것 은 인권 무시가 아니오? 세상에 이렇게도 나를 모해를 한담. 이렇게도 교묘 한 수단을 써서 나를 얽을 줄이야 꿈에도 몰랐지.” 하면서 말을 하랴, 형사의 손을 뿌리치랴, 한참동안 버르적거렸으나 소용없 는 일이었다.",
		"summary_3_cnt": 179
	}
}