{
	"Meta(Acqusition)": {
		"doc_id": "REPORT-literature-07523",
		"doc_category": "REPORT",
		"doc_type": "literature",
		"doc_name": "불로초(不老草)",
		"author": "계용묵",
		"publisher": null,
		"publisher_year": null,
		"doc_origin": "저작권위원회"
	},
	"Meta(Refine)": {
		"passage_id": "REPORT-literature-07523-07523",
		"passage": " 닭들은 모두 토방 위로 올라서서 목들을 길게 빼고 꾸득거 리며 모이를 기 다린다. “쥐 쥐 쥐…….” 열 마리가 넘으니 닭들은 모일 대로 다 모였는가 본데 손자는 쥐 소리를 부르면서야 닭의 모이는 주는 것인 것처럼 연방 쥐 쥐 불러 내며 쉬쌀을 집 어 뿌린다. 모이가 떨어지는 대로 쫓아다니며 남보다 한 알이라도 더 얻어먹으려고 눈이 뻘개서 덤비는 닭들, 그 경쟁판에서 한 다리로 깨금질하여 다니며 수 고로이 모이를 줍는 한 마리의 땅뚱이 손자에게는 그것이 모이를 줄 때마 다의 동정의 대상이 되는 듯싶었다. 모이를 거듭 던질 때마다 땅뚱이에게 주력을 하고 쥐어 뿌린다. 그러나 떨어지는 모이 좇아 우윽 하고 몰려다니 는 성한 놈들의 분주통에 무더기로 떨어지는 모이는 한 번도 참예를 못 하고 번마다 밖으로 밀리어 나와선 알주이밖에 더는 못한다. 손자는 혼자 얻어먹지 못하는 그 땅뚱이가 가엾어 보였던지 모이를 주어 보다 주어 보다 못해 그만 바가지를 놓고 토방으로 나서더니 그중에서도 제 일 미꿀스럽게 덤비며 어린것들을 무시하는 묵은 수탉을 통통거리며 쫓아낸 다. 그러나 수탉은 쫓을 때마다 성큼성큼 피할 뿐, 돌아만 서면 여전히 덤비 기에 조심도 안는다. 몇 번이고 쫓아 보아도 쫓을 수 없는 수탉임을 안 손 자는 할아버지에게 응원을 청하는 듯이 수탉을 가리키며 손목을 잡아 끈다. 할아버지는 손자의 그 착한 맘씨에 놀랐다. 아직 엄마 아빠 소리밖에 말 도 할 줄 모르는 인제 겨우 두 돌잡이에게 벌써 그런 착한 마음씨가 깃들었 다니! 악할 줄 모르고 선을 위하여 정성을 베푸는 마음! 그것이 예로부터 농가의 마음이었다. 그 마음이 자기의 집에서도 대를 이어 내려왔음을 안 다. 자기 아들도 그런 마음을 받았다. 이제 거기, 억센 힘, 굳은 의지가 배 양만 된다면, 그리하여 천여 두레의 물을 단숨에 쾅쾅 퍼낼 수 있는 장정이 되어 주기만 한다면 자기는 게서는 더 손자에게 바랄 것이 없었다. 손자의 그 싹트는 귀여운 마음을 북돋아주는 의미에서라도 그가 원하는 대로 당장 그놈의 수탉을 몰아내어 주고는 싶었으나, 변소 출입도 자유롭지 못한 풍 맞은 다리는 문턱 넘어 토방도 천릿길이었다. 지팡이를 들어 쉬쉬 내둘러 보았으나 그것은 손자의 쫓는 힘에도 및지 못했다. 닭들은 지팡이가 나올 때마다 머리를 한 번씩 들어 볼 뿐, 그저 그것이었다.\n",
		"passage_Cnt": 1146
	},
	"Annotation": {
		"summary1": "땅뚱이가 가엾어 보였던지 어린 것들을 무시하는 묵은 수탉을 통통거리며 쫓아내는 손자의 모습을 본 할아버지는 손자의 그 착한 마음씨에 놀랐다.",
		"summary2": null,
		"summary3": "할아버지는 손자의 그 착한 맘씨에 놀랐다. 손자는 혼자 얻어먹지 못하는 그 땅뚱이가 가엾어 보였던지 모이를 주어 보다 주어 보다 못해 그만 바가지를 놓고 토방으로 나서더니 그중에서도 제 일 미꿀스럽게 덤비며 어린것들을 무시하는 묵은 수탉을 통통거리며 쫓아낸 다. 몇 번이고 쫓아 보아도 쫓을 수 없는 수탉임을 안 손 자는 할아버지에게 응원을 청하는 듯이 수탉을 가리키며 손목을 잡아 끈다.",
		"summary_3_cnt": 219
	}
}