{
	"Meta(Acqusition)": {
		"doc_id": "REPORT-literature-07213",
		"doc_category": "REPORT",
		"doc_type": "literature",
		"doc_name": "악부자",
		"author": "백신애",
		"publisher": null,
		"publisher_year": null,
		"doc_origin": "저작권위원회"
	},
	"Meta(Refine)": {
		"passage_id": "REPORT-literature-07213-07213",
		"passage": " ‘세상이란 이렇게 공 떨어지는 횡재가 있는 법이 없는데 내가 꿈꾸고 있 나, 그렇지 않고야 내 사정을 이렇게 보아주는 사람이 요즈음도 남아 있을 리가 있나.’ 그는 이렇게 생각되었다. “염려 말고 남에게 입을 띄지 마오. 내일은 일패를 두 개 맡아 가지고 한 구루마에 한 것씩만 담아 오면 도장은 스무 개 찍어 줄 터이니 나중에 품삯 을 탈 때는 아무의 도장이나 관계 없으니 두 개만 가지고 와서 친구의 것을 대신받는다고만 하오. 그리고 그 품삯은 반 치는 당신이 먹고 반은 나를 주오. 알겠소?” 패장은 경춘의 귀에 대이고 이렇게 속삭였다. “네 — 나는 못 알아들었습니다. 시키시는 대로 하기는 하지마는 무슨 영 문인지를…….” 경춘이는 겨우 이렇게 입이 떨어졌다. “이 친구 정신 없구나. 내가 보아하니 당신은 종일 해도 두세 구루마도 겨우 할 것 같으니까 하루 두 구루마만 하고 열 구루마삯을 받도록 해 준단 말이요.” “왜 일패는 두 개를 맡나요.” “하! 아직 모르겠소? 한 사람이 하루 열 구루마 이상은 못하니까 두 개 를 가져야 스무 구루마 삯을 탈 수 있지 않소. 그러면 열 구루마는 당신이 먹고 열 구루마는 내가 먹자는 심판이지…….” 경춘의 가슴은 어벙벙해지며 입이 비틀거렸다. ‘그러면 그렇지. 이놈의 세상에 웬 것 남의 사정을 보아 선심 써주는 사 람이 있을 리가 있다. 이 놈이 고무까시를 해 먹자는 게로구나.’ 그는 이렇게 짐작이 들며 쫓겨나지 않는 것은 고마우나 괜히 대답이 나지 않았다. 그러나 만일 반대를 한다면 당장에 쫓겨날 것이고 원주인에게 이 말을 고자질 한다면 패장이 쫓겨날 것이고 패장도 돈에 쪄들이니까 이런 생 각을 한 것이리니 쫓겨난다면 불쌍하고 하니 좌우간 입에 올린 바라 그대로 순종하는 것이 옳다고 생각하였다.\n",
		"passage_Cnt": 875
	},
	"Annotation": {
		"summary1": "원주인에게 이 말을 고자질한다면 패장이 쫓겨날 것이고 반대를 한다면 당장에 쫓겨날 것이니 순종하는 것이 옳다고 생각되었다.",
		"summary2": null,
		"summary3": "그러나 만일 반대를 한다면 당장에 쫓겨날 것이고 원주인에게 이 말을 고자질 한다면 패장이 쫓겨날 것이고 패장도 돈에 쪄들이니까 이런 생 각을 한 것이리니 쫓겨난다면 불쌍하고 하니 좌우간 입에 올린 바라 그대로 순종하는 것이 옳다고 생각하였다.",
		"summary_3_cnt": 135
	}
}