{
	"Meta(Acqusition)": {
		"doc_id": "REPORT-literature-07317",
		"doc_category": "REPORT",
		"doc_type": "literature",
		"doc_name": "낙동강",
		"author": "조명희",
		"publisher": null,
		"publisher_year": null,
		"doc_origin": "저작권위원회"
	},
	"Meta(Refine)": {
		"passage_id": "REPORT-literature-07317-07317",
		"passage": " “내가 이까짓 것을 지금 다 생각할 때가 아니다…… 에잇…… 째…….” 하고 혼자 중얼거리고는 이때껏 하던 생각을 떨어 없애려는 듯이 휙 발길을 돌 려 걸어나 갔다. 그는 원래 정(情)의 사람이었다. 그러나 그는 근래에 그 감정을 의지로 누르려는 노력이 많은 터이다. ‘혁명가는 생무쇠쪽 같은 시퍼런 의지의 마음씨를 가져야 한다!’ 이것이 그의 생활의 지표이다. 그러나 그의 감정은 가끔 의지의 굴레를 벗어나 서 날뛸 때가 많았다.\n그는 먼저 일할 프로그램을 세웠다. 선전, 조직, 투쟁, 이 세 가지로. 그리하 여 그는 먼저 농촌 야학을 설치하여 가지고 농민 교양에 힘을 썼었다. 그네와 감 정을 같이할 양으로 벗어붙이고 들이 덤비어 그네들 틈에 끼여 생일도 하고, 농사 일터나, 사랑구석에 모인 좌석에서나, 야학시간에서나, 기회가 있는 대로 교화에 전력을 썼었다.\n그 다음에는 소작조합을 만들어 가지고 지주, 더구나 대지주인 동척의 횡포와 착취에 대하여 대항운동을 일으켰었다.\n첫해 소작쟁의에는 다소간 희생자도 내었지마는 성공이다. 그 다음 해에는 아주 실패다. 소작조합도 해산명령을 받았다. 노동야학도 금지다. 동척과 관영의 횡포, 압박, 이루 말할 수가 없었다. 아무리 열성이 있으나, 아무리 참을성이 있으나, 이 땅에서는 어찌할 수가 없었다. 모든 것이 침체되고 말 뿐이었다. 그리하여 작 년 가을에 그의 친구 하나는 분연히 떨치고 일어서며, “내 구마 밖으로 갈란다. 여기에서 무슨 일을 할 수 있는가? 하자면 테러지. 테 러밖에는 더 없다.” “아니다, 그래도 여기 있어야 한다. 우리가 우리 계급의 일을 하기 위하여는 중 국에 가서 해도 좋고 인도에 가서 해도 좋고 세계의 어느 나라에 가서 해도 마찬 가지다. 하지마는 우리 경우에는 여기 있어 일하는 편이 가장 편리하다. 그리고 우리는 죽어도 이 땅 사람들과 같이 죽어야 할 책임감과 애착을 가지고 있다.” 이같이 권유도 하였으나, 필경에 그는 그의 가장 신뢰하던 동무 하나를 떠나 보 내게 되고 만 일도 있었다.\n",
		"passage_Cnt": 998
	},
	"Annotation": {
		"summary1": "그는 근래에 정을 억누르고 의지의 마음을 가지려고 노력했지만 가끔 감정이 날뛸 때가 있었으며 세 가지의 프로그램을 세웠고 농민 교양을 위해 힘을 썼었다.",
		"summary2": null,
		"summary3": "그는 원래 정(情)의 사람이었다. 그러나 그는 근래에 그 감정을 의지로 누르려는 노력이 많은 터이다. ‘혁명가는 생무쇠쪽 같은 시퍼런 의지의 마음씨를 가져야 한다!’ 이것이 그의 생활의 지표이다. 그러나 그의 감정은 가끔 의지의 굴레를 벗어나 서 날뛸 때가 많았다. 그는 먼저 일할 프로그램을 세웠다. 선전, 조직, 투쟁, 이 세 가지로. 그리하 여 그는 먼저 농촌 야학을 설치하여 가지고 농민 교양에 힘을 썼었다.",
		"summary_3_cnt": 238
	}
}