{
	"Meta(Acqusition)": {
		"doc_id": "REPORT-literature-07498",
		"doc_category": "REPORT",
		"doc_type": "literature",
		"doc_name": "허영",
		"author": "홍난파",
		"publisher": null,
		"publisher_year": null,
		"doc_origin": "저작권위원회"
	},
	"Meta(Refine)": {
		"passage_id": "REPORT-literature-07498-07498",
		"passage": "옥지 형제의 성묘 공주(公州) 보통 학교에 여교사로 가 있던 옥매는 그 모친의 병환이 위급하다는 전보를 받아 보고 곧 수원 본집으로 돌아왔다. 아 벌써 때가 늦었구 나! 옥지의 어머니는 자기 딸에게 한 마디 말을 부탁한 후 이 세상을 떠났 으므로 지금은 벌써 이 세상 사람이 아니다. 옥지 형제의 슬픔이야 과연 어 떠하였으랴. 서로 붙들고 날 새는 줄을 모르고 통곡했다. 그러나, 아무리 통곡한들 한 번 간 다음에야 어찌할 수 없어서 서로 위로 하고 서로 슬퍼하는 중에 3일 장을 치뤘다. 그 후 한 달이나 되어 옥지 형제 는 성묘차로 어머니의 묘앞에 나아갔다. 이 때까지 아무 것도 모르고 있던 옥매는 청천벽력 같은 그 형의 이상한 말을 듣고 놀라기를 마지 않았다. 그러면 형님은 귀족의 딸이여요? 그렇단다. 나도 지금껏 그런 줄은 몰랐는데 어머님이 돌아가실 때에 유 언하신 말씀을 듣고 알았구나. 본래 나는 이 백작의 딸인데 우리 어머님께 서 내가 3살 먹던 해에 돌아가실 때 또 여러 가지 사정이 있어서 우리 집에 서는 나를 기를 수가 없으므로 우리 아버님께서 너의 어머님에게 맡겨서 기 르게 하셨단다. 옥지는 옥매에게 어머니로부터 들은 사실을 거짓으로 말하고 자기가 옥매 의 처지인 양 이야기를 하였다. 이것도 모르는 옥매는, 형님 너의 어머니라 하시니, 그러면 제 어머니는 형님 어머니가 아니란 말씀이지요? 비록 친어머니가 아니기로 지금까지 같이 있던 정을 생각하더 라도 그렇게 말씀하실 수가 있단 말이오? 이 애, 왜 그리 성을 내고 덤비니. 내가 언제 너의 어머니가 아니라고 하대? 아무리 귀족 아니라 임금의 딸이라도 이때껏 길러 주셨으니 어쨌든 어머니는 어머니지…… 그러지 말고 내 말을 들어 보아라. 그래 어머는께서 맡아 기르실 때에 너와 형제를 정하시고 지금까지 친모녀 형제와 같이 지내 왔다고 하시더라.\n",
		"passage_Cnt": 909
	},
	"Annotation": {
		"summary1": "옥지의 어머니가 이 세상을 떠나고 형제들이 서로를 붙들고 슬퍼하는 위로하는 중에 3일 장을 치렀다.",
		"summary2": null,
		"summary3": "옥지의 어머니는 자기 딸에게 한 마디 말을 부탁한 후 이 세상을 떠났 으므로 지금은 벌써 이 세상 사람이 아니다. 옥지 형제의 슬픔이야 과연 어 떠하였으랴. 서로 붙들고 날 새는 줄을 모르고 통곡했다. 그러나, 아무리 통곡한들 한 번 간 다음에야 어찌할 수 없어서 서로 위로 하고 서로 슬퍼하는 중에 3일 장을 치뤘다. 아 벌써 때가 늦었구 나!",
		"summary_3_cnt": 197
	}
}