{
	"Meta(Acqusition)": {
		"doc_id": "REPORT-literature-07688",
		"doc_category": "REPORT",
		"doc_type": "literature",
		"doc_name": "백조의곡(상)",
		"author": "김내성",
		"publisher": null,
		"publisher_year": null,
		"doc_origin": "저작권위원회"
	},
	"Meta(Refine)": {
		"passage_id": "REPORT-literature-07688-07688",
		"passage": " \"종각 앞에서 그이가 어떤 여자와 만난다구?\" 은주는 보르르 가슴을 떨었다. 은주의 안색이 해말쑥해 졌다. 아침부터 명 랑해 졌던 고만큼 은주의 마음은 어두워 졌다. 들어서는 아니 될 말을 은주 는 들은 것 같았다. \"망할 녀석 같으니! 누가 절더러 그런 얘기꺼정 하랬나?……\" 그 유둘유둘한 목소리를 은주는 나무래는 것이다. 이런 경우에는 어쩌면 좋을가고, 요리 조리 망서리는 습성을 은주는 갖지 못했다. 은주는 부리나케 외출복으로 갈아 입고 양재점샹하이를 뛰쳐 나온 것이다. \"스톱!\" 지나 가는 택시 한 대를 잡아 타면서 \"종각 앞까지 대 지급으로! 삼분에 감 요금은 배를 드려요!\" \"오케! 이 분이면 넉넉하지요.\" 사실 종로 삼 가에서 종각까지는 이 분이면 충분하다. 그러나 한은주는 딴 여자와 만나러 가는 영훈을 굳이 막아 보려는 심경은 아니었다. 어떤 종류의 여자인지, 그것이 은주는 알고 싶었다. \"고 새를 못 참아서 전화를 여러번 걸었다는 여자!\" 그것이 은주는 궁금해 죽을 지경이다. 은주 이외에는 여자 교제가 하나도 없다던 영훈이가 아니었던가. 그래서 다소 괘씸도 했다. \"스톱!\" 화신 앞에서 뛰어 내리기가 바쁘게 은주는 토끼 처럼 깡충 깡충 종각 앞으 로 건너 갔다. 그러나 종각 앞에는 영훈도 보이지 않고 또 영훈을 기다리는 그럴 상 싶은 여자도 보이지 않는다. \"그만 놓쳤네!\" 은주는 발을 동동 굴었다. 운전수에게 삼분의 여유까지 준 것이 후회가 났 다.\n",
		"passage_Cnt": 720
	},
	"Annotation": {
		"summary1": "그가 어떤 여자를 만난다는 말에 명랑했던 은주는 가슴이 떨리며 들어선 안될 말을 들은 것 같아져 외출복으로 갈아입고 양재점샹하이를 뛰쳐나왔다.",
		"summary2": null,
		"summary3": "\"종각 앞에서 그이가 어떤 여자와 만난다구?\" 은주는 보르르 가슴을 떨었다. 아침부터 명 랑해 졌던 고만큼 은주의 마음은 어두워 졌다. 들어서는 아니 될 말을 은주 는 들은 것 같았다. 은주는 부리나케 외출복으로 갈아 입고 양재점샹하이를 뛰쳐 나온 것이다.",
		"summary_3_cnt": 146
	}
}