{
	"Meta(Acqusition)": {
		"doc_id": "REPORT-literature-07313",
		"doc_category": "REPORT",
		"doc_type": "literature",
		"doc_name": "집",
		"author": "채만식",
		"publisher": null,
		"publisher_year": null,
		"doc_origin": "저작권위원회"
	},
	"Meta(Refine)": {
		"passage_id": "REPORT-literature-07313-07313",
		"passage": " “대체, 무슨 뿌로카를 했단 말인고?” “논랑, 산랑, 밭랑! ……” “뉘 걸?” “촌놈들……” “어떻게?” “연줄이 있으 닝개루, 촌놈으루 제 애비 모르게 돈 쓸 놈을 데리구 오거든! 그럼 나는 그놈을 서울루 차각구 가서, 집쑥헌 옘집이다가 처박어 두구서넌…… 그 댐 은 다아 그러구 어쩌구 허머넌……” 이것이 그의 소위 브로커였었다. 나는 속으로 ‘네가 다 늦게 길을 잘못 들었구나!’ 하고, 다시금 물끄러미 얼굴이 치어다보였다. 그렇다면 자갈 깨트리기쯤, 창피보다도 수입이 시쁘듬함직도 했었다. 그러나 그 주변 그 재치에 또 일자무식도 일자무식이려니와, 위인에 반편스럴지 언정 악착하진 않은데, 어쩌다가 그런 못된 궁리가 뚫렸단 말인지. 의뭉한 걸로 는 한몫 붙는지 모르지만. 정색하여 타일렀다. “그 짓일랑 인젠 고만두게?” “웨?” 뻐언하고 묻는 것이었다. “그게 숫제 날부랑당이지 될 말야?” “어찌서?” “남의 자식 꼬여다가, 제 부형 몰래 전답 팔어먹으니, 부랑당보담 더 고약하 지?” “지가 팔어 먹넌 다닝개 중간으서 소개 히여 주구, 구문 따먹넌디 그게 웨 못 써?” “그게 어디, 정당한 매매길래?” “내가 안 허머넌, 다른 놈이 데리구 가서 안 히여먹간디?” “몹쓸 짓으루 생각이 들지 않나? 정녕? “몹쓸 짓은 웨 몹쓸 짓이여? 집 거간이나 광산 거간두, 그럼 죄다 몹쓸 놈이 게?” 둘러다 대는 발명이 아니라 썩 태연한 낯으로 하는 말이였다. 진정 그렇게 인식하고 판단하는 것임에 틀림이 없었다.\n",
		"passage_Cnt": 741
	},
	"Annotation": {
		"summary1": "나는 속으로 네가 위인에 반편스럴지 언정 악착하진 않은데 어쩌다가 그런 못된 궁리가 들었지 하고 다시 얼굴을 쳐다보고 정색하며 타일렀다.",
		"summary2": null,
		"summary3": "나는 속으로 ‘네가 다 늦게 길을 잘못 들었구나!’ 하고, 다시금 물끄러미 얼굴이 치어다보였다. 정색하여 타일렀다. 그러나 그 주변 그 재치에 또 일자무식도 일자무식이려니와, 위인에 반편스럴지 언정 악착하진 않은데, 어쩌다가 그런 못된 궁리가 뚫렸단 말인지.",
		"summary_3_cnt": 146
	}
}