{
	"Meta(Acqusition)": {
		"doc_id": "REPORT-literature-07357",
		"doc_category": "REPORT",
		"doc_type": "literature",
		"doc_name": "정자나무있는 삽화",
		"author": "채만식",
		"publisher": null,
		"publisher_year": null,
		"doc_origin": "저작권위원회"
	},
	"Meta(Refine)": {
		"passage_id": "REPORT-literature-07357-07357",
		"passage": " 치는 대로 돌가루가 푸슬푸슬 떨어져 내리면서 돌을 빠듯이 박혀 들어간 다. 아이들이 연달아 모여들어, 제마다 눈이 휘둥그래가지고, 그러나 천하 신 기한 이 구경을 재미있어 한다. 박첨지는 연신 고함을 치면서 거진 거진 당도해오고, 관수는 돌이 반이나 박히자 손에 돌을 아래로 내려뜨리고서 올라간 때처럼 나무를 안고 내려온 다. 갑쇠 이하 모두 한숨을 몰아 내쉰다. 술술 미끄러져 내려오니까, 올라가기보다는 훨씬 수월하고, 다 내려와서 마악 돌아서려는 참인데, 겨우 씨근버근 달려든 박첨지가 짚고 온 지팡이 로, 네 이놈! 하면서 관수의 볼기짝을 따악 갈긴다. 관수는, 아이구 아얏! 하면서 깡총 뛰어 돌려다보고 빈들빈들 웃다가 박첨 지가 재차 지팡이를 둘러메니까, 저편으로 겅중겅중 뛰어 달아난다. 구경하 던 아이들이 재그르르 웃는다. 박첨지는 죽자꾸나, 이놈 이 못된 놈 그 나무가 어떤 나무라구, 가지 하나 만 손을 대어도 동티가 나는데, 네놈은 뒤어져도 상관 없지만, 동네까지 그 앙화가 미치면 어떻게 하라느냐고, 욕에 꾸중에 왜장을 치면서 관수를 쫓아 다닌다. 관수는 피하기가 성가시어, 구럭이야 함지야 쾡이를 걷어 들고, 논틀로 해 서 봇둑께로 도망질을 친다. 나무를 채 다 올라가지도 못해서 동티를 맞아 사지가 오그라져 가지고 굴 러 떨어지든지, 천년 묵은 구렁이한테 물려 직사를 하든지 하려니만 했던 관 수가, 터럭 한낱 까딱도 않고 저렇게 멀쩡해서 뛰어가는 것을, 넋이 나간 듯 벙벙해 바라보고 않았던 갑쇠며 일꾼들은, 그가 무사했을 순간 안도의 한숨을 내쉰 것은 어디로 가고 빗나간 기대에 실망을 느끼는 한편 인제 생 각하니 매우 소중한 것인데, 제네들의 ‘지킴’이야 동티야 천년 묵은 구렁 이야 하는 정자나무에 대하여 지녔던 자랑스런 믿음(그것은 적실히 믿음이 다) 그 믿음이 하루 아침에 침노를 받자, 그만 저기 어디 썩은 울타리 쓰러 지듯 아무 것도 아닌 게 뻐언하니 드러나고 만 것이 허망하기 이를 데가 없 고, 나아가서는 그것이 원통하고 분하기까지 했다. 그리하여 그들은 마침 내, 뭘, 사람을 궂히고서 삼 년이나 전 중이를 산 흉한한 놈이니, 그렇기도 할 테지야고, 그새까지보다도 관수를 더 지독한 놈으로 모든 것으로써 앙갚 음과 위로를 삼았다.\n",
		"passage_Cnt": 1106
	},
	"Annotation": {
		"summary1": "나무를 안고 내려오는 관수를 보고 박첨지는 쫓아다니며 왜장을 쳤다.",
		"summary2": null,
		"summary3": "박첨지는 연신 고함을 치면서 거진 거진 당도해오고, 관수는 돌이 반이나 박히자 손에 돌을 아래로 내려뜨리고서 올라간 때처럼 나무를 안고 내려온 다. 박첨지는 죽자꾸나, 이놈 이 못된 놈 그 나무가 어떤 나무라구, 가지 하나 만 손을 대어도 동티가 나는데, 네놈은 뒤어져도 상관 없지만, 동네까지 그 앙화가 미치면 어떻게 하라느냐고, 욕에 꾸중에 왜장을 치면서 관수를 쫓아 다닌다.",
		"summary_3_cnt": 213
	}
}