{
	"Meta(Acqusition)": {
		"doc_id": "REPORT-literature-07480",
		"doc_category": "REPORT",
		"doc_type": "literature",
		"doc_name": "모색",
		"author": "채만식",
		"publisher": null,
		"publisher_year": null,
		"doc_origin": "저작권위원회"
	},
	"Meta(Refine)": {
		"passage_id": "REPORT-literature-07480-07480",
		"passage": " 상수는 그러므로 이번 길이 불원간 신부가 될 애인 옥초를 영접하는 경의를 표 할겸 재촉하여 데리고 갈 겸 매우 감격하고 축하스런 걸음인 만큼 허위단심 찾 아 올라온 신부자리 애인의 행방을 놓치고서 한바탕 애를 태우고 쩔쩔맸다는 것 쯤 옛날 풍속의 ‘댕기풀이’로 발바닥 몇 대 맞은 셈만 치면 그만일 뿐 아니라 유쾌한 화제가 뒤에 남으니 오히려 이문이라고는 할 수가 있을 것이었었다. “……그래 뭣이냐 서울 당도하기는 벌써 그저끼 아침에 당도를 했는데 글쎄 학 교 기숙사루 찾아가니깐 아 빈탕이겠지! 허허허허.” “수고 하섰군요! 앨 쓰구 찾으시느라구……” 이 치하의 대답을 그의 눈초리로 입가로 떠오르는 비양스런 미소와 아울러 새김 질을 한다면 ‘대체 무슨 그리 긴한 소간이 있다고 그다지 들레고 다니면서 나를 찾더란 말 이냐.’ 는 박절한 구박임을 알아차렸을 것이나 요행 상수에게는 그런 것에다가 낭비를 할 신경의 여유는 자못 적었던 것이다. “하! 수고면 약간한 수고던가?…… 아 글쎄 어떻게 들이 헐떡거리고 돌아댕겼 다구! 그래두 영 아는 장사가 있어야지?…… 글쎄 막상 모르는 노릇이니 경식군 더러라두 한 번 물어보구서 떠났으면 좋았을 게 아니야, 허허……” 경식은 고향에 있는 옥초의 오라버니다. 옥초는 주인된 도리가 늦어감을 잊었던 것은 아니나 흔연히 마음이 내키지를 않아서 주저주저하던 것인데 그렇다고 영 몰인사하잘 수도 없고, 하릴없이 그 주체스런 생철통이를 방으로 청해 들인다.\n",
		"passage_Cnt": 726
	},
	"Annotation": {
		"summary1": "상수는 댕기풀이로 발바닥 몇 대 맞은 셈 치면 그만일 뿐이었다.",
		"summary2": null,
		"summary3": "상수는 그러므로 이번 길이 불원간 신부가 될 애인 옥초를 영접하는 경의를 표 할겸 재촉하여 데리고 갈 겸 매우 감격하고 축하스런 걸음인 만큼 허위단심 찾 아 올라온 신부자리 애인의 행방을 놓치고서 한바탕 애를 태우고 쩔쩔맸다는 것 쯤 옛날 풍속의 ‘댕기풀이’로 발바닥 몇 대 맞은 셈만 치면 그만일 뿐 아니라 유쾌한 화제가 뒤에 남으니 오히려 이문이라고는 할 수가 있을 것이었었다.",
		"summary_3_cnt": 213
	}
}