{
	"Meta(Acqusition)": {
		"doc_id": "REPORT-literature-07308",
		"doc_category": "REPORT",
		"doc_type": "literature",
		"doc_name": "닭 (괄말약(郭沫若))",
		"author": "이명선",
		"publisher": null,
		"publisher_year": null,
		"doc_origin": "저작권위원회"
	},
	"Meta(Refine)": {
		"passage_id": "REPORT-literature-07308-07308",
		"passage": "(없어젔든 닭이 돌어온 것이 안일까?) 이러한 생각이 뇌신경 중추에 떠오르자마자 벌서 소리가 먼저 나왔다.\n─ 파오(博[作者[작자]의 아들의 일홈])! 너 좀 가봐라. 닭이 돌아왔나보 다.\n나는 옆방에서 들창문을 열고 있는 둘재 아이한테 일렀다.\n─ 그럴 리 없어요. 그전부터 한 마리 있어요.\n아파오(阿博)는 주저하지 않고 대답하얐다. 그 애는 벌서 그 닭을 보고 있 었던 모양이다.\n─ 그전부터 있는 것은 좀 누리께 하고 털도 저렇게 반지르하지 않을 게 다.\n나는 여전히 나의 생각을 주장하얐다.\n연다러 넷 게집아이 슈쓰(淑子)도 모기장 속에서 기어 나와 나 있는 데로 쫓어왔다.\n─ 어듸요? 흰 닭이요? 일변 두 손으로 눈을 비비며 일번 물었다. 그리하야 그 닭을 보드니 아파 오와 마찬가지 소리를 한다. 그럴 리가 없고 흰 닭은 그전부터 있는 것이 라 한다.\n─ 아이들은 나와 의견에는 모두 반대하며 하나도 가 볼려고 하지 안는다.\n내 자신도 그냥 들창문을 열고 있었다.\n얼굴에다가 거멍 칠을 한 안나가 머리도 푼 채 맨발로 후면 서북 편 부엌 에서 앞뜰로 돌아 나왔다. 그는 바로 닭ㅅ장 앞에 머춤하니 슨 채 좀 머리를 기웃둥거린다.\n─ 그렇지? 나는 마루에 멀지간이 서서 물었다.\n그는 대답을 하지 않은 것 같다. 혹은 대답한 소리가 적어서 반 귀먹어리 인[作者[작자]는 가는 귀가 먹었다.] 내 귀에 들어오지 않었는 지도 모른 다. 그러나 그는 돌아서서 우리 있는 데로 와서 몹시 이상하다는 듯이 말하 얐다. “아이 참말로 그 닭이오!” 이 놀라온 소식은 곧 쫙 퍼저서 아이들은 모다 헐러벨덕 하고 닭을 보러 몰려갔다.\n",
		"passage_Cnt": 803
	},
	"Annotation": {
		"summary1": "나는 아이들에게 닭이 돌아왔나 보다고 말했지만 아이들은 원래 있던 것이라며 보려고 하지 않았다.",
		"summary2": null,
		"summary3": "너 좀 가봐라. 닭이 돌아왔나보 다. 나는 옆방에서 들창문을 열고 있는 둘재 아이한테 일렀다. 그리하야 그 닭을 보드니 아파 오와 마찬가지 소리를 한다. 그럴 리가 없고 흰 닭은 그전부터 있는 것이 라 한다. ─ 아이들은 나와 의견에는 모두 반대하며 하나도 가 볼려고 하지 안는다.",
		"summary_3_cnt": 160
	}
}