{
	"Meta(Acqusition)": {
		"doc_id": "REPORT-literature-07217",
		"doc_category": "REPORT",
		"doc_type": "literature",
		"doc_name": "화분",
		"author": "이효석",
		"publisher": null,
		"publisher_year": null,
		"doc_origin": "저작권위원회"
	},
	"Meta(Refine)": {
		"passage_id": "REPORT-literature-07217-07217",
		"passage": "영훈을 생각하는 것은 별것 아니라 수녀가 주를 원하는 바로 그 마음이었 다. 상처 있는 몸으로 그를 생각하고 사랑하지 못할 법은 없을 것이며 상처 가 있으므로 더욱 그를 바라고 붙잡을 특권이 있는 것이 아닐까. 주인 없는 방을 독차지하고 문을 걸고 오는 사람들을 따버리는 것이 그로서는 불측한 짓으로 여겨지지 않고 차차 당연한 것같이 느껴지는 것이었다. 별장에서는 단주와 만태를 맞이하게 되자 두 사람씩이나 인물들이 변한 까닭에 기분들이 일신되고 기풍이 새로워졌다. 죽석에게는 만태로 해서 비 로소 피서의 의미와 생활의 기쁨이 생겼고 세란에게는 단주는처음부터 원 하던 인물이어서 두 사람은 함께 새날을 맞이한 것 같았다. 피서가 시들해 지던 것이 다시 흥을 띠어가고 만태가 풍족하게 가지고 온 양식이니 술이니 하는 것으로 핍박해 가던 살림도 풍성해 갔다. 죽석이 흡사 가제 시집온 신 부같이 만태를 대할 때 세란도 전에 없던 기쁨으로 단주를 맞은 것은 사실 이었다. 두 쌍의 부부같이 이야기하고 웃고 놀고 눈에 보이지 않는 곳에서 도 세란과 단주 역시 죽석들 부부의 형식을 본받았다. 세란은 단주를 꼬집 으면서 집에서 성하게 지냈느냐고 옥녀를 다치지 않고 제대로 점잖게 지냈 느냐고 족치면 단주는 아우성을 치면서 고개를 절레절레 흔든다. 정말, 정 말이지, 만약 건드렸다면 그대로는 안둘 테야, 둘 다 내쫓을걸. 더욱 족치 면 단주는 얼굴이 파랗게 질려 가면서, 그까짓 옥녀가 무어게 누가 그까짓, 펄펄펄 뛰면서 무릎을 쥐고 도는 것이었다. 요란한 소리에 만태들은 방문을 비끔히 열고 세란들의 방 쪽을 건너다 보면서 눈살을 찌푸리고, 일은 났어 집에다 공연한 족제비들을 기르다 현마 망신할 날두 멀지 않았지, 쓸데없이 첩은 왜 두구 미소년은 왜 사랑하는 거야, 아무리 지각없는 것들이기루 환 장을 한 셈이지 자기들을 길러주는 주인의 눈을 속여 그래 저렇게까지 농탕 을 칠 법이 있단 말인가 하면서 아내 죽석에게 몸서리를 쳐 보였다. 세란의 열정은 날이 갈수록 더해만 가서 단주는 무더운 정염에 둘러싸이고 있을 때 에는 일신의 뼈끝에서 푸른 불꽃이 날리는 듯한 피로감이 나고 문득 독약 냄새를 코 끝에 맡은 것 같은 착각이 생겼다. 옥녀에게서도 같은 것을 느끼 던 판에 이번의 피서는 일종의 도피행인 것이었으나 세란에게서 또다시 전 날의 연속을 당하고 날 때 생각나는 것은 미란뿐이었다. 이번 걸음도 미란 을 만나자는 것이 큰 목적이던 것이 와 보니 그의 자태는 어디론지 빠져 버 렸던 것이다. 세란들의 불충분한 설명으로는 그가 대체 집으로 간 것인지 어쩐지 조차도 추측할 수 없어서 도리어 근심을 산 셈으로 날마다 생각나는 것이 그였다. 그렇다고 세란의 체면 앞에서는 오던 길로 다시 돌아설 수도 없는 노릇이어서 우울한 시간이 많았다. 수선스런 별장안의 공기를 떠나서 는 홀로 길을 거닐고 개울가에 나가는 때가 늘었다.\n",
		"passage_Cnt": 1411
	},
	"Annotation": {
		"summary1": "세란과 단주가 아우성을 치는 요란한 소리에 만태들은 방문을 열어 세란들의 방 쪽을 건너다보며 아내 죽석에게 몸서리를 쳤다.",
		"summary2": null,
		"summary3": "요란한 소리에 만태들은 방문을 비끔히 열고 세란들의 방 쪽을 건너다 보면서 눈살을 찌푸리고, 일은 났어 집에다 공연한 족제비들을 기르다 현마 망신할 날두 멀지 않았지, 쓸데없이 첩은 왜 두구 미소년은 왜 사랑하는 거야, 아무리 지각없는 것들이기루 환 장을 한 셈이지 자기들을 길러주는 주인의 눈을 속여 그래 저렇게까지 농탕 을 칠 법이 있단 말인가 하면서 아내 죽석에게 몸서리를 쳐 보였다. 세란은 단주를 꼬집 으면서 집에서 성하게 지냈느냐고 옥녀를 다치지 않고 제대로 점잖게 지냈 느냐고 족치면 단주는 아우성을 치면서 고개를 절레절레 흔든다.",
		"summary_3_cnt": 305
	}
}